stimPosit,correction,hand,RT,congruency,trial_index,respPosit,prop,condition,error_outlier,postError,nblock,nblock_1,nblock_2,nblock_3,nblock_4,nblock_5,nblock_6,nblock_7,nblock_8,nblock_9,nblock_10,nblock_11,nblock_12,nblock_13
0,1,0,722.1,1,1,0,80,1,0,0,1,1,0,0,0,0,0,0,0,0,0,0,0,0
1,1,1,455.2,1,2,1,80,1,0,0,1,1,0,0,0,0,0,0,0,0,0,0,0,0
1,1,0,436.3,0,3,0,80,1,0,0,1,1,0,0,0,0,0,0,0,0,0,0,0,0
1,1,1,429.1,1,4,1,80,1,0,0,1,1,0,0,0,0,0,0,0,0,0,0,0,0
1,1,1,444,1,5,1,80,1,0,0,1,1,0,0,0,0,0,0,0,0,0,0,0,0
0,1,0,481.2,1,6,0,80,1,0,0,1,1,0,0,0,0,0,0,0,0,0,0,0,0
1,1,0,430.2,0,7,0,80,1,0,0,1,1,0,0,0,0,0,0,0,0,0,0,0,0
1,1,0,451,0,8,0,80,1,0,0,1,1,0,0,0,0,0,0,0,0,0,0,0,0
0,1,0,464.1,1,9,0,80,1,0,0,1,1,0,0,0,0,0,0,0,0,0,0,0,0
0,1,0,411,1,10,0,80,1,0,0,1,1,0,0,0,0,0,0,0,0,0,0,0,0
1,1,1,415.9,1,11,1,80,1,0,0,1,1,0,0,0,0,0,0,0,0,0,0,0,0
0,1,0,423,1,12,0,80,1,0,0,1,1,0,0,0,0,0,0,0,0,0,0,0,0
0,1,0,387.8,1,13,0,80,1,0,0,1,1,0,0,0,0,0,0,0,0,0,0,0,0
1,1,1,400.8,1,14,1,80,1,0,0,1,1,0,0,0,0,0,0,0,0,0,0,0,0
0,1,1,1150.1,0,15,1,80,1,2,0,1,1,0,0,0,0,0,0,0,0,0,0,0,0
0,1,0,524.7,1,16,0,80,1,0,0,1,1,0,0,0,0,0,0,0,0,0,0,0,0
1,1,1,395.8,1,17,1,80,1,0,0,1,1,0,0,0,0,0,0,0,0,0,0,0,0
1,1,1,340.7,1,18,1,80,1,0,0,1,1,0,0,0,0,0,0,0,0,0,0,0,0
1,1,1,345.7,1,19,1,80,1,0,0,1,1,0,0,0,0,0,0,0,0,0,0,0,0
1,1,1,808.6,1,20,1,80,1,0,0,1,1,0,0,0,0,0,0,0,0,0,0,0,0
1,1,1,385.7,1,21,1,80,1,0,0,1,1,0,0,0,0,0,0,0,0,0,0,0,0
0,1,1,464.7,0,22,1,80,1,0,0,1,1,0,0,0,0,0,0,0,0,0,0,0,0
0,1,1,427.7,0,23,1,80,1,0,0,1,1,0,0,0,0,0,0,0,0,0,0,0,0
1,1,1,360.5,1,24,1,80,1,0,0,1,1,0,0,0,0,0,0,0,0,0,0,0,0
1,1,1,343.5,1,25,1,80,1,0,0,1,1,0,0,0,0,0,0,0,0,0,0,0,0
1,1,1,340.7,1,26,1,80,1,0,0,1,1,0,0,0,0,0,0,0,0,0,0,0,0
1,1,1,369.7,1,27,1,80,1,0,0,1,1,0,0,0,0,0,0,0,0,0,0,0,0
0,1,0,390.7,1,28,0,80,1,0,0,1,1,0,0,0,0,0,0,0,0,0,0,0,0
0,1,1,473.5,0,29,1,80,1,0,0,1,1,0,0,0,0,0,0,0,0,0,0,0,0
0,1,0,448.6,1,30,0,80,1,0,0,1,1,0,0,0,0,0,0,0,0,0,0,0,0
0,1,0,689.5,1,31,0,80,1,0,0,1,1,0,0,0,0,0,0,0,0,0,0,0,0
0,1,0,386.4,1,32,0,80,1,0,0,1,1,0,0,0,0,0,0,0,0,0,0,0,0
0,1,0,353.3,1,33,0,80,1,0,0,1,1,0,0,0,0,0,0,0,0,0,0,0,0
1,1,0,380.5,0,34,0,80,1,0,0,1,1,0,0,0,0,0,0,0,0,0,0,0,0
0,1,0,395.4,1,35,0,80,1,0,0,1,1,0,0,0,0,0,0,0,0,0,0,0,0
1,1,1,390.2,1,36,1,80,1,0,0,1,1,0,0,0,0,0,0,0,0,0,0,0,0
0,1,0,373.2,1,37,0,80,1,0,0,1,1,0,0,0,0,0,0,0,0,0,0,0,0
0,1,0,338.3,1,38,0,80,1,0,0,1,1,0,0,0,0,0,0,0,0,0,0,0,0
1,1,1,387.3,1,39,1,80,1,0,0,1,1,0,0,0,0,0,0,0,0,0,0,0,0
0,1,0,456.2,1,40,0,80,1,0,0,1,1,0,0,0,0,0,0,0,0,0,0,0,0
0,1,1,503.1,0,41,1,80,1,0,0,1,1,0,0,0,0,0,0,0,0,0,0,0,0
1,1,0,532.1,0,42,0,80,1,0,0,1,1,0,0,0,0,0,0,0,0,0,0,0,0
1,1,0,381.1,0,43,0,80,1,0,0,1,1,0,0,0,0,0,0,0,0,0,0,0,0
1,1,1,482.1,1,44,1,80,1,0,0,1,1,0,0,0,0,0,0,0,0,0,0,0,0
0,1,0,471.2,1,45,0,80,1,0,0,1,1,0,0,0,0,0,0,0,0,0,0,0,0
0,1,1,476.2,0,46,1,80,1,0,0,1,1,0,0,0,0,0,0,0,0,0,0,0,0
1,1,1,377.3,1,47,1,80,1,0,0,1,1,0,0,0,0,0,0,0,0,0,0,0,0
0,1,0,396,1,48,0,80,1,0,0,1,1,0,0,0,0,0,0,0,0,0,0,0,0
1,1,0,453,0,49,0,80,1,0,0,1,1,0,0,0,0,0,0,0,0,0,0,0,0
0,1,0,368,1,50,0,80,1,0,0,1,1,0,0,0,0,0,0,0,0,0,0,0,0
0,1,0,362.9,1,51,0,80,1,0,0,1,1,0,0,0,0,0,0,0,0,0,0,0,0
0,1,0,362,1,52,0,80,1,0,0,1,1,0,0,0,0,0,0,0,0,0,0,0,0
1,1,1,428.8,1,53,1,80,1,0,0,1,1,0,0,0,0,0,0,0,0,0,0,0,0
0,1,1,427.8,0,54,1,80,1,0,0,1,1,0,0,0,0,0,0,0,0,0,0,0,0
1,1,1,432.8,1,55,1,80,1,0,0,1,1,0,0,0,0,0,0,0,0,0,0,0,0
0,1,0,407.9,1,56,0,80,1,0,0,1,1,0,0,0,0,0,0,0,0,0,0,0,0
1,1,1,414.8,1,57,1,80,1,0,0,1,1,0,0,0,0,0,0,0,0,0,0,0,0
1,1,1,435.7,1,58,1,80,1,0,0,1,1,0,0,0,0,0,0,0,0,0,0,0,0
0,1,0,362.8,1,59,0,80,1,0,0,1,1,0,0,0,0,0,0,0,0,0,0,0,0
1,1,1,421.7,1,60,1,80,1,0,0,1,1,0,0,0,0,0,0,0,0,0,0,0,0
1,1,1,858.6,1,61,1,80,1,2,0,1,1,0,0,0,0,0,0,0,0,0,0,0,0
0,1,0,465.6,1,62,0,80,1,0,0,1,1,0,0,0,0,0,0,0,0,0,0,0,0
0,1,0,688.6,1,63,0,80,1,0,0,1,1,0,0,0,0,0,0,0,0,0,0,0,0
1,1,1,321.5,1,64,1,80,1,0,0,1,1,0,0,0,0,0,0,0,0,0,0,0,0
1,1,1,374.6,1,65,1,80,1,0,0,1,1,0,0,0,0,0,0,0,0,0,0,0,0
1,1,1,325.5,1,66,1,80,1,0,0,1,1,0,0,0,0,0,0,0,0,0,0,0,0
0,1,0,386.5,1,67,0,80,1,0,0,1,1,0,0,0,0,0,0,0,0,0,0,0,0
1,1,1,369.5,1,68,1,80,1,0,0,1,1,0,0,0,0,0,0,0,0,0,0,0,0
0,1,0,382.5,1,69,0,80,1,0,0,1,1,0,0,0,0,0,0,0,0,0,0,0,0
0,1,0,387.5,1,70,0,80,1,0,0,1,1,0,0,0,0,0,0,0,0,0,0,0,0
0,1,0,472.5,1,71,0,80,1,0,0,1,1,0,0,0,0,0,0,0,0,0,0,0,0
1,1,0,567.5,0,72,0,80,1,0,0,1,1,0,0,0,0,0,0,0,0,0,0,0,0
0,1,1,388.4,0,73,1,80,1,0,0,1,1,0,0,0,0,0,0,0,0,0,0,0,0
1,1,1,441.4,1,74,1,80,1,0,0,1,1,0,0,0,0,0,0,0,0,0,0,0,0
0,1,0,434.5,1,75,0,80,1,0,0,1,1,0,0,0,0,0,0,0,0,0,0,0,0
1,1,1,361.3,1,76,1,80,1,0,0,1,1,0,0,0,0,0,0,0,0,0,0,0,0
0,1,0,370.5,1,77,0,80,1,0,0,1,1,0,0,0,0,0,0,0,0,0,0,0,0
1,1,1,385.4,1,78,1,80,1,0,0,1,1,0,0,0,0,0,0,0,0,0,0,0,0
1,1,1,358.2,1,79,1,80,1,0,0,1,1,0,0,0,0,0,0,0,0,0,0,0,0
0,1,0,387.2,1,80,0,80,1,0,0,1,1,0,0,0,0,0,0,0,0,0,0,0,0
1,1,1,516.2,1,81,1,80,1,0,0,1,1,0,0,0,0,0,0,0,0,0,0,0,0
1,1,1,401.2,1,82,1,80,1,0,0,1,1,0,0,0,0,0,0,0,0,0,0,0,0
1,1,0,1056.3,0,83,0,80,1,2,0,1,1,0,0,0,0,0,0,0,0,0,0,0,0
0,1,0,453.1,1,84,0,80,1,0,0,1,1,0,0,0,0,0,0,0,0,0,0,0,0
1,1,0,390.3,0,85,0,80,1,0,0,1,1,0,0,0,0,0,0,0,0,0,0,0,0
1,1,1,437.1,1,86,1,80,1,0,0,1,1,0,0,0,0,0,0,0,0,0,0,0,0
0,1,1,594.2,0,87,1,80,1,0,0,1,1,0,0,0,0,0,0,0,0,0,0,0,0
0,1,0,389,1,88,0,80,1,0,0,1,1,0,0,0,0,0,0,0,0,0,0,0,0
1,1,1,551.9,1,89,1,80,1,0,0,1,1,0,0,0,0,0,0,0,0,0,0,0,0
1,1,1,812.9,1,90,1,80,1,0,0,1,1,0,0,0,0,0,0,0,0,0,0,0,0
0,1,0,627.9,1,91,0,80,1,0,0,1,1,0,0,0,0,0,0,0,0,0,0,0,0
0,1,0,404.9,1,92,0,80,1,0,0,1,1,0,0,0,0,0,0,0,0,0,0,0,0
1,1,1,385.9,1,93,1,80,1,0,0,1,1,0,0,0,0,0,0,0,0,0,0,0,0
1,1,0,434.9,0,94,0,80,1,0,0,1,1,0,0,0,0,0,0,0,0,0,0,0,0
0,1,0,544,1,95,0,80,1,0,0,1,1,0,0,0,0,0,0,0,0,0,0,0,0
1,1,1,441,1,96,1,80,1,0,0,1,1,0,0,0,0,0,0,0,0,0,0,0,0
1,1,1,375.8,1,97,1,80,1,0,0,1,1,0,0,0,0,0,0,0,0,0,0,0,0
0,1,0,622.7,1,98,0,80,1,0,0,1,1,0,0,0,0,0,0,0,0,0,0,0,0
0,1,0,389.7,1,99,0,80,1,0,0,1,1,0,0,0,0,0,0,0,0,0,0,0,0
1,1,1,394.8,1,100,1,80,1,0,0,1,1,0,0,0,0,0,0,0,0,0,0,0,0
1,1,1,379.8,1,101,1,80,1,0,0,1,1,0,0,0,0,0,0,0,0,0,0,0,0
0,1,0,384.9,1,102,0,80,1,0,0,1,1,0,0,0,0,0,0,0,0,0,0,0,0
0,1,0,471.8,1,103,0,80,1,0,0,1,1,0,0,0,0,0,0,0,0,0,0,0,0
0,1,0,548.8,1,104,0,80,1,0,0,1,1,0,0,0,0,0,0,0,0,0,0,0,0
1,1,1,399.5,1,105,1,80,1,0,0,1,1,0,0,0,0,0,0,0,0,0,0,0,0
0,1,0,526.5,1,106,0,80,1,0,0,1,1,0,0,0,0,0,0,0,0,0,0,0,0
1,1,1,387.8,1,107,1,80,1,0,0,1,1,0,0,0,0,0,0,0,0,0,0,0,0
0,1,1,454.6,0,108,1,80,1,0,0,1,1,0,0,0,0,0,0,0,0,0,0,0,0
0,1,0,403.5,1,109,0,80,1,0,0,1,1,0,0,0,0,0,0,0,0,0,0,0,0
0,1,1,456.5,0,110,1,80,1,0,0,1,1,0,0,0,0,0,0,0,0,0,0,0,0
1,1,1,349.6,1,111,1,80,1,0,0,1,1,0,0,0,0,0,0,0,0,0,0,0,0
1,1,1,356.5,1,112,1,80,1,0,0,1,1,0,0,0,0,0,0,0,0,0,0,0,0
1,1,1,383.5,1,113,1,80,1,0,0,1,1,0,0,0,0,0,0,0,0,0,0,0,0
0,1,0,590.4,1,114,0,80,1,0,0,1,1,0,0,0,0,0,0,0,0,0,0,0,0
0,1,1,475.4,0,115,1,80,1,0,0,1,1,0,0,0,0,0,0,0,0,0,0,0,0
0,1,0,548.3,1,116,0,80,1,0,0,1,1,0,0,0,0,0,0,0,0,0,0,0,0
0,1,0,451.3,1,117,0,80,1,0,0,1,1,0,0,0,0,0,0,0,0,0,0,0,0
0,1,0,466.3,1,118,0,80,1,0,0,1,1,0,0,0,0,0,0,0,0,0,0,0,0
1,1,0,431.4,0,119,0,80,1,0,0,1,1,0,0,0,0,0,0,0,0,0,0,0,0
1,1,1,468.2,1,120,1,80,1,0,0,1,1,0,0,0,0,0,0,0,0,0,0,0,0
0,1,1,433.2,0,121,1,20,1,0,0,2,0,1,0,0,0,0,0,0,0,0,0,0,0
1,1,0,648.1,0,122,0,20,1,0,0,2,0,1,0,0,0,0,0,0,0,0,0,0,0
1,1,0,413.2,0,123,0,20,1,0,0,2,0,1,0,0,0,0,0,0,0,0,0,0,0
1,1,0,450.3,0,124,0,20,1,0,0,2,0,1,0,0,0,0,0,0,0,0,0,0,0
1,1,0,371.2,0,125,0,20,1,0,0,2,0,1,0,0,0,0,0,0,0,0,0,0,0
0,1,1,464.1,0,126,1,20,1,0,0,2,0,1,0,0,0,0,0,0,0,0,0,0,0
0,1,1,467,0,127,1,20,1,0,0,2,0,1,0,0,0,0,0,0,0,0,0,0,0
0,1,1,498.2,0,128,1,20,1,0,0,2,0,1,0,0,0,0,0,0,0,0,0,0,0
0,1,1,503,0,129,1,20,1,0,0,2,0,1,0,0,0,0,0,0,0,0,0,0,0
1,1,0,510.1,0,130,0,20,1,0,0,2,0,1,0,0,0,0,0,0,0,0,0,0,0
1,1,0,382.9,0,131,0,20,1,0,0,2,0,1,0,0,0,0,0,0,0,0,0,0,0
0,1,1,515.9,0,132,1,20,1,0,0,2,0,1,0,0,0,0,0,0,0,0,0,0,0
1,1,0,570.8,0,133,0,20,1,0,0,2,0,1,0,0,0,0,0,0,0,0,0,0,0
1,1,0,443.8,0,134,0,20,1,0,0,2,0,1,0,0,0,0,0,0,0,0,0,0,0
0,1,0,378.9,1,135,0,20,1,0,0,2,0,1,0,0,0,0,0,0,0,0,0,0,0
0,1,1,433.9,0,136,1,20,1,0,0,2,0,1,0,0,0,0,0,0,0,0,0,0,0
0,1,1,414.8,0,137,1,20,1,0,0,2,0,1,0,0,0,0,0,0,0,0,0,0,0
1,1,0,385.7,0,138,0,20,1,0,0,2,0,1,0,0,0,0,0,0,0,0,0,0,0
1,1,0,380.6,0,139,0,20,1,0,0,2,0,1,0,0,0,0,0,0,0,0,0,0,0
1,1,0,427.6,0,140,0,20,1,0,0,2,0,1,0,0,0,0,0,0,0,0,0,0,0
0,1,1,514.6,0,141,1,20,1,0,0,2,0,1,0,0,0,0,0,0,0,0,0,0,0
0,1,1,787.6,0,142,1,20,1,0,0,2,0,1,0,0,0,0,0,0,0,0,0,0,0
1,1,0,448.5,0,143,0,20,1,0,0,2,0,1,0,0,0,0,0,0,0,0,0,0,0
1,1,0,429.5,0,144,0,20,1,0,0,2,0,1,0,0,0,0,0,0,0,0,0,0,0
0,1,1,506.5,0,145,1,20,1,0,0,2,0,1,0,0,0,0,0,0,0,0,0,0,0
0,1,0,381.6,1,146,0,20,1,0,0,2,0,1,0,0,0,0,0,0,0,0,0,0,0
1,1,0,400.4,0,147,0,20,1,0,0,2,0,1,0,0,0,0,0,0,0,0,0,0,0
0,1,1,517.4,0,148,1,20,1,0,0,2,0,1,0,0,0,0,0,0,0,0,0,0,0
0,1,0,428.4,1,149,0,20,1,0,0,2,0,1,0,0,0,0,0,0,0,0,0,0,0
1,1,1,425.7,1,150,1,20,1,0,0,2,0,1,0,0,0,0,0,0,0,0,0,0,0
0,1,1,494.4,0,151,1,20,1,0,0,2,0,1,0,0,0,0,0,0,0,0,0,0,0
1,1,1,1021.5,1,152,1,20,1,2,0,2,0,1,0,0,0,0,0,0,0,0,0,0,0
1,1,0,534.5,0,153,0,20,1,0,0,2,0,1,0,0,0,0,0,0,0,0,0,0,0
0,1,0,509.3,1,154,0,20,1,0,0,2,0,1,0,0,0,0,0,0,0,0,0,0,0
0,1,1,466.3,0,155,1,20,1,0,0,2,0,1,0,0,0,0,0,0,0,0,0,0,0
0,1,1,475.3,0,156,1,20,1,0,0,2,0,1,0,0,0,0,0,0,0,0,0,0,0
1,1,1,400.4,1,157,1,20,1,0,0,2,0,1,0,0,0,0,0,0,0,0,0,0,0
1,1,0,429.4,0,158,0,20,1,0,0,2,0,1,0,0,0,0,0,0,0,0,0,0,0
0,1,1,442.2,0,159,1,20,1,0,0,2,0,1,0,0,0,0,0,0,0,0,0,0,0
1,1,1,367.1,1,160,1,20,1,0,0,2,0,1,0,0,0,0,0,0,0,0,0,0,0
0,1,1,732.6,0,161,1,20,1,0,0,2,0,1,0,0,0,0,0,0,0,0,0,0,0
0,1,1,469.5,0,162,1,20,1,0,0,2,0,1,0,0,0,0,0,0,0,0,0,0,0
0,1,1,410.6,0,163,1,20,1,0,0,2,0,1,0,0,0,0,0,0,0,0,0,0,0
1,1,0,367.6,0,164,0,20,1,0,0,2,0,1,0,0,0,0,0,0,0,0,0,0,0
0,1,1,468.4,0,165,1,20,1,0,0,2,0,1,0,0,0,0,0,0,0,0,0,0,0
1,1,0,401.5,0,166,0,20,1,0,0,2,0,1,0,0,0,0,0,0,0,0,0,0,0
1,1,0,426.4,0,167,0,20,1,0,0,2,0,1,0,0,0,0,0,0,0,0,0,0,0
1,1,1,895.5,1,168,1,20,1,2,0,2,0,1,0,0,0,0,0,0,0,0,0,0,0
0,1,1,452.4,0,169,1,20,1,0,0,2,0,1,0,0,0,0,0,0,0,0,0,0,0
0,1,1,417.3,0,170,1,20,1,0,0,2,0,1,0,0,0,0,0,0,0,0,0,0,0
0,1,1,422.4,0,171,1,20,1,0,0,2,0,1,0,0,0,0,0,0,0,0,0,0,0
1,1,0,445.5,0,172,0,20,1,0,0,2,0,1,0,0,0,0,0,0,0,0,0,0,0
1,1,0,408.3,0,173,0,20,1,0,0,2,0,1,0,0,0,0,0,0,0,0,0,0,0
1,1,0,445.3,0,174,0,20,1,0,0,2,0,1,0,0,0,0,0,0,0,0,0,0,0
1,1,1,796.3,1,175,1,20,1,0,0,2,0,1,0,0,0,0,0,0,0,0,0,0,0
1,1,0,391.2,0,176,0,20,1,0,0,2,0,1,0,0,0,0,0,0,0,0,0,0,0
1,1,0,452.3,0,177,0,20,1,0,0,2,0,1,0,0,0,0,0,0,0,0,0,0,0
1,1,0,395.5,0,178,0,20,1,0,0,2,0,1,0,0,0,0,0,0,0,0,0,0,0
1,1,1,408.1,1,179,1,20,1,0,0,2,0,1,0,0,0,0,0,0,0,0,0,0,0
0,1,1,409.1,0,180,1,20,1,0,0,2,0,1,0,0,0,0,0,0,0,0,0,0,0
0,1,0,664.1,1,181,0,20,1,0,0,2,0,1,0,0,0,0,0,0,0,0,0,0,0
0,1,0,371,1,182,0,20,1,0,0,2,0,1,0,0,0,0,0,0,0,0,0,0,0
0,1,1,474,0,183,1,20,1,0,0,2,0,1,0,0,0,0,0,0,0,0,0,0,0
1,1,1,753,1,184,1,20,1,0,0,2,0,1,0,0,0,0,0,0,0,0,0,0,0
0,1,0,533.9,1,185,0,20,1,0,0,2,0,1,0,0,0,0,0,0,0,0,0,0,0
1,1,0,517,0,186,0,20,1,0,0,2,0,1,0,0,0,0,0,0,0,0,0,0,0
0,1,1,490,0,187,1,20,1,0,0,2,0,1,0,0,0,0,0,0,0,0,0,0,0
0,1,1,484.9,0,188,1,20,1,0,0,2,0,1,0,0,0,0,0,0,0,0,0,0,0
1,1,0,433.9,0,189,0,20,1,0,0,2,0,1,0,0,0,0,0,0,0,0,0,0,0
0,1,1,502.9,0,190,1,20,1,0,0,2,0,1,0,0,0,0,0,0,0,0,0,0,0
1,1,0,425.8,0,191,0,20,1,0,0,2,0,1,0,0,0,0,0,0,0,0,0,0,0
0,1,1,864.7,0,192,1,20,1,2,0,2,0,1,0,0,0,0,0,0,0,0,0,0,0
1,1,0,431.8,0,193,0,20,1,0,0,2,0,1,0,0,0,0,0,0,0,0,0,0,0
0,1,0,734.6,1,194,0,20,1,0,0,2,0,1,0,0,0,0,0,0,0,0,0,0,0
1,1,0,467.7,0,195,0,20,1,0,0,2,0,1,0,0,0,0,0,0,0,0,0,0,0
0,1,1,576.6,0,196,1,20,1,0,0,2,0,1,0,0,0,0,0,0,0,0,0,0,0
1,1,0,393.7,0,197,0,20,1,0,0,2,0,1,0,0,0,0,0,0,0,0,0,0,0
0,1,1,538.6,0,198,1,20,1,0,0,2,0,1,0,0,0,0,0,0,0,0,0,0,0
1,1,0,377.5,0,199,0,20,1,0,0,2,0,1,0,0,0,0,0,0,0,0,0,0,0
0,1,1,522.5,0,200,1,20,1,0,0,2,0,1,0,0,0,0,0,0,0,0,0,0,0
0,1,1,473.5,0,201,1,20,1,0,0,2,0,1,0,0,0,0,0,0,0,0,0,0,0
0,1,1,504.5,0,202,1,20,1,0,0,2,0,1,0,0,0,0,0,0,0,0,0,0,0
0,1,1,471.6,0,203,1,20,1,0,0,2,0,1,0,0,0,0,0,0,0,0,0,0,0
0,1,1,408.5,0,204,1,20,1,0,0,2,0,1,0,0,0,0,0,0,0,0,0,0,0
1,1,0,437.3,0,205,0,20,1,0,0,2,0,1,0,0,0,0,0,0,0,0,0,0,0
1,1,0,426.4,0,206,0,20,1,0,0,2,0,1,0,0,0,0,0,0,0,0,0,0,0
0,1,1,485.3,0,207,1,20,1,0,0,2,0,1,0,0,0,0,0,0,0,0,0,0,0
0,1,1,444.3,0,208,1,20,1,0,0,2,0,1,0,0,0,0,0,0,0,0,0,0,0
1,1,0,441.4,0,209,0,20,1,0,0,2,0,1,0,0,0,0,0,0,0,0,0,0,0
0,1,1,522.2,0,210,1,20,1,0,0,2,0,1,0,0,0,0,0,0,0,0,0,0,0
1,1,0,877.2,0,211,0,20,1,2,0,2,0,1,0,0,0,0,0,0,0,0,0,0,0
0,1,1,498.3,0,212,1,20,1,0,0,2,0,1,0,0,0,0,0,0,0,0,0,0,0
1,1,0,583.2,0,213,0,20,1,0,0,2,0,1,0,0,0,0,0,0,0,0,0,0,0
1,1,0,492.2,0,214,0,20,1,0,0,2,0,1,0,0,0,0,0,0,0,0,0,0,0
0,1,1,929.3,0,215,1,20,1,2,0,2,0,1,0,0,0,0,0,0,0,0,0,0,0
1,1,0,408.3,0,216,0,20,1,0,0,2,0,1,0,0,0,0,0,0,0,0,0,0,0
0,1,0,529.2,1,217,0,20,1,0,0,2,0,1,0,0,0,0,0,0,0,0,0,0,0
1,1,0,416.1,0,218,0,20,1,0,0,2,0,1,0,0,0,0,0,0,0,0,0,0,0
1,1,1,469.1,1,219,1,20,1,0,0,2,0,1,0,0,0,0,0,0,0,0,0,0,0
1,1,0,442,0,220,0,20,1,0,0,2,0,1,0,0,0,0,0,0,0,0,0,0,0
0,1,0,653,1,221,0,20,1,0,0,2,0,1,0,0,0,0,0,0,0,0,0,0,0
1,1,0,419.9,0,222,0,20,1,0,0,2,0,1,0,0,0,0,0,0,0,0,0,0,0
1,1,0,418.9,0,223,0,20,1,0,0,2,0,1,0,0,0,0,0,0,0,0,0,0,0
1,1,0,409.9,0,224,0,20,1,0,0,2,0,1,0,0,0,0,0,0,0,0,0,0,0
0,1,0,446.9,1,225,0,20,1,0,0,2,0,1,0,0,0,0,0,0,0,0,0,0,0
0,1,1,501.9,0,226,1,20,1,0,0,2,0,1,0,0,0,0,0,0,0,0,0,0,0
0,1,0,538.8,1,227,0,20,1,0,0,2,0,1,0,0,0,0,0,0,0,0,0,0,0
1,1,1,847.8,1,228,1,20,1,0,0,2,0,1,0,0,0,0,0,0,0,0,0,0,0
1,1,1,488.7,1,229,1,20,1,0,0,2,0,1,0,0,0,0,0,0,0,0,0,0,0
1,1,1,487.8,1,230,1,20,1,0,0,2,0,1,0,0,0,0,0,0,0,0,0,0,0
1,1,0,482.8,0,231,0,20,1,0,0,2,0,1,0,0,0,0,0,0,0,0,0,0,0
0,1,1,443.9,0,232,1,20,1,0,0,2,0,1,0,0,0,0,0,0,0,0,0,0,0
1,1,0,490.6,0,233,0,20,1,0,0,2,0,1,0,0,0,0,0,0,0,0,0,0,0
0,1,1,488,0,234,1,20,1,0,0,2,0,1,0,0,0,0,0,0,0,0,0,0,0
0,1,1,490.7,0,235,1,20,1,0,0,2,0,1,0,0,0,0,0,0,0,0,0,0,0
1,1,0,559.6,0,236,0,20,1,0,0,2,0,1,0,0,0,0,0,0,0,0,0,0,0
0,1,1,916.6,0,237,1,20,1,2,0,2,0,1,0,0,0,0,0,0,0,0,0,0,0
0,1,1,465.6,0,238,1,20,1,0,0,2,0,1,0,0,0,0,0,0,0,0,0,0,0
0,1,1,418.7,0,239,1,20,1,0,0,2,0,1,0,0,0,0,0,0,0,0,0,0,0
1,1,0,551.5,0,240,0,20,1,0,0,2,0,1,0,0,0,0,0,0,0,0,0,0,0
0,1,0,550.6,1,241,0,80,1,0,0,3,0,0,1,0,0,0,0,0,0,0,0,0,0
1,1,1,525.5,1,242,1,80,1,0,0,3,0,0,1,0,0,0,0,0,0,0,0,0,0
0,1,0,528.4,1,243,0,80,1,0,0,3,0,0,1,0,0,0,0,0,0,0,0,0,0
1,1,0,503.5,0,244,0,80,1,0,0,3,0,0,1,0,0,0,0,0,0,0,0,0,0
0,1,0,516.4,1,245,0,80,1,0,0,3,0,0,1,0,0,0,0,0,0,0,0,0,0
1,1,1,481.4,1,246,1,80,1,0,0,3,0,0,1,0,0,0,0,0,0,0,0,0,0
0,1,0,454.5,1,247,0,80,1,0,0,3,0,0,1,0,0,0,0,0,0,0,0,0,0
1,1,1,395.6,1,248,1,80,1,0,0,3,0,0,1,0,0,0,0,0,0,0,0,0,0
0,1,0,420.4,1,249,0,80,1,0,0,3,0,0,1,0,0,0,0,0,0,0,0,0,0
1,1,0,495.4,0,250,0,80,1,0,0,3,0,0,1,0,0,0,0,0,0,0,0,0,0
0,1,0,502.4,1,251,0,80,1,0,0,3,0,0,1,0,0,0,0,0,0,0,0,0,0
0,1,0,427.3,1,252,0,80,1,0,0,3,0,0,1,0,0,0,0,0,0,0,0,0,0
0,1,0,388.3,1,253,0,80,1,0,0,3,0,0,1,0,0,0,0,0,0,0,0,0,0
1,1,1,433.3,1,254,1,80,1,0,0,3,0,0,1,0,0,0,0,0,0,0,0,0,0
1,1,1,416.3,1,255,1,80,1,0,0,3,0,0,1,0,0,0,0,0,0,0,0,0,0
0,1,1,615.2,0,256,1,80,1,0,0,3,0,0,1,0,0,0,0,0,0,0,0,0,0
0,1,0,502.2,1,257,0,80,1,0,0,3,0,0,1,0,0,0,0,0,0,0,0,0,0
1,1,1,867.1,1,258,1,80,1,2,0,3,0,0,1,0,0,0,0,0,0,0,0,0,0
1,1,1,904.2,1,259,1,80,1,2,0,3,0,0,1,0,0,0,0,0,0,0,0,0,0
0,1,0,543,1,260,0,80,1,0,0,3,0,0,1,0,0,0,0,0,0,0,0,0,0
1,1,0,532.1,0,261,0,80,1,0,0,3,0,0,1,0,0,0,0,0,0,0,0,0,0
1,1,1,743.1,1,262,1,80,1,0,0,3,0,0,1,0,0,0,0,0,0,0,0,0,0
0,1,1,476,0,263,1,80,1,0,0,3,0,0,1,0,0,0,0,0,0,0,0,0,0
0,1,0,535.1,1,264,0,80,1,0,0,3,0,0,1,0,0,0,0,0,0,0,0,0,0
1,1,1,439.9,1,265,1,80,1,0,0,3,0,0,1,0,0,0,0,0,0,0,0,0,0
0,1,0,584.8,1,266,0,80,1,0,0,3,0,0,1,0,0,0,0,0,0,0,0,0,0
0,1,1,477.8,0,267,1,80,1,0,0,3,0,0,1,0,0,0,0,0,0,0,0,0,0
0,1,0,539,1,268,0,80,1,0,0,3,0,0,1,0,0,0,0,0,0,0,0,0,0
1,1,1,407.9,1,269,1,80,1,0,0,3,0,0,1,0,0,0,0,0,0,0,0,0,0
1,1,1,453,1,270,1,80,1,0,0,3,0,0,1,0,0,0,0,0,0,0,0,0,0
1,1,1,425.9,1,271,1,80,1,0,0,3,0,0,1,0,0,0,0,0,0,0,0,0,0
1,1,1,920.8,1,272,1,80,1,2,0,3,0,0,1,0,0,0,0,0,0,0,0,0,0
1,1,0,487.9,0,273,0,80,1,0,0,3,0,0,1,0,0,0,0,0,0,0,0,0,0
1,1,1,850.7,1,274,1,80,1,0,0,3,0,0,1,0,0,0,0,0,0,0,0,0,0
0,1,0,467.7,1,275,0,80,1,0,0,3,0,0,1,0,0,0,0,0,0,0,0,0,0
1,1,1,866.6,1,276,1,80,1,2,0,3,0,0,1,0,0,0,0,0,0,0,0,0,0
0,1,0,491.6,1,277,0,80,1,0,0,3,0,0,1,0,0,0,0,0,0,0,0,0,0
1,1,1,442.7,1,278,1,80,1,0,0,3,0,0,1,0,0,0,0,0,0,0,0,0,0
0,1,1,591.6,0,279,1,80,1,0,0,3,0,0,1,0,0,0,0,0,0,0,0,0,0
0,1,0,596.7,1,280,0,80,1,0,0,3,0,0,1,0,0,0,0,0,0,0,0,0,0
0,1,0,651.5,1,281,0,80,1,0,0,3,0,0,1,0,0,0,0,0,0,0,0,0,0
0,1,0,502.8,1,282,0,80,1,0,0,3,0,0,1,0,0,0,0,0,0,0,0,0,0
0,1,1,523.4,0,283,1,80,1,0,0,3,0,0,1,0,0,0,0,0,0,0,0,0,0
1,1,1,608.4,1,284,1,80,1,0,0,3,0,0,1,0,0,0,0,0,0,0,0,0,0
1,1,1,397.5,1,285,1,80,1,0,0,3,0,0,1,0,0,0,0,0,0,0,0,0,0
0,1,0,450.5,1,286,0,80,1,0,0,3,0,0,1,0,0,0,0,0,0,0,0,0,0
0,1,0,455.5,1,287,0,80,1,0,0,3,0,0,1,0,0,0,0,0,0,0,0,0,0
1,1,1,414.4,1,288,1,80,1,0,0,3,0,0,1,0,0,0,0,0,0,0,0,0,0
1,1,0,563.4,0,289,0,80,1,0,0,3,0,0,1,0,0,0,0,0,0,0,0,0,0
1,1,0,536.4,0,290,0,80,1,0,0,3,0,0,1,0,0,0,0,0,0,0,0,0,0
0,1,0,393.4,1,291,0,80,1,0,0,3,0,0,1,0,0,0,0,0,0,0,0,0,0
0,1,0,478.2,1,292,0,80,1,0,0,3,0,0,1,0,0,0,0,0,0,0,0,0,0
0,1,0,411.4,1,293,0,80,1,0,0,3,0,0,1,0,0,0,0,0,0,0,0,0,0
0,1,1,514.2,0,294,1,80,1,0,0,3,0,0,1,0,0,0,0,0,0,0,0,0,0
1,1,1,913.3,1,295,1,80,1,2,0,3,0,0,1,0,0,0,0,0,0,0,0,0,0
1,1,1,392.3,1,296,1,80,1,0,0,3,0,0,1,0,0,0,0,0,0,0,0,0,0
1,1,1,757.1,1,297,1,80,1,0,0,3,0,0,1,0,0,0,0,0,0,0,0,0,0
0,1,0,470.2,1,298,0,80,1,0,0,3,0,0,1,0,0,0,0,0,0,0,0,0,0
0,1,0,379.1,1,299,0,80,1,0,0,3,0,0,1,0,0,0,0,0,0,0,0,0,0
0,1,0,388.1,1,300,0,80,1,0,0,3,0,0,1,0,0,0,0,0,0,0,0,0,0
0,1,0,383.1,1,301,0,80,1,0,0,3,0,0,1,0,0,0,0,0,0,0,0,0,0
0,1,1,502,0,302,1,80,1,0,0,3,0,0,1,0,0,0,0,0,0,0,0,0,0
1,1,0,466.9,0,303,0,80,1,0,0,3,0,0,1,0,0,0,0,0,0,0,0,0,0
1,1,1,493.9,1,304,1,80,1,0,0,3,0,0,1,0,0,0,0,0,0,0,0,0,0
1,1,1,404.9,1,305,1,80,1,0,0,3,0,0,1,0,0,0,0,0,0,0,0,0,0
1,1,1,475.9,1,306,1,80,1,0,0,3,0,0,1,0,0,0,0,0,0,0,0,0,0
1,1,0,452.9,0,307,0,80,1,0,0,3,0,0,1,0,0,0,0,0,0,0,0,0,0
1,1,1,445.8,1,308,1,80,1,0,0,3,0,0,1,0,0,0,0,0,0,0,0,0,0
1,1,1,418.8,1,309,1,80,1,0,0,3,0,0,1,0,0,0,0,0,0,0,0,0,0
0,1,1,435.8,0,310,1,80,1,0,0,3,0,0,1,0,0,0,0,0,0,0,0,0,0
1,1,1,374.8,1,311,1,80,1,0,0,3,0,0,1,0,0,0,0,0,0,0,0,0,0
1,1,1,357.7,1,312,1,80,1,0,0,3,0,0,1,0,0,0,0,0,0,0,0,0,0
1,1,1,380.7,1,313,1,80,1,0,0,3,0,0,1,0,0,0,0,0,0,0,0,0,0
0,1,0,761.8,1,314,0,80,1,0,0,3,0,0,1,0,0,0,0,0,0,0,0,0,0
0,1,0,430.7,1,315,0,80,1,0,0,3,0,0,1,0,0,0,0,0,0,0,0,0,0
1,1,1,947.7,1,316,1,80,1,2,0,3,0,0,1,0,0,0,0,0,0,0,0,0,0
0,1,0,442.7,1,317,0,80,1,0,0,3,0,0,1,0,0,0,0,0,0,0,0,0,0
0,1,0,413.7,1,318,0,80,1,0,0,3,0,0,1,0,0,0,0,0,0,0,0,0,0
0,1,0,370.6,1,319,0,80,1,0,0,3,0,0,1,0,0,0,0,0,0,0,0,0,0
1,1,1,353.7,1,320,1,80,1,0,0,3,0,0,1,0,0,0,0,0,0,0,0,0,0
1,1,0,500.9,0,321,0,80,1,0,0,3,0,0,1,0,0,0,0,0,0,0,0,0,0
1,1,1,410.1,1,322,1,80,1,0,0,3,0,0,1,0,0,0,0,0,0,0,0,0,0
1,1,1,504.9,1,323,1,80,1,0,0,3,0,0,1,0,0,0,0,0,0,0,0,0,0
0,1,0,385.9,1,324,0,80,1,0,0,3,0,0,1,0,0,0,0,0,0,0,0,0,0
1,1,1,383.1,1,325,1,80,1,0,0,3,0,0,1,0,0,0,0,0,0,0,0,0,0
1,1,1,405.9,1,326,1,80,1,0,0,3,0,0,1,0,0,0,0,0,0,0,0,0,0
0,1,0,357,1,327,0,80,1,0,0,3,0,0,1,0,0,0,0,0,0,0,0,0,0
0,1,0,409.8,1,328,0,80,1,0,0,3,0,0,1,0,0,0,0,0,0,0,0,0,0
0,1,0,444.8,1,329,0,80,1,0,0,3,0,0,1,0,0,0,0,0,0,0,0,0,0
1,1,0,545.8,0,330,0,80,1,0,0,3,0,0,1,0,0,0,0,0,0,0,0,0,0
1,1,1,430.8,1,331,1,80,1,0,0,3,0,0,1,0,0,0,0,0,0,0,0,0,0
1,1,1,389.7,1,332,1,80,1,0,0,3,0,0,1,0,0,0,0,0,0,0,0,0,0
1,1,1,418.7,1,333,1,80,1,0,0,3,0,0,1,0,0,0,0,0,0,0,0,0,0
0,1,1,519.8,0,334,1,80,1,0,0,3,0,0,1,0,0,0,0,0,0,0,0,0,0
0,1,1,854.7,0,335,1,80,1,2,0,3,0,0,1,0,0,0,0,0,0,0,0,0,0
0,1,0,543.7,1,336,0,80,1,0,0,3,0,0,1,0,0,0,0,0,0,0,0,0,0
1,1,1,380.7,1,337,1,80,1,0,0,3,0,0,1,0,0,0,0,0,0,0,0,0,0
1,1,1,833.7,1,338,1,80,1,0,0,3,0,0,1,0,0,0,0,0,0,0,0,0,0
0,1,0,614.6,1,339,0,80,1,0,0,3,0,0,1,0,0,0,0,0,0,0,0,0,0
1,1,1,365.6,1,340,1,80,1,0,0,3,0,0,1,0,0,0,0,0,0,0,0,0,0
1,1,1,346.6,1,341,1,80,1,0,0,3,0,0,1,0,0,0,0,0,0,0,0,0,0
0,1,0,371.6,1,342,0,80,1,0,0,3,0,0,1,0,0,0,0,0,0,0,0,0,0
1,1,1,346.5,1,343,1,80,1,0,0,3,0,0,1,0,0,0,0,0,0,0,0,0,0
0,1,0,395.5,1,344,0,80,1,0,0,3,0,0,1,0,0,0,0,0,0,0,0,0,0
1,1,1,786.6,1,345,1,80,1,0,0,3,0,0,1,0,0,0,0,0,0,0,0,0,0
1,1,1,369.5,1,346,1,80,1,0,0,3,0,0,1,0,0,0,0,0,0,0,0,0,0
0,1,0,402.5,1,347,0,80,1,0,0,3,0,0,1,0,0,0,0,0,0,0,0,0,0
0,1,0,383.4,1,348,0,80,1,0,0,3,0,0,1,0,0,0,0,0,0,0,0,0,0
0,1,0,454.4,1,349,0,80,1,0,0,3,0,0,1,0,0,0,0,0,0,0,0,0,0
0,1,0,425.2,1,350,0,80,1,0,0,3,0,0,1,0,0,0,0,0,0,0,0,0,0
1,1,0,760.3,0,351,0,80,1,0,0,3,0,0,1,0,0,0,0,0,0,0,0,0,0
0,1,1,571.2,0,352,1,80,1,0,0,3,0,0,1,0,0,0,0,0,0,0,0,0,0
1,1,1,434.2,1,353,1,80,1,0,0,3,0,0,1,0,0,0,0,0,0,0,0,0,0
0,1,0,479.2,1,354,0,80,1,0,0,3,0,0,1,0,0,0,0,0,0,0,0,0,0
1,1,1,788.2,1,355,1,80,1,0,0,3,0,0,1,0,0,0,0,0,0,0,0,0,0
0,1,1,433.1,0,356,1,80,1,0,0,3,0,0,1,0,0,0,0,0,0,0,0,0,0
1,1,0,414.2,0,357,0,80,1,0,0,3,0,0,1,0,0,0,0,0,0,0,0,0,0
0,1,0,377.1,1,358,0,80,1,0,0,3,0,0,1,0,0,0,0,0,0,0,0,0,0
0,1,0,420,1,359,0,80,1,0,0,3,0,0,1,0,0,0,0,0,0,0,0,0,0
0,1,0,401.1,1,360,0,80,1,0,0,3,0,0,1,0,0,0,0,0,0,0,0,0,0
0,1,0,386,1,361,0,20,1,0,0,4,0,0,0,1,0,0,0,0,0,0,0,0,0
0,1,0,391,1,362,0,20,1,0,0,4,0,0,0,1,0,0,0,0,0,0,0,0,0
0,1,1,461.9,0,363,1,20,1,0,0,4,0,0,0,1,0,0,0,0,0,0,0,0,0
0,1,1,386.9,0,364,1,20,1,0,0,4,0,0,0,1,0,0,0,0,0,0,0,0,0
1,1,0,461.9,0,365,0,20,1,0,0,4,0,0,0,1,0,0,0,0,0,0,0,0,0
1,1,0,484.9,0,366,0,20,1,0,0,4,0,0,0,1,0,0,0,0,0,0,0,0,0
1,1,1,581.8,1,367,1,20,1,0,0,4,0,0,0,1,0,0,0,0,0,0,0,0,0
0,1,1,522.8,0,368,1,20,1,0,0,4,0,0,0,1,0,0,0,0,0,0,0,0,0
1,1,0,447.9,0,369,0,20,1,0,0,4,0,0,0,1,0,0,0,0,0,0,0,0,0
1,1,0,494.8,0,370,0,20,1,0,0,4,0,0,0,1,0,0,0,0,0,0,0,0,0
1,1,0,435.8,0,371,0,20,1,0,0,4,0,0,0,1,0,0,0,0,0,0,0,0,0
1,1,0,416.7,0,372,0,20,1,0,0,4,0,0,0,1,0,0,0,0,0,0,0,0,0
1,1,1,405.7,1,373,1,20,1,0,0,4,0,0,0,1,0,0,0,0,0,0,0,0,0
0,1,1,450.7,0,374,1,20,1,0,0,4,0,0,0,1,0,0,0,0,0,0,0,0,0
1,1,0,503.7,0,375,0,20,1,0,0,4,0,0,0,1,0,0,0,0,0,0,0,0,0
1,1,1,556.7,1,376,1,20,1,0,0,4,0,0,0,1,0,0,0,0,0,0,0,0,0
0,1,1,431.6,0,377,1,20,1,0,0,4,0,0,0,1,0,0,0,0,0,0,0,0,0
0,1,1,438.6,0,378,1,20,1,0,0,4,0,0,0,1,0,0,0,0,0,0,0,0,0
0,1,1,431.6,0,379,1,20,1,0,0,4,0,0,0,1,0,0,0,0,0,0,0,0,0
0,1,1,452.5,0,380,1,20,1,0,0,4,0,0,0,1,0,0,0,0,0,0,0,0,0
1,1,0,441.6,0,381,0,20,1,0,0,4,0,0,0,1,0,0,0,0,0,0,0,0,0
0,1,0,702.6,1,382,0,20,1,0,0,4,0,0,0,1,0,0,0,0,0,0,0,0,0
0,1,1,491.7,0,383,1,20,1,0,0,4,0,0,0,1,0,0,0,0,0,0,0,0,0
0,1,1,464.5,0,384,1,20,1,0,0,4,0,0,0,1,0,0,0,0,0,0,0,0,0
1,1,0,377.4,0,385,0,20,1,0,0,4,0,0,0,1,0,0,0,0,0,0,0,0,0
1,1,0,432.4,0,386,0,20,1,0,0,4,0,0,0,1,0,0,0,0,0,0,0,0,0
1,1,0,439.5,0,387,0,20,1,0,0,4,0,0,0,1,0,0,0,0,0,0,0,0,0
0,1,1,450.3,0,388,1,20,1,0,0,4,0,0,0,1,0,0,0,0,0,0,0,0,0
1,1,0,401.3,0,389,0,20,1,0,0,4,0,0,0,1,0,0,0,0,0,0,0,0,0
0,1,0,408.4,1,390,0,20,1,0,0,4,0,0,0,1,0,0,0,0,0,0,0,0,0
0,1,1,515.2,0,391,1,20,1,0,0,4,0,0,0,1,0,0,0,0,0,0,0,0,0
0,1,1,418.2,0,392,1,20,1,0,0,4,0,0,0,1,0,0,0,0,0,0,0,0,0
0,1,1,423.2,0,393,1,20,1,0,0,4,0,0,0,1,0,0,0,0,0,0,0,0,0
0,1,1,822.1,0,394,1,20,1,0,0,4,0,0,0,1,0,0,0,0,0,0,0,0,0
1,1,0,429.2,0,395,0,20,1,0,0,4,0,0,0,1,0,0,0,0,0,0,0,0,0
1,1,0,458.2,0,396,0,20,1,0,0,4,0,0,0,1,0,0,0,0,0,0,0,0,0
1,1,0,411.1,0,397,0,20,1,0,0,4,0,0,0,1,0,0,0,0,0,0,0,0,0
1,1,1,454.4,1,398,1,20,1,0,0,4,0,0,0,1,0,0,0,0,0,0,0,0,0
0,1,1,495,0,399,1,20,1,0,0,4,0,0,0,1,0,0,0,0,0,0,0,0,0
1,1,0,462,0,400,0,20,1,0,0,4,0,0,0,1,0,0,0,0,0,0,0,0,0
0,1,1,519,0,401,1,20,1,0,0,4,0,0,0,1,0,0,0,0,0,0,0,0,0
0,1,1,518.1,0,402,1,20,1,0,0,4,0,0,0,1,0,0,0,0,0,0,0,0,0
1,1,0,509,0,403,0,20,1,0,0,4,0,0,0,1,0,0,0,0,0,0,0,0,0
0,1,1,923.9,0,404,1,20,1,2,0,4,0,0,0,1,0,0,0,0,0,0,0,0,0
1,1,0,528.9,0,405,0,20,1,0,0,4,0,0,0,1,0,0,0,0,0,0,0,0,0
0,1,1,501.9,0,406,1,20,1,0,0,4,0,0,0,1,0,0,0,0,0,0,0,0,0
1,1,1,422.9,1,407,1,20,1,0,0,4,0,0,0,1,0,0,0,0,0,0,0,0,0
1,1,0,467.9,0,408,0,20,1,0,0,4,0,0,0,1,0,0,0,0,0,0,0,0,0
0,1,1,548.9,0,409,1,20,1,0,0,4,0,0,0,1,0,0,0,0,0,0,0,0,0
0,1,1,523.9,0,410,1,20,1,0,0,4,0,0,0,1,0,0,0,0,0,0,0,0,0
0,1,0,576.8,1,411,0,20,1,0,0,4,0,0,0,1,0,0,0,0,0,0,0,0,0
0,1,1,431.8,0,412,1,20,1,0,0,4,0,0,0,1,0,0,0,0,0,0,0,0,0
0,1,1,482.7,0,413,1,20,1,0,0,4,0,0,0,1,0,0,0,0,0,0,0,0,0
1,1,0,461.6,0,414,0,20,1,0,0,4,0,0,0,1,0,0,0,0,0,0,0,0,0
1,1,0,402.7,0,415,0,20,1,0,0,4,0,0,0,1,0,0,0,0,0,0,0,0,0
0,1,0,439.7,1,416,0,20,1,0,0,4,0,0,0,1,0,0,0,0,0,0,0,0,0
1,1,0,436.7,0,417,0,20,1,0,0,4,0,0,0,1,0,0,0,0,0,0,0,0,0
1,1,0,467.7,0,418,0,20,1,0,0,4,0,0,0,1,0,0,0,0,0,0,0,0,0
1,1,1,710.6,1,419,1,20,1,0,0,4,0,0,0,1,0,0,0,0,0,0,0,0,0
0,1,1,461.6,0,420,1,20,1,0,0,4,0,0,0,1,0,0,0,0,0,0,0,0,0
0,1,1,498.6,0,421,1,20,1,0,0,4,0,0,0,1,0,0,0,0,0,0,0,0,0
0,1,1,407.6,0,422,1,20,1,0,0,4,0,0,0,1,0,0,0,0,0,0,0,0,0
1,1,0,468.6,0,423,0,20,1,0,0,4,0,0,0,1,0,0,0,0,0,0,0,0,0
1,1,0,473.6,0,424,0,20,1,0,0,4,0,0,0,1,0,0,0,0,0,0,0,0,0
0,1,0,466.5,1,425,0,20,1,0,0,4,0,0,0,1,0,0,0,0,0,0,0,0,0
1,1,0,495.5,0,426,0,20,1,0,0,4,0,0,0,1,0,0,0,0,0,0,0,0,0
0,1,0,398.5,1,427,0,20,1,0,0,4,0,0,0,1,0,0,0,0,0,0,0,0,0
1,1,0,431.4,0,428,0,20,1,0,0,4,0,0,0,1,0,0,0,0,0,0,0,0,0
1,1,0,468.5,0,429,0,20,1,0,0,4,0,0,0,1,0,0,0,0,0,0,0,0,0
1,1,0,399.3,0,430,0,20,1,0,0,4,0,0,0,1,0,0,0,0,0,0,0,0,0
1,1,0,356.3,0,431,0,20,1,0,0,4,0,0,0,1,0,0,0,0,0,0,0,0,0
1,1,1,413.3,1,432,1,20,1,0,0,4,0,0,0,1,0,0,0,0,0,0,0,0,0
0,1,1,528.2,0,433,1,20,1,0,0,4,0,0,0,1,0,0,0,0,0,0,0,0,0
0,1,1,433.2,0,434,1,20,1,0,0,4,0,0,0,1,0,0,0,0,0,0,0,0,0
0,1,1,488.2,0,435,1,20,1,0,0,4,0,0,0,1,0,0,0,0,0,0,0,0,0
1,1,0,455.2,0,436,0,20,1,0,0,4,0,0,0,1,0,0,0,0,0,0,0,0,0
1,1,1,420.1,1,437,1,20,1,0,0,4,0,0,0,1,0,0,0,0,0,0,0,0,0
0,1,1,483.1,0,438,1,20,1,0,0,4,0,0,0,1,0,0,0,0,0,0,0,0,0
1,1,0,482,0,439,0,20,1,0,0,4,0,0,0,1,0,0,0,0,0,0,0,0,0
0,1,1,847,0,440,1,20,1,0,0,4,0,0,0,1,0,0,0,0,0,0,0,0,0
1,1,0,428,0,441,0,20,1,0,0,4,0,0,0,1,0,0,0,0,0,0,0,0,0
0,1,1,436.9,0,442,1,20,1,0,0,4,0,0,0,1,0,0,0,0,0,0,0,0,0
1,1,0,559.9,0,443,0,20,1,0,0,4,0,0,0,1,0,0,0,0,0,0,0,0,0
0,1,1,422.9,0,444,1,20,1,0,0,4,0,0,0,1,0,0,0,0,0,0,0,0,0
1,1,0,443.9,0,445,0,20,1,0,0,4,0,0,0,1,0,0,0,0,0,0,0,0,0
0,1,1,400.8,0,446,1,20,1,0,0,4,0,0,0,1,0,0,0,0,0,0,0,0,0
1,1,0,463.8,0,447,0,20,1,0,0,4,0,0,0,1,0,0,0,0,0,0,0,0,0
1,1,0,428.8,0,448,0,20,1,0,0,4,0,0,0,1,0,0,0,0,0,0,0,0,0
0,1,1,425.8,0,449,1,20,1,0,0,4,0,0,0,1,0,0,0,0,0,0,0,0,0
0,1,1,415,0,450,1,20,1,0,0,4,0,0,0,1,0,0,0,0,0,0,0,0,0
1,1,0,481.7,0,451,0,20,1,0,0,4,0,0,0,1,0,0,0,0,0,0,0,0,0
0,1,1,470.7,0,452,1,20,1,0,0,4,0,0,0,1,0,0,0,0,0,0,0,0,0
1,1,0,471.7,0,453,0,20,1,0,0,4,0,0,0,1,0,0,0,0,0,0,0,0,0
1,1,0,404.7,0,454,0,20,1,0,0,4,0,0,0,1,0,0,0,0,0,0,0,0,0
1,1,1,499.7,1,455,1,20,1,0,0,4,0,0,0,1,0,0,0,0,0,0,0,0,0
1,1,0,440.6,0,456,0,20,1,0,0,4,0,0,0,1,0,0,0,0,0,0,0,0,0
1,1,0,457.5,0,457,0,20,1,0,0,4,0,0,0,1,0,0,0,0,0,0,0,0,0
0,1,0,488.5,1,458,0,20,1,0,0,4,0,0,0,1,0,0,0,0,0,0,0,0,0
1,1,0,397.5,0,459,0,20,1,0,0,4,0,0,0,1,0,0,0,0,0,0,0,0,0
1,1,0,422.6,0,460,0,20,1,0,0,4,0,0,0,1,0,0,0,0,0,0,0,0,0
0,1,1,427.5,0,461,1,20,1,0,0,4,0,0,0,1,0,0,0,0,0,0,0,0,0
0,1,1,400.6,0,462,1,20,1,0,0,4,0,0,0,1,0,0,0,0,0,0,0,0,0
0,1,1,407.5,0,463,1,20,1,0,0,4,0,0,0,1,0,0,0,0,0,0,0,0,0
0,1,1,918.3,0,464,1,20,1,2,0,4,0,0,0,1,0,0,0,0,0,0,0,0,0
0,1,1,489.3,0,465,1,20,1,0,0,4,0,0,0,1,0,0,0,0,0,0,0,0,0
1,1,1,408.4,1,466,1,20,1,0,0,4,0,0,0,1,0,0,0,0,0,0,0,0,0
0,1,0,429.3,1,467,0,20,1,0,0,4,0,0,0,1,0,0,0,0,0,0,0,0,0
0,1,1,570.3,0,468,1,20,1,0,0,4,0,0,0,1,0,0,0,0,0,0,0,0,0
1,1,1,405.3,1,469,1,20,1,0,0,4,0,0,0,1,0,0,0,0,0,0,0,0,0
1,1,1,794.2,1,470,1,20,1,0,0,4,0,0,0,1,0,0,0,0,0,0,0,0,0
0,1,1,409.2,0,471,1,20,1,0,0,4,0,0,0,1,0,0,0,0,0,0,0,0,0
1,1,0,584.2,0,472,0,20,1,0,0,4,0,0,0,1,0,0,0,0,0,0,0,0,0
0,1,1,429.6,0,473,1,20,1,0,0,4,0,0,0,1,0,0,0,0,0,0,0,0,0
1,1,0,1502.1,0,474,0,20,1,2,0,4,0,0,0,1,0,0,0,0,0,0,0,0,0
1,1,0,437.1,0,475,0,20,1,0,0,4,0,0,0,1,0,0,0,0,0,0,0,0,0
1,1,0,370.3,0,476,0,20,1,0,0,4,0,0,0,1,0,0,0,0,0,0,0,0,0
0,1,1,477.1,0,477,1,20,1,0,0,4,0,0,0,1,0,0,0,0,0,0,0,0,0
0,1,0,492,1,478,0,20,1,0,0,4,0,0,0,1,0,0,0,0,0,0,0,0,0
0,1,0,469,1,479,0,20,1,0,0,4,0,0,0,1,0,0,0,0,0,0,0,0,0
0,1,1,466.2,0,480,1,20,1,0,0,4,0,0,0,1,0,0,0,0,0,0,0,0,0
0,1,1,512.5,0,481,1,20,0,0,0,4,0,0,0,1,0,0,0,0,0,0,0,0,0
0,1,1,431.6,0,482,1,20,0,0,0,4,0,0,0,1,0,0,0,0,0,0,0,0,0
1,1,0,428.3,0,483,0,20,0,0,0,4,0,0,0,1,0,0,0,0,0,0,0,0,0
0,1,1,435.4,0,484,1,20,0,0,0,4,0,0,0,1,0,0,0,0,0,0,0,0,0
1,1,0,422.3,0,485,0,20,0,0,0,4,0,0,0,1,0,0,0,0,0,0,0,0,0
0,1,0,425.3,1,486,0,20,0,0,0,4,0,0,0,1,0,0,0,0,0,0,0,0,0
1,1,1,430.2,1,487,1,20,0,0,0,4,0,0,0,1,0,0,0,0,0,0,0,0,0
1,1,0,467.4,0,488,0,20,0,0,0,4,0,0,0,1,0,0,0,0,0,0,0,0,0
1,1,0,384.3,0,489,0,20,0,0,0,4,0,0,0,1,0,0,0,0,0,0,0,0,0
0,1,0,361.5,1,490,0,20,0,0,0,4,0,0,0,1,0,0,0,0,0,0,0,0,0
0,1,1,878.2,0,491,1,20,0,2,0,4,0,0,0,1,0,0,0,0,0,0,0,0,0
0,1,0,533.2,1,492,0,20,0,0,0,4,0,0,0,1,0,0,0,0,0,0,0,0,0
0,1,1,478.1,0,493,1,20,0,0,0,4,0,0,0,1,0,0,0,0,0,0,0,0,0
0,1,1,459.1,0,494,1,20,0,0,0,4,0,0,0,1,0,0,0,0,0,0,0,0,0
1,1,1,368.1,1,495,1,20,0,0,0,4,0,0,0,1,0,0,0,0,0,0,0,0,0
1,1,0,421.1,0,496,0,20,0,0,0,4,0,0,0,1,0,0,0,0,0,0,0,0,0
1,1,0,500,0,497,0,20,0,0,0,4,0,0,0,1,0,0,0,0,0,0,0,0,0
0,1,1,457,0,498,1,20,0,0,0,4,0,0,0,1,0,0,0,0,0,0,0,0,0
1,1,0,534,0,499,0,20,0,0,0,4,0,0,0,1,0,0,0,0,0,0,0,0,0
0,1,1,437,0,500,1,20,0,0,0,4,0,0,0,1,0,0,0,0,0,0,0,0,0
1,1,0,424,0,501,0,20,0,0,0,4,0,0,0,1,0,0,0,0,0,0,0,0,0
1,1,0,414.9,0,502,0,20,0,0,0,4,0,0,0,1,0,0,0,0,0,0,0,0,0
1,1,0,416,0,503,0,20,0,0,0,4,0,0,0,1,0,0,0,0,0,0,0,0,0
1,1,1,1254.9,1,504,1,20,0,2,0,4,0,0,0,1,0,0,0,0,0,0,0,0,0
0,1,1,397.8,0,505,1,20,0,0,0,4,0,0,0,1,0,0,0,0,0,0,0,0,0
0,1,1,400.8,0,506,1,20,0,0,0,4,0,0,0,1,0,0,0,0,0,0,0,0,0
1,1,0,399.9,0,507,0,20,0,0,0,4,0,0,0,1,0,0,0,0,0,0,0,0,0
1,1,0,336.7,0,508,0,20,0,0,0,4,0,0,0,1,0,0,0,0,0,0,0,0,0
0,1,1,411.8,0,509,1,20,0,0,0,4,0,0,0,1,0,0,0,0,0,0,0,0,0
0,1,0,456.8,1,510,0,20,0,0,0,4,0,0,0,1,0,0,0,0,0,0,0,0,0
0,1,1,471.7,0,511,1,20,0,0,0,4,0,0,0,1,0,0,0,0,0,0,0,0,0
0,1,1,470.6,0,512,1,20,0,0,0,4,0,0,0,1,0,0,0,0,0,0,0,0,0
1,1,1,335.6,1,513,1,20,0,0,0,4,0,0,0,1,0,0,0,0,0,0,0,0,0
1,1,0,406.6,0,514,0,20,0,0,0,4,0,0,0,1,0,0,0,0,0,0,0,0,0
1,1,0,439.5,0,515,0,20,0,0,0,4,0,0,0,1,0,0,0,0,0,0,0,0,0
1,1,0,444.6,0,516,0,20,0,0,0,4,0,0,0,1,0,0,0,0,0,0,0,0,0
0,1,1,441.5,0,517,1,20,0,0,0,4,0,0,0,1,0,0,0,0,0,0,0,0,0
0,0,0,406.6,0,518,1,20,0,1,0,4,0,0,0,1,0,0,0,0,0,0,0,0,0
0,1,1,499.6,0,519,1,20,0,0,1,4,0,0,0,1,0,0,0,0,0,0,0,0,0
1,1,0,440.5,0,520,0,20,0,0,0,4,0,0,0,1,0,0,0,0,0,0,0,0,0
1,1,1,429.5,1,521,1,80,0,0,0,5,0,0,0,0,1,0,0,0,0,0,0,0,0
1,1,1,786.7,1,522,1,80,0,0,0,5,0,0,0,0,1,0,0,0,0,0,0,0,0
0,1,0,583.5,1,523,0,80,0,0,0,5,0,0,0,0,1,0,0,0,0,0,0,0,0
1,1,1,346.5,1,524,1,80,0,0,0,5,0,0,0,0,1,0,0,0,0,0,0,0,0
0,1,0,433.4,1,525,0,80,0,0,0,5,0,0,0,0,1,0,0,0,0,0,0,0,0
1,1,1,366.5,1,526,1,80,0,0,0,5,0,0,0,0,1,0,0,0,0,0,0,0,0
1,1,1,349.4,1,527,1,80,0,0,0,5,0,0,0,0,1,0,0,0,0,0,0,0,0
1,1,1,382.4,1,528,1,80,0,0,0,5,0,0,0,0,1,0,0,0,0,0,0,0,0
0,1,0,433.4,1,529,0,80,0,0,0,5,0,0,0,0,1,0,0,0,0,0,0,0,0
1,1,1,376.3,1,530,1,80,0,0,0,5,0,0,0,0,1,0,0,0,0,0,0,0,0
1,1,0,453.4,0,531,0,80,0,0,0,5,0,0,0,0,1,0,0,0,0,0,0,0,0
1,1,1,444.2,1,532,1,80,0,0,0,5,0,0,0,0,1,0,0,0,0,0,0,0,0
1,1,1,483.1,1,533,1,80,0,0,0,5,0,0,0,0,1,0,0,0,0,0,0,0,0
0,1,0,384.2,1,534,0,80,0,0,0,5,0,0,0,0,1,0,0,0,0,0,0,0,0
0,1,0,371.1,1,535,0,80,0,0,0,5,0,0,0,0,1,0,0,0,0,0,0,0,0
0,1,0,392.1,1,536,0,80,0,0,0,5,0,0,0,0,1,0,0,0,0,0,0,0,0
1,1,1,519.1,1,537,1,80,0,0,0,5,0,0,0,0,1,0,0,0,0,0,0,0,0
1,1,1,396.2,1,538,1,80,0,0,0,5,0,0,0,0,1,0,0,0,0,0,0,0,0
0,1,0,437,1,539,0,80,0,0,0,5,0,0,0,0,1,0,0,0,0,0,0,0,0
0,1,0,428,1,540,0,80,0,0,0,5,0,0,0,0,1,0,0,0,0,0,0,0,0
0,1,0,427,1,541,0,80,0,0,0,5,0,0,0,0,1,0,0,0,0,0,0,0,0
0,1,0,408,1,542,0,80,0,0,0,5,0,0,0,0,1,0,0,0,0,0,0,0,0
1,1,1,467,1,543,1,80,0,0,0,5,0,0,0,0,1,0,0,0,0,0,0,0,0
1,1,1,368,1,544,1,80,0,0,0,5,0,0,0,0,1,0,0,0,0,0,0,0,0
0,1,0,406.9,1,545,0,80,0,0,0,5,0,0,0,0,1,0,0,0,0,0,0,0,0
1,1,0,535.8,0,546,0,80,0,0,0,5,0,0,0,0,1,0,0,0,0,0,0,0,0
0,1,1,494.8,0,547,1,80,0,0,0,5,0,0,0,0,1,0,0,0,0,0,0,0,0
1,1,1,863.8,1,548,1,80,0,2,0,5,0,0,0,0,1,0,0,0,0,0,0,0,0
0,1,0,434.8,1,549,0,80,0,0,0,5,0,0,0,0,1,0,0,0,0,0,0,0,0
0,1,0,513.7,1,550,0,80,0,0,0,5,0,0,0,0,1,0,0,0,0,0,0,0,0
1,0,1,334.7,0,551,0,80,0,1,0,5,0,0,0,0,1,0,0,0,0,0,0,0,0
1,1,1,463.7,1,552,1,80,0,0,1,5,0,0,0,0,1,0,0,0,0,0,0,0,0
1,1,1,440.7,1,553,1,80,0,0,0,5,0,0,0,0,1,0,0,0,0,0,0,0,0
0,1,0,407.6,1,554,0,80,0,0,0,5,0,0,0,0,1,0,0,0,0,0,0,0,0
0,1,1,468.6,0,555,1,80,0,0,0,5,0,0,0,0,1,0,0,0,0,0,0,0,0
0,1,1,409.6,0,556,1,80,0,0,0,5,0,0,0,0,1,0,0,0,0,0,0,0,0
1,1,0,478.6,0,557,0,80,0,0,0,5,0,0,0,0,1,0,0,0,0,0,0,0,0
0,1,0,595.7,1,558,0,80,0,0,0,5,0,0,0,0,1,0,0,0,0,0,0,0,0
0,1,0,416.7,1,559,0,80,0,0,0,5,0,0,0,0,1,0,0,0,0,0,0,0,0
0,1,1,445.6,0,560,1,80,0,0,0,5,0,0,0,0,1,0,0,0,0,0,0,0,0
0,1,0,450.8,1,561,0,20,0,0,0,6,0,0,0,0,0,1,0,0,0,0,0,0,0
0,1,1,501.5,0,562,1,20,0,0,0,6,0,0,0,0,0,1,0,0,0,0,0,0,0
1,1,0,530.4,0,563,0,20,0,0,0,6,0,0,0,0,0,1,0,0,0,0,0,0,0
0,1,1,423.6,0,564,1,20,0,0,0,6,0,0,0,0,0,1,0,0,0,0,0,0,0
0,1,1,1004.5,0,565,1,20,0,2,0,6,0,0,0,0,0,1,0,0,0,0,0,0,0
1,1,0,475.3,0,566,0,20,0,0,0,6,0,0,0,0,0,1,0,0,0,0,0,0,0
0,1,0,386.3,1,567,0,20,0,0,0,6,0,0,0,0,0,1,0,0,0,0,0,0,0
1,1,0,777.5,0,568,0,20,0,0,0,6,0,0,0,0,0,1,0,0,0,0,0,0,0
0,1,1,478.3,0,569,1,20,0,0,0,6,0,0,0,0,0,1,0,0,0,0,0,0,0
0,1,1,483.4,0,570,1,20,0,0,0,6,0,0,0,0,0,1,0,0,0,0,0,0,0
0,1,0,896.3,1,571,0,20,0,2,0,6,0,0,0,0,0,1,0,0,0,0,0,0,0
0,1,1,569.3,0,572,1,20,0,0,0,6,0,0,0,0,0,1,0,0,0,0,0,0,0
1,1,0,520.3,0,573,0,20,0,0,0,6,0,0,0,0,0,1,0,0,0,0,0,0,0
1,1,0,475.1,0,574,0,20,0,0,0,6,0,0,0,0,0,1,0,0,0,0,0,0,0
1,1,0,512.3,0,575,0,20,0,0,0,6,0,0,0,0,0,1,0,0,0,0,0,0,0
1,1,0,379.2,0,576,0,20,0,0,0,6,0,0,0,0,0,1,0,0,0,0,0,0,0
0,1,1,480.1,0,577,1,20,0,0,0,6,0,0,0,0,0,1,0,0,0,0,0,0,0
0,1,1,461.1,0,578,1,20,0,0,0,6,0,0,0,0,0,1,0,0,0,0,0,0,0
1,1,0,404,0,579,0,20,0,0,0,6,0,0,0,0,0,1,0,0,0,0,0,0,0
1,1,0,471,0,580,0,20,0,0,0,6,0,0,0,0,0,1,0,0,0,0,0,0,0
1,1,0,332,0,581,0,20,0,0,0,6,0,0,0,0,0,1,0,0,0,0,0,0,0
1,1,0,369,0,582,0,20,0,0,0,6,0,0,0,0,0,1,0,0,0,0,0,0,0
0,1,1,472.2,0,583,1,20,0,0,0,6,0,0,0,0,0,1,0,0,0,0,0,0,0
0,1,1,432.9,0,584,1,20,0,0,0,6,0,0,0,0,0,1,0,0,0,0,0,0,0
1,1,0,352.1,0,585,0,20,0,0,0,6,0,0,0,0,0,1,0,0,0,0,0,0,0
0,1,1,513,0,586,1,20,0,0,0,6,0,0,0,0,0,1,0,0,0,0,0,0,0
0,1,1,397.9,0,587,1,20,0,0,0,6,0,0,0,0,0,1,0,0,0,0,0,0,0
0,1,1,413,0,588,1,20,0,0,0,6,0,0,0,0,0,1,0,0,0,0,0,0,0
1,1,1,667.8,1,589,1,20,0,0,0,6,0,0,0,0,0,1,0,0,0,0,0,0,0
1,1,1,443,1,590,1,20,0,0,0,6,0,0,0,0,0,1,0,0,0,0,0,0,0
1,1,0,439.8,0,591,0,20,0,0,0,6,0,0,0,0,0,1,0,0,0,0,0,0,0
1,1,0,392.8,0,592,0,20,0,0,0,6,0,0,0,0,0,1,0,0,0,0,0,0,0
1,1,1,423.8,1,593,1,20,0,0,0,6,0,0,0,0,0,1,0,0,0,0,0,0,0
1,1,1,461,1,594,1,20,0,0,0,6,0,0,0,0,0,1,0,0,0,0,0,0,0
0,1,1,465.8,0,595,1,20,0,0,0,6,0,0,0,0,0,1,0,0,0,0,0,0,0
0,1,1,396.9,0,596,1,20,0,0,0,6,0,0,0,0,0,1,0,0,0,0,0,0,0
1,1,0,433.6,0,597,0,20,0,0,0,6,0,0,0,0,0,1,0,0,0,0,0,0,0
1,1,0,494.8,0,598,0,20,0,0,0,6,0,0,0,0,0,1,0,0,0,0,0,0,0
0,1,1,415.6,0,599,1,20,0,0,0,6,0,0,0,0,0,1,0,0,0,0,0,0,0
0,1,0,526.5,1,600,0,20,0,0,0,6,0,0,0,0,0,1,0,0,0,0,0,0,0
1,1,0,567.6,0,601,0,80,0,0,0,7,0,0,0,0,0,0,1,0,0,0,0,0,0
0,1,0,418.5,1,602,0,80,0,0,0,7,0,0,0,0,0,0,1,0,0,0,0,0,0
1,1,0,487.4,0,603,0,80,0,0,0,7,0,0,0,0,0,0,1,0,0,0,0,0,0
1,1,1,538.5,1,604,1,80,0,0,0,7,0,0,0,0,0,0,1,0,0,0,0,0,0
0,1,0,529.3,1,605,0,80,0,0,0,7,0,0,0,0,0,0,1,0,0,0,0,0,0
0,1,0,422.4,1,606,0,80,0,0,0,7,0,0,0,0,0,0,1,0,0,0,0,0,0
0,1,1,525.3,0,607,1,80,0,0,0,7,0,0,0,0,0,0,1,0,0,0,0,0,0
1,1,1,468.3,1,608,1,80,0,0,0,7,0,0,0,0,0,0,1,0,0,0,0,0,0
0,1,0,433.3,1,609,0,80,0,0,0,7,0,0,0,0,0,0,1,0,0,0,0,0,0
1,1,1,422.4,1,610,1,80,0,0,0,7,0,0,0,0,0,0,1,0,0,0,0,0,0
0,1,0,483.4,1,611,0,80,0,0,0,7,0,0,0,0,0,0,1,0,0,0,0,0,0
0,1,0,442.4,1,612,0,80,0,0,0,7,0,0,0,0,0,0,1,0,0,0,0,0,0
0,1,0,413.2,1,613,0,80,0,0,0,7,0,0,0,0,0,0,1,0,0,0,0,0,0
1,1,1,362.3,1,614,1,80,0,0,0,7,0,0,0,0,0,0,1,0,0,0,0,0,0
0,1,0,387.2,1,615,0,80,0,0,0,7,0,0,0,0,0,0,1,0,0,0,0,0,0
0,1,0,388.2,1,616,0,80,0,0,0,7,0,0,0,0,0,0,1,0,0,0,0,0,0
1,1,1,353.1,1,617,1,80,0,0,0,7,0,0,0,0,0,0,1,0,0,0,0,0,0
0,1,0,342.2,1,618,0,80,0,0,0,7,0,0,0,0,0,0,1,0,0,0,0,0,0
1,1,1,563.1,1,619,1,80,0,0,0,7,0,0,0,0,0,0,1,0,0,0,0,0,0
1,1,1,362.2,1,620,1,80,0,0,0,7,0,0,0,0,0,0,1,0,0,0,0,0,0
1,1,1,343.1,1,621,1,80,0,0,0,7,0,0,0,0,0,0,1,0,0,0,0,0,0
0,1,0,436.2,1,622,0,80,0,0,0,7,0,0,0,0,0,0,1,0,0,0,0,0,0
1,1,1,369.1,1,623,1,80,0,0,0,7,0,0,0,0,0,0,1,0,0,0,0,0,0
0,1,1,462.1,0,624,1,80,0,0,0,7,0,0,0,0,0,0,1,0,0,0,0,0,0
0,1,0,433,1,625,0,80,0,0,0,7,0,0,0,0,0,0,1,0,0,0,0,0,0
0,1,0,912.1,1,626,0,80,0,2,0,7,0,0,0,0,0,0,1,0,0,0,0,0,0
1,1,0,527.1,0,627,0,80,0,0,0,7,0,0,0,0,0,0,1,0,0,0,0,0,0
1,1,1,406,1,628,1,80,0,0,0,7,0,0,0,0,0,0,1,0,0,0,0,0,0
1,1,1,419,1,629,1,80,0,0,0,7,0,0,0,0,0,0,1,0,0,0,0,0,0
1,1,1,355.8,1,630,1,80,0,0,0,7,0,0,0,0,0,0,1,0,0,0,0,0,0
1,1,1,360.8,1,631,1,80,0,0,0,7,0,0,0,0,0,0,1,0,0,0,0,0,0
0,1,0,461.8,1,632,0,80,0,0,0,7,0,0,0,0,0,0,1,0,0,0,0,0,0
0,1,1,524.8,0,633,1,80,0,0,0,7,0,0,0,0,0,0,1,0,0,0,0,0,0
0,1,0,549.7,1,634,0,80,0,0,0,7,0,0,0,0,0,0,1,0,0,0,0,0,0
1,1,1,390.7,1,635,1,80,0,0,0,7,0,0,0,0,0,0,1,0,0,0,0,0,0
0,1,1,557.8,0,636,1,80,0,0,0,7,0,0,0,0,0,0,1,0,0,0,0,0,0
0,1,0,1006.6,1,637,0,80,0,2,0,7,0,0,0,0,0,0,1,0,0,0,0,0,0
1,1,1,589.5,1,638,1,80,0,0,0,7,0,0,0,0,0,0,1,0,0,0,0,0,0
1,1,1,354.6,1,639,1,80,0,0,0,7,0,0,0,0,0,0,1,0,0,0,0,0,0
1,1,0,441.7,0,640,0,80,0,0,0,7,0,0,0,0,0,0,1,0,0,0,0,0,0
0,1,0,451.9,1,641,0,80,0,0,0,7,0,0,0,0,0,0,1,0,0,0,0,0,0
0,1,0,352.9,1,642,0,80,0,0,0,7,0,0,0,0,0,0,1,0,0,0,0,0,0
1,1,1,403.9,1,643,1,80,0,0,0,7,0,0,0,0,0,0,1,0,0,0,0,0,0
1,1,1,398.9,1,644,1,80,0,0,0,7,0,0,0,0,0,0,1,0,0,0,0,0,0
1,1,1,1555.7,1,645,1,80,0,2,0,7,0,0,0,0,0,0,1,0,0,0,0,0,0
1,1,1,382.8,1,646,1,80,0,0,0,7,0,0,0,0,0,0,1,0,0,0,0,0,0
0,1,0,461.8,1,647,0,80,0,0,0,7,0,0,0,0,0,0,1,0,0,0,0,0,0
0,1,0,444.7,1,648,0,80,0,0,0,7,0,0,0,0,0,0,1,0,0,0,0,0,0
0,1,1,453.8,0,649,1,80,0,0,0,7,0,0,0,0,0,0,1,0,0,0,0,0,0
0,1,0,436.7,1,650,0,80,0,0,0,7,0,0,0,0,0,0,1,0,0,0,0,0,0
0,1,1,489.7,0,651,1,80,0,0,0,7,0,0,0,0,0,0,1,0,0,0,0,0,0
1,1,1,366.6,1,652,1,80,0,0,0,7,0,0,0,0,0,0,1,0,0,0,0,0,0
0,1,0,493.8,1,653,0,80,0,0,0,7,0,0,0,0,0,0,1,0,0,0,0,0,0
0,1,0,620.6,1,654,0,80,0,0,0,7,0,0,0,0,0,0,1,0,0,0,0,0,0
0,1,0,435.6,1,655,0,80,0,0,0,7,0,0,0,0,0,0,1,0,0,0,0,0,0
0,1,0,428.6,1,656,0,80,0,0,0,7,0,0,0,0,0,0,1,0,0,0,0,0,0
1,1,1,373.7,1,657,1,80,0,0,0,7,0,0,0,0,0,0,1,0,0,0,0,0,0
1,1,1,354.4,1,658,1,80,0,0,0,7,0,0,0,0,0,0,1,0,0,0,0,0,0
1,1,1,325.6,1,659,1,80,0,0,0,7,0,0,0,0,0,0,1,0,0,0,0,0,0
0,1,0,418.4,1,660,0,80,0,0,0,7,0,0,0,0,0,0,1,0,0,0,0,0,0
1,1,1,359.4,1,661,1,80,0,0,0,7,0,0,0,0,0,0,1,0,0,0,0,0,0
1,1,1,358.4,1,662,1,80,0,0,0,7,0,0,0,0,0,0,1,0,0,0,0,0,0
0,1,1,453.3,0,663,1,80,0,0,0,7,0,0,0,0,0,0,1,0,0,0,0,0,0
1,1,1,370.4,1,664,1,80,0,0,0,7,0,0,0,0,0,0,1,0,0,0,0,0,0
1,1,1,329.4,1,665,1,80,0,0,0,7,0,0,0,0,0,0,1,0,0,0,0,0,0
0,1,0,430.4,1,666,0,80,0,0,0,7,0,0,0,0,0,0,1,0,0,0,0,0,0
0,1,0,465.4,1,667,0,80,0,0,0,7,0,0,0,0,0,0,1,0,0,0,0,0,0
1,1,0,494.3,0,668,0,80,0,0,0,7,0,0,0,0,0,0,1,0,0,0,0,0,0
0,1,1,467.3,0,669,1,80,0,0,0,7,0,0,0,0,0,0,1,0,0,0,0,0,0
1,1,0,412.2,0,670,0,80,0,0,0,7,0,0,0,0,0,0,1,0,0,0,0,0,0
0,1,0,513.3,1,671,0,80,0,0,0,7,0,0,0,0,0,0,1,0,0,0,0,0,0
0,1,0,370.3,1,672,0,80,0,0,0,7,0,0,0,0,0,0,1,0,0,0,0,0,0
1,1,1,583.2,1,673,1,80,0,0,0,7,0,0,0,0,0,0,1,0,0,0,0,0,0
1,1,0,542.3,0,674,0,80,0,0,0,7,0,0,0,0,0,0,1,0,0,0,0,0,0
1,1,1,403.1,1,675,1,80,0,0,0,7,0,0,0,0,0,0,1,0,0,0,0,0,0
1,1,0,388.2,0,676,0,80,0,0,0,7,0,0,0,0,0,0,1,0,0,0,0,0,0
0,1,0,339,1,677,0,80,0,0,0,7,0,0,0,0,0,0,1,0,0,0,0,0,0
1,1,1,408,1,678,1,80,0,0,0,7,0,0,0,0,0,0,1,0,0,0,0,0,0
1,1,1,597,1,679,1,80,0,0,0,7,0,0,0,0,0,0,1,0,0,0,0,0,0
0,1,0,388,1,680,0,80,0,0,0,7,0,0,0,0,0,0,1,0,0,0,0,0,0
0,1,1,832.9,0,681,1,20,0,0,0,8,0,0,0,0,0,0,0,1,0,0,0,0,0
1,1,0,439.8,0,682,0,20,0,0,0,8,0,0,0,0,0,0,0,1,0,0,0,0,0
1,1,0,432.8,0,683,0,20,0,0,0,8,0,0,0,0,0,0,0,1,0,0,0,0,0
0,1,1,367.8,0,684,1,20,0,0,0,8,0,0,0,0,0,0,0,1,0,0,0,0,0
0,1,1,360.8,0,685,1,20,0,0,0,8,0,0,0,0,0,0,0,1,0,0,0,0,0
0,1,1,413.7,0,686,1,20,0,0,0,8,0,0,0,0,0,0,0,1,0,0,0,0,0
0,1,0,482.8,1,687,0,20,0,0,0,8,0,0,0,0,0,0,0,1,0,0,0,0,0
0,1,1,527.9,0,688,1,20,0,0,0,8,0,0,0,0,0,0,0,1,0,0,0,0,0
1,1,1,324.8,1,689,1,20,0,0,0,8,0,0,0,0,0,0,0,1,0,0,0,0,0
0,1,0,627.7,1,690,0,20,0,0,0,8,0,0,0,0,0,0,0,1,0,0,0,0,0
1,1,0,774.6,0,691,0,20,0,0,0,8,0,0,0,0,0,0,0,1,0,0,0,0,0
1,1,0,395.8,0,692,0,20,0,0,0,8,0,0,0,0,0,0,0,1,0,0,0,0,0
1,1,0,364.6,0,693,0,20,0,0,0,8,0,0,0,0,0,0,0,1,0,0,0,0,0
1,1,0,339.5,0,694,0,20,0,0,0,8,0,0,0,0,0,0,0,1,0,0,0,0,0
1,1,0,368.6,0,695,0,20,0,0,0,8,0,0,0,0,0,0,0,1,0,0,0,0,0
0,1,1,423.5,0,696,1,20,0,0,0,8,0,0,0,0,0,0,0,1,0,0,0,0,0
1,1,0,416.5,0,697,0,20,0,0,0,8,0,0,0,0,0,0,0,1,0,0,0,0,0
0,1,1,429.5,0,698,1,20,0,0,0,8,0,0,0,0,0,0,0,1,0,0,0,0,0
0,1,1,452.5,0,699,1,20,0,0,0,8,0,0,0,0,0,0,0,1,0,0,0,0,0
1,1,0,441.5,0,700,0,20,0,0,0,8,0,0,0,0,0,0,0,1,0,0,0,0,0
1,1,0,406.5,0,701,0,20,0,0,0,8,0,0,0,0,0,0,0,1,0,0,0,0,0
0,1,1,447.4,0,702,1,20,0,0,0,8,0,0,0,0,0,0,0,1,0,0,0,0,0
0,1,1,498.3,0,703,1,20,0,0,0,8,0,0,0,0,0,0,0,1,0,0,0,0,0
0,1,1,447.4,0,704,1,20,0,0,0,8,0,0,0,0,0,0,0,1,0,0,0,0,0
1,1,0,422.4,0,705,0,20,0,0,0,8,0,0,0,0,0,0,0,1,0,0,0,0,0
1,1,0,529.2,0,706,0,20,0,0,0,8,0,0,0,0,0,0,0,1,0,0,0,0,0
0,1,1,430.2,0,707,1,20,0,0,0,8,0,0,0,0,0,0,0,1,0,0,0,0,0
0,1,1,397.3,0,708,1,20,0,0,0,8,0,0,0,0,0,0,0,1,0,0,0,0,0
1,1,0,488.3,0,709,0,20,0,0,0,8,0,0,0,0,0,0,0,1,0,0,0,0,0
1,1,0,445.2,0,710,0,20,0,0,0,8,0,0,0,0,0,0,0,1,0,0,0,0,0
1,1,0,394.2,0,711,0,20,0,0,0,8,0,0,0,0,0,0,0,1,0,0,0,0,0
0,1,0,471.3,1,712,0,20,0,0,0,8,0,0,0,0,0,0,0,1,0,0,0,0,0
0,1,0,364.3,1,713,0,20,0,0,0,8,0,0,0,0,0,0,0,1,0,0,0,0,0
1,1,1,353.2,1,714,1,20,0,0,0,8,0,0,0,0,0,0,0,1,0,0,0,0,0
0,1,1,450.1,0,715,1,20,0,0,0,8,0,0,0,0,0,0,0,1,0,0,0,0,0
1,1,0,477.1,0,716,0,20,0,0,0,8,0,0,0,0,0,0,0,1,0,0,0,0,0
1,1,1,428.1,1,717,1,20,0,0,0,8,0,0,0,0,0,0,0,1,0,0,0,0,0
1,1,1,337,1,718,1,20,0,0,0,8,0,0,0,0,0,0,0,1,0,0,0,0,0
0,1,1,408,0,719,1,20,0,0,0,8,0,0,0,0,0,0,0,1,0,0,0,0,0
0,1,1,366.9,0,720,1,20,0,0,0,8,0,0,0,0,0,0,0,1,0,0,0,0,0
1,1,1,333.9,1,721,1,80,0,0,0,9,0,0,0,0,0,0,0,0,1,0,0,0,0
1,1,1,357,1,722,1,80,0,0,0,9,0,0,0,0,0,0,0,0,1,0,0,0,0
0,1,0,449.9,1,723,0,80,0,0,0,9,0,0,0,0,0,0,0,0,1,0,0,0,0
0,1,0,404.9,1,724,0,80,0,0,0,9,0,0,0,0,0,0,0,0,1,0,0,0,0
1,1,1,337.8,1,725,1,80,0,0,0,9,0,0,0,0,0,0,0,0,1,0,0,0,0
1,1,1,350.9,1,726,1,80,0,0,0,9,0,0,0,0,0,0,0,0,1,0,0,0,0
1,1,1,349.9,1,727,1,80,0,0,0,9,0,0,0,0,0,0,0,0,1,0,0,0,0
0,1,0,382.9,1,728,0,80,0,0,0,9,0,0,0,0,0,0,0,0,1,0,0,0,0
1,1,1,317.9,1,729,1,80,0,0,0,9,0,0,0,0,0,0,0,0,1,0,0,0,0
0,1,0,508.7,1,730,0,80,0,0,0,9,0,0,0,0,0,0,0,0,1,0,0,0,0
0,1,0,491.7,1,731,0,80,0,0,0,9,0,0,0,0,0,0,0,0,1,0,0,0,0
0,1,0,396.6,1,732,0,80,0,0,0,9,0,0,0,0,0,0,0,0,1,0,0,0,0
1,1,1,393.6,1,733,1,80,0,0,0,9,0,0,0,0,0,0,0,0,1,0,0,0,0
1,1,1,358.8,1,734,1,80,0,0,0,9,0,0,0,0,0,0,0,0,1,0,0,0,0
0,1,0,387.6,1,735,0,80,0,0,0,9,0,0,0,0,0,0,0,0,1,0,0,0,0
1,1,0,422.6,0,736,0,80,0,0,0,9,0,0,0,0,0,0,0,0,1,0,0,0,0
0,1,0,341.6,1,737,0,80,0,0,0,9,0,0,0,0,0,0,0,0,1,0,0,0,0
1,1,0,362.5,0,738,0,80,0,0,0,9,0,0,0,0,0,0,0,0,1,0,0,0,0
1,1,1,367.5,1,739,1,80,0,0,0,9,0,0,0,0,0,0,0,0,1,0,0,0,0
1,1,1,330.4,1,740,1,80,0,0,0,9,0,0,0,0,0,0,0,0,1,0,0,0,0
0,1,1,417.4,0,741,1,80,0,0,0,9,0,0,0,0,0,0,0,0,1,0,0,0,0
0,1,0,376.4,1,742,0,80,0,0,0,9,0,0,0,0,0,0,0,0,1,0,0,0,0
1,1,1,325.6,1,743,1,80,0,0,0,9,0,0,0,0,0,0,0,0,1,0,0,0,0
1,1,1,344.4,1,744,1,80,0,0,0,9,0,0,0,0,0,0,0,0,1,0,0,0,0
0,1,1,385.4,0,745,1,80,0,0,0,9,0,0,0,0,0,0,0,0,1,0,0,0,0
1,1,1,322.4,1,746,1,80,0,0,0,9,0,0,0,0,0,0,0,0,1,0,0,0,0
0,1,0,461.2,1,747,0,80,0,0,0,9,0,0,0,0,0,0,0,0,1,0,0,0,0
0,1,1,714.3,0,748,1,80,0,0,0,9,0,0,0,0,0,0,0,0,1,0,0,0,0
1,1,1,351.1,1,749,1,80,0,0,0,9,0,0,0,0,0,0,0,0,1,0,0,0,0
1,1,1,352.1,1,750,1,80,0,0,0,9,0,0,0,0,0,0,0,0,1,0,0,0,0
0,1,0,413.1,1,751,0,80,0,0,0,9,0,0,0,0,0,0,0,0,1,0,0,0,0
0,1,1,436.2,0,752,1,80,0,0,0,9,0,0,0,0,0,0,0,0,1,0,0,0,0
0,1,0,421.1,1,753,0,80,0,0,0,9,0,0,0,0,0,0,0,0,1,0,0,0,0
0,1,0,386.1,1,754,0,80,0,0,0,9,0,0,0,0,0,0,0,0,1,0,0,0,0
0,1,0,361,1,755,0,80,0,0,0,9,0,0,0,0,0,0,0,0,1,0,0,0,0
1,1,0,648,0,756,0,80,0,0,0,9,0,0,0,0,0,0,0,0,1,0,0,0,0
0,1,0,340.9,1,757,0,80,0,0,0,9,0,0,0,0,0,0,0,0,1,0,0,0,0
1,1,1,369.9,1,758,1,80,0,0,0,9,0,0,0,0,0,0,0,0,1,0,0,0,0
1,1,0,504.9,0,759,0,80,0,0,0,9,0,0,0,0,0,0,0,0,1,0,0,0,0
0,1,0,453.9,1,760,0,80,0,0,0,9,0,0,0,0,0,0,0,0,1,0,0,0,0
1,1,0,442.9,0,761,0,20,0,0,0,10,0,0,0,0,0,0,0,0,0,1,0,0,0
0,1,1,435.8,0,762,1,20,0,0,0,10,0,0,0,0,0,0,0,0,0,1,0,0,0
0,1,1,480.8,0,763,1,20,0,0,0,10,0,0,0,0,0,0,0,0,0,1,0,0,0
0,1,1,421.9,0,764,1,20,0,0,0,10,0,0,0,0,0,0,0,0,0,1,0,0,0
0,1,1,360.8,0,765,1,20,0,0,0,10,0,0,0,0,0,0,0,0,0,1,0,0,0
1,1,0,381.8,0,766,0,20,0,0,0,10,0,0,0,0,0,0,0,0,0,1,0,0,0
0,1,0,472.7,1,767,0,20,0,0,0,10,0,0,0,0,0,0,0,0,0,1,0,0,0
0,1,1,463.8,0,768,1,20,0,0,0,10,0,0,0,0,0,0,0,0,0,1,0,0,0
0,1,1,404.8,0,769,1,20,0,0,0,10,0,0,0,0,0,0,0,0,0,1,0,0,0
0,1,1,399.6,0,770,1,20,0,0,0,10,0,0,0,0,0,0,0,0,0,1,0,0,0
0,1,1,366.7,0,771,1,20,0,0,0,10,0,0,0,0,0,0,0,0,0,1,0,0,0
0,1,0,413.5,1,772,0,20,0,0,0,10,0,0,0,0,0,0,0,0,0,1,0,0,0
0,1,1,386.6,0,773,1,20,0,0,0,10,0,0,0,0,0,0,0,0,0,1,0,0,0
0,1,1,463.6,0,774,1,20,0,0,0,10,0,0,0,0,0,0,0,0,0,1,0,0,0
1,1,0,420.6,0,775,0,20,0,0,0,10,0,0,0,0,0,0,0,0,0,1,0,0,0
1,1,0,497.7,0,776,0,20,0,0,0,10,0,0,0,0,0,0,0,0,0,1,0,0,0
0,1,1,520.7,0,777,1,20,0,0,0,10,0,0,0,0,0,0,0,0,0,1,0,0,0
0,1,1,397.5,0,778,1,20,0,0,0,10,0,0,0,0,0,0,0,0,0,1,0,0,0
0,1,1,340.4,0,779,1,20,0,0,0,10,0,0,0,0,0,0,0,0,0,1,0,0,0
1,1,0,397.4,0,780,0,20,0,0,0,10,0,0,0,0,0,0,0,0,0,1,0,0,0
0,1,1,388.4,0,781,1,20,0,0,0,10,0,0,0,0,0,0,0,0,0,1,0,0,0
1,1,0,411.4,0,782,0,20,0,0,0,10,0,0,0,0,0,0,0,0,0,1,0,0,0
1,1,0,432.5,0,783,0,20,0,0,0,10,0,0,0,0,0,0,0,0,0,1,0,0,0
0,1,1,515.3,0,784,1,20,0,0,0,10,0,0,0,0,0,0,0,0,0,1,0,0,0
1,1,0,390.4,0,785,0,20,0,0,0,10,0,0,0,0,0,0,0,0,0,1,0,0,0
1,1,0,373.2,0,786,0,20,0,0,0,10,0,0,0,0,0,0,0,0,0,1,0,0,0
1,1,0,362.3,0,787,0,20,0,0,0,10,0,0,0,0,0,0,0,0,0,1,0,0,0
1,1,0,427.2,0,788,0,20,0,0,0,10,0,0,0,0,0,0,0,0,0,1,0,0,0
0,1,0,312.2,1,789,0,20,0,0,0,10,0,0,0,0,0,0,0,0,0,1,0,0,0
1,1,0,429.2,0,790,0,20,0,0,0,10,0,0,0,0,0,0,0,0,0,1,0,0,0
1,1,1,372.3,1,791,1,20,0,0,0,10,0,0,0,0,0,0,0,0,0,1,0,0,0
1,1,0,437.1,0,792,0,20,0,0,0,10,0,0,0,0,0,0,0,0,0,1,0,0,0
1,1,1,410.1,1,793,1,20,0,0,0,10,0,0,0,0,0,0,0,0,0,1,0,0,0
1,1,0,431.1,0,794,0,20,0,0,0,10,0,0,0,0,0,0,0,0,0,1,0,0,0
1,1,1,478.1,1,795,1,20,0,0,0,10,0,0,0,0,0,0,0,0,0,1,0,0,0
0,1,1,379.2,0,796,1,20,0,0,0,10,0,0,0,0,0,0,0,0,0,1,0,0,0
1,1,0,394.1,0,797,0,20,0,0,0,10,0,0,0,0,0,0,0,0,0,1,0,0,0
1,1,1,383.2,1,798,1,20,0,0,0,10,0,0,0,0,0,0,0,0,0,1,0,0,0
1,1,0,382.1,0,799,0,20,0,0,0,10,0,0,0,0,0,0,0,0,0,1,0,0,0
0,1,0,335,1,800,0,20,0,0,0,10,0,0,0,0,0,0,0,0,0,1,0,0,0
0,1,1,380.8,0,801,1,20,0,0,0,10,0,0,0,0,0,0,0,0,0,1,0,0,0
0,1,1,369.9,0,802,1,20,0,0,0,10,0,0,0,0,0,0,0,0,0,1,0,0,0
0,1,0,432.8,1,803,0,20,0,0,0,10,0,0,0,0,0,0,0,0,0,1,0,0,0
0,1,1,487.8,0,804,1,20,0,0,0,10,0,0,0,0,0,0,0,0,0,1,0,0,0
1,1,0,412.8,0,805,0,20,0,0,0,10,0,0,0,0,0,0,0,0,0,1,0,0,0
1,1,0,437.7,0,806,0,20,0,0,0,10,0,0,0,0,0,0,0,0,0,1,0,0,0
1,1,0,386.7,0,807,0,20,0,0,0,10,0,0,0,0,0,0,0,0,0,1,0,0,0
0,1,1,421.7,0,808,1,20,0,0,0,10,0,0,0,0,0,0,0,0,0,1,0,0,0
1,1,0,404.6,0,809,0,20,0,0,0,10,0,0,0,0,0,0,0,0,0,1,0,0,0
1,1,1,403.7,1,810,1,20,0,0,0,10,0,0,0,0,0,0,0,0,0,1,0,0,0
0,1,1,626.5,0,811,1,20,0,0,0,10,0,0,0,0,0,0,0,0,0,1,0,0,0
1,1,1,399.5,1,812,1,20,0,0,0,10,0,0,0,0,0,0,0,0,0,1,0,0,0
0,1,1,436.6,0,813,1,20,0,0,0,10,0,0,0,0,0,0,0,0,0,1,0,0,0
1,1,0,427.5,0,814,0,20,0,0,0,10,0,0,0,0,0,0,0,0,0,1,0,0,0
0,1,0,462.4,1,815,0,20,0,0,0,10,0,0,0,0,0,0,0,0,0,1,0,0,0
1,1,0,523.4,0,816,0,20,0,0,0,10,0,0,0,0,0,0,0,0,0,1,0,0,0
0,1,1,456.4,0,817,1,20,0,0,0,10,0,0,0,0,0,0,0,0,0,1,0,0,0
0,1,1,579.4,0,818,1,20,0,0,0,10,0,0,0,0,0,0,0,0,0,1,0,0,0
0,1,1,422.4,0,819,1,20,0,0,0,10,0,0,0,0,0,0,0,0,0,1,0,0,0
0,1,0,435.3,1,820,0,20,0,0,0,10,0,0,0,0,0,0,0,0,0,1,0,0,0
1,1,0,458.3,0,821,0,20,0,0,0,10,0,0,0,0,0,0,0,0,0,1,0,0,0
0,1,0,515.2,1,822,0,20,0,0,0,10,0,0,0,0,0,0,0,0,0,1,0,0,0
1,1,0,432.2,0,823,0,20,0,0,0,10,0,0,0,0,0,0,0,0,0,1,0,0,0
1,1,0,415.2,0,824,0,20,0,0,0,10,0,0,0,0,0,0,0,0,0,1,0,0,0
1,1,0,376.2,0,825,0,20,0,0,0,10,0,0,0,0,0,0,0,0,0,1,0,0,0
1,1,0,337.2,0,826,0,20,0,0,0,10,0,0,0,0,0,0,0,0,0,1,0,0,0
1,1,0,328.2,0,827,0,20,0,0,0,10,0,0,0,0,0,0,0,0,0,1,0,0,0
0,1,1,421.1,0,828,1,20,0,0,0,10,0,0,0,0,0,0,0,0,0,1,0,0,0
1,1,1,496.1,1,829,1,20,0,0,0,10,0,0,0,0,0,0,0,0,0,1,0,0,0
1,1,0,413.1,0,830,0,20,0,0,0,10,0,0,0,0,0,0,0,0,0,1,0,0,0
1,1,0,554.1,0,831,0,20,0,0,0,10,0,0,0,0,0,0,0,0,0,1,0,0,0
1,1,1,399,1,832,1,20,0,0,0,10,0,0,0,0,0,0,0,0,0,1,0,0,0
0,1,1,1228,0,833,1,20,0,2,0,10,0,0,0,0,0,0,0,0,0,1,0,0,0
0,1,1,401,0,834,1,20,0,0,0,10,0,0,0,0,0,0,0,0,0,1,0,0,0
0,1,1,384,0,835,1,20,0,0,0,10,0,0,0,0,0,0,0,0,0,1,0,0,0
0,1,1,357,0,836,1,20,0,0,0,10,0,0,0,0,0,0,0,0,0,1,0,0,0
0,1,1,364,0,837,1,20,0,0,0,10,0,0,0,0,0,0,0,0,0,1,0,0,0
0,1,1,357,0,838,1,20,0,0,0,10,0,0,0,0,0,0,0,0,0,1,0,0,0
1,1,0,406,0,839,0,20,0,0,0,10,0,0,0,0,0,0,0,0,0,1,0,0,0
1,1,0,316.9,0,840,0,20,0,0,0,10,0,0,0,0,0,0,0,0,0,1,0,0,0
1,1,1,393.9,1,841,1,80,0,0,0,11,0,0,0,0,0,0,0,0,0,0,1,0,0
1,1,0,392.8,0,842,0,80,0,0,0,11,0,0,0,0,0,0,0,0,0,0,1,0,0
0,1,0,349.8,1,843,0,80,0,0,0,11,0,0,0,0,0,0,0,0,0,0,1,0,0
0,1,0,330.9,1,844,0,80,0,0,0,11,0,0,0,0,0,0,0,0,0,0,1,0,0
1,1,1,439.8,1,845,1,80,0,0,0,11,0,0,0,0,0,0,0,0,0,0,1,0,0
1,1,0,438.8,0,846,0,80,0,0,0,11,0,0,0,0,0,0,0,0,0,0,1,0,0
0,1,1,435.8,0,847,1,80,0,0,0,11,0,0,0,0,0,0,0,0,0,0,1,0,0
0,1,0,498.8,1,848,0,80,0,0,0,11,0,0,0,0,0,0,0,0,0,0,1,0,0
0,1,0,479.8,1,849,0,80,0,0,0,11,0,0,0,0,0,0,0,0,0,0,1,0,0
1,1,0,496.7,0,850,0,80,0,0,0,11,0,0,0,0,0,0,0,0,0,0,1,0,0
0,1,0,343.7,1,851,0,80,0,0,0,11,0,0,0,0,0,0,0,0,0,0,1,0,0
1,1,1,446.7,1,852,1,80,0,0,0,11,0,0,0,0,0,0,0,0,0,0,1,0,0
1,1,1,339.7,1,853,1,80,0,0,0,11,0,0,0,0,0,0,0,0,0,0,1,0,0
0,1,1,456.7,0,854,1,80,0,0,0,11,0,0,0,0,0,0,0,0,0,0,1,0,0
0,1,0,641.7,1,855,0,80,0,0,0,11,0,0,0,0,0,0,0,0,0,0,1,0,0
0,1,0,342.6,1,856,0,80,0,0,0,11,0,0,0,0,0,0,0,0,0,0,1,0,0
1,1,1,353.6,1,857,1,80,0,0,0,11,0,0,0,0,0,0,0,0,0,0,1,0,0
0,1,0,442.5,1,858,0,80,0,0,0,11,0,0,0,0,0,0,0,0,0,0,1,0,0
0,1,0,401.5,1,859,0,80,0,0,0,11,0,0,0,0,0,0,0,0,0,0,1,0,0
1,1,1,360.5,1,860,1,80,0,0,0,11,0,0,0,0,0,0,0,0,0,0,1,0,0
1,1,1,373.5,1,861,1,80,0,0,0,11,0,0,0,0,0,0,0,0,0,0,1,0,0
0,1,0,380.4,1,862,0,80,0,0,0,11,0,0,0,0,0,0,0,0,0,0,1,0,0
1,1,1,367.4,1,863,1,80,0,0,0,11,0,0,0,0,0,0,0,0,0,0,1,0,0
0,1,1,406.5,0,864,1,80,0,0,0,11,0,0,0,0,0,0,0,0,0,0,1,0,0
1,1,1,339.4,1,865,1,80,0,0,0,11,0,0,0,0,0,0,0,0,0,0,1,0,0
0,1,0,364.3,1,866,0,80,0,0,0,11,0,0,0,0,0,0,0,0,0,0,1,0,0
0,1,0,389.5,1,867,0,80,0,0,0,11,0,0,0,0,0,0,0,0,0,0,1,0,0
0,1,0,392.3,1,868,0,80,0,0,0,11,0,0,0,0,0,0,0,0,0,0,1,0,0
1,1,1,349.3,1,869,1,80,0,0,0,11,0,0,0,0,0,0,0,0,0,0,1,0,0
0,1,0,354.3,1,870,0,80,0,0,0,11,0,0,0,0,0,0,0,0,0,0,1,0,0
1,1,1,325.2,1,871,1,80,0,0,0,11,0,0,0,0,0,0,0,0,0,0,1,0,0
1,1,1,340.2,1,872,1,80,0,0,0,11,0,0,0,0,0,0,0,0,0,0,1,0,0
1,1,1,345.1,1,873,1,80,0,0,0,11,0,0,0,0,0,0,0,0,0,0,1,0,0
0,1,1,462.1,0,874,1,80,0,0,0,11,0,0,0,0,0,0,0,0,0,0,1,0,0
0,1,0,393,1,875,0,80,0,0,0,11,0,0,0,0,0,0,0,0,0,0,1,0,0
1,1,1,432,1,876,1,80,0,0,0,11,0,0,0,0,0,0,0,0,0,0,1,0,0
1,1,1,295.1,1,877,1,80,0,0,0,11,0,0,0,0,0,0,0,0,0,0,1,0,0
1,1,0,435.9,0,878,0,80,0,0,0,11,0,0,0,0,0,0,0,0,0,0,1,0,0
0,1,0,409,1,879,0,80,0,0,0,11,0,0,0,0,0,0,0,0,0,0,1,0,0
1,1,1,330,1,880,1,80,0,0,0,11,0,0,0,0,0,0,0,0,0,0,1,0,0
0,1,1,638.8,0,881,1,20,0,0,0,12,0,0,0,0,0,0,0,0,0,0,0,1,0
1,1,1,299.8,1,882,1,20,0,0,0,12,0,0,0,0,0,0,0,0,0,0,0,1,0
0,1,0,436.8,1,883,0,20,0,0,0,12,0,0,0,0,0,0,0,0,0,0,0,1,0
0,1,1,441.8,0,884,1,20,0,0,0,12,0,0,0,0,0,0,0,0,0,0,0,1,0
1,1,0,522.9,0,885,0,20,0,0,0,12,0,0,0,0,0,0,0,0,0,0,0,1,0
0,1,1,445.7,0,886,1,20,0,0,0,12,0,0,0,0,0,0,0,0,0,0,0,1,0
1,1,0,434.7,0,887,0,20,0,0,0,12,0,0,0,0,0,0,0,0,0,0,0,1,0
1,1,1,437.7,1,888,1,20,0,0,0,12,0,0,0,0,0,0,0,0,0,0,0,1,0
1,1,0,428.7,0,889,0,20,0,0,0,12,0,0,0,0,0,0,0,0,0,0,0,1,0
1,1,0,495.6,0,890,0,20,0,0,0,12,0,0,0,0,0,0,0,0,0,0,0,1,0
1,1,0,394.5,0,891,0,20,0,0,0,12,0,0,0,0,0,0,0,0,0,0,0,1,0
1,1,0,341.5,0,892,0,20,0,0,0,12,0,0,0,0,0,0,0,0,0,0,0,1,0
0,1,1,450.7,0,893,1,20,0,0,0,12,0,0,0,0,0,0,0,0,0,0,0,1,0
0,1,0,553.4,1,894,0,20,0,0,0,12,0,0,0,0,0,0,0,0,0,0,0,1,0
1,1,1,310.4,1,895,1,20,0,0,0,12,0,0,0,0,0,0,0,0,0,0,0,1,0
1,1,0,525.3,0,896,0,20,0,0,0,12,0,0,0,0,0,0,0,0,0,0,0,1,0
0,1,1,506.3,0,897,1,20,0,0,0,12,0,0,0,0,0,0,0,0,0,0,0,1,0
0,1,1,367.4,0,898,1,20,0,0,0,12,0,0,0,0,0,0,0,0,0,0,0,1,0
0,1,1,464.3,0,899,1,20,0,0,0,12,0,0,0,0,0,0,0,0,0,0,0,1,0
1,1,0,439.3,0,900,0,20,0,0,0,12,0,0,0,0,0,0,0,0,0,0,0,1,0
0,1,1,508.3,0,901,1,20,0,0,0,12,0,0,0,0,0,0,0,0,0,0,0,1,0
1,1,0,521.3,0,902,0,20,0,0,0,12,0,0,0,0,0,0,0,0,0,0,0,1,0
1,1,0,398.2,0,903,0,20,0,0,0,12,0,0,0,0,0,0,0,0,0,0,0,1,0
1,1,0,333.2,0,904,0,20,0,0,0,12,0,0,0,0,0,0,0,0,0,0,0,1,0
0,1,1,454.4,0,905,1,20,0,0,0,12,0,0,0,0,0,0,0,0,0,0,0,1,0
1,1,0,419.2,0,906,0,20,0,0,0,12,0,0,0,0,0,0,0,0,0,0,0,1,0
0,1,0,466.1,1,907,0,20,0,0,0,12,0,0,0,0,0,0,0,0,0,0,0,1,0
1,1,0,355.1,0,908,0,20,0,0,0,12,0,0,0,0,0,0,0,0,0,0,0,1,0
1,1,0,362.1,0,909,0,20,0,0,0,12,0,0,0,0,0,0,0,0,0,0,0,1,0
1,1,0,327.1,0,910,0,20,0,0,0,12,0,0,0,0,0,0,0,0,0,0,0,1,0
0,1,0,390.1,1,911,0,20,0,0,0,12,0,0,0,0,0,0,0,0,0,0,0,1,0
0,1,1,389,0,912,1,20,0,0,0,12,0,0,0,0,0,0,0,0,0,0,0,1,0
0,1,1,364,0,913,1,20,0,0,0,12,0,0,0,0,0,0,0,0,0,0,0,1,0
1,1,1,381,1,914,1,20,0,0,0,12,0,0,0,0,0,0,0,0,0,0,0,1,0
0,1,1,370,0,915,1,20,0,0,0,12,0,0,0,0,0,0,0,0,0,0,0,1,0
0,1,1,400.9,0,916,1,20,0,0,0,12,0,0,0,0,0,0,0,0,0,0,0,1,0
0,1,1,485.9,0,917,1,20,0,0,0,12,0,0,0,0,0,0,0,0,0,0,0,1,0
0,1,1,347,0,918,1,20,0,0,0,12,0,0,0,0,0,0,0,0,0,0,0,1,0
0,1,1,369.8,0,919,1,20,0,0,0,12,0,0,0,0,0,0,0,0,0,0,0,1,0
1,1,0,374.9,0,920,0,20,0,0,0,12,0,0,0,0,0,0,0,0,0,0,0,1,0
1,1,1,403.8,1,921,1,80,0,0,0,13,0,0,0,0,0,0,0,0,0,0,0,0,1
0,1,0,564.8,1,922,0,80,0,0,0,13,0,0,0,0,0,0,0,0,0,0,0,0,1
1,1,0,377.8,0,923,0,80,0,0,0,13,0,0,0,0,0,0,0,0,0,0,0,0,1
1,1,1,424.7,1,924,1,80,0,0,0,13,0,0,0,0,0,0,0,0,0,0,0,0,1
1,1,1,499.7,1,925,1,80,0,0,0,13,0,0,0,0,0,0,0,0,0,0,0,0,1
0,1,0,384.7,1,926,0,80,0,0,0,13,0,0,0,0,0,0,0,0,0,0,0,0,1
1,1,1,327.7,1,927,1,80,0,0,0,13,0,0,0,0,0,0,0,0,0,0,0,0,1
1,1,1,346.6,1,928,1,80,0,0,0,13,0,0,0,0,0,0,0,0,0,0,0,0,1
1,1,1,329.7,1,929,1,80,0,0,0,13,0,0,0,0,0,0,0,0,0,0,0,0,1
0,1,0,394.5,1,930,0,80,0,0,0,13,0,0,0,0,0,0,0,0,0,0,0,0,1
0,1,0,473.5,1,931,0,80,0,0,0,13,0,0,0,0,0,0,0,0,0,0,0,0,1
0,1,1,462.5,0,932,1,80,0,0,0,13,0,0,0,0,0,0,0,0,0,0,0,0,1
0,1,0,415.5,1,933,0,80,0,0,0,13,0,0,0,0,0,0,0,0,0,0,0,0,1
0,1,1,652.5,0,934,1,80,0,0,0,13,0,0,0,0,0,0,0,0,0,0,0,0,1
0,1,0,607.5,1,935,0,80,0,0,0,13,0,0,0,0,0,0,0,0,0,0,0,0,1
1,1,1,382.4,1,936,1,80,0,0,0,13,0,0,0,0,0,0,0,0,0,0,0,0,1
1,1,1,397.3,1,937,1,80,0,0,0,13,0,0,0,0,0,0,0,0,0,0,0,0,1
1,1,1,438.3,1,938,1,80,0,0,0,13,0,0,0,0,0,0,0,0,0,0,0,0,1
0,1,0,347.3,1,939,0,80,0,0,0,13,0,0,0,0,0,0,0,0,0,0,0,0,1
1,1,1,514.3,1,940,1,80,0,0,0,13,0,0,0,0,0,0,0,0,0,0,0,0,1
1,1,0,369.2,0,941,0,80,0,0,0,13,0,0,0,0,0,0,0,0,0,0,0,0,1
1,1,1,510.2,1,942,1,80,0,0,0,13,0,0,0,0,0,0,0,0,0,0,0,0,1
1,1,1,383.2,1,943,1,80,0,0,0,13,0,0,0,0,0,0,0,0,0,0,0,0,1
0,1,0,492.2,1,944,0,80,0,0,0,13,0,0,0,0,0,0,0,0,0,0,0,0,1
1,1,0,433.3,0,945,0,80,0,0,0,13,0,0,0,0,0,0,0,0,0,0,0,0,1
0,1,0,390.2,1,946,0,80,0,0,0,13,0,0,0,0,0,0,0,0,0,0,0,0,1
0,1,0,405.2,1,947,0,80,0,0,0,13,0,0,0,0,0,0,0,0,0,0,0,0,1
0,1,0,386.2,1,948,0,80,0,0,0,13,0,0,0,0,0,0,0,0,0,0,0,0,1
1,1,1,369.1,1,949,1,80,0,0,0,13,0,0,0,0,0,0,0,0,0,0,0,0,1
0,1,0,462.1,1,950,0,80,0,0,0,13,0,0,0,0,0,0,0,0,0,0,0,0,1
0,1,0,457,1,951,0,80,0,0,0,13,0,0,0,0,0,0,0,0,0,0,0,0,1
1,1,1,382,1,952,1,80,0,0,0,13,0,0,0,0,0,0,0,0,0,0,0,0,1
0,1,0,387,1,953,0,80,0,0,0,13,0,0,0,0,0,0,0,0,0,0,0,0,1
0,1,1,467.9,0,954,1,80,0,0,0,13,0,0,0,0,0,0,0,0,0,0,0,0,1
1,1,1,470.9,1,955,1,80,0,0,0,13,0,0,0,0,0,0,0,0,0,0,0,0,1
1,1,0,389.9,0,956,0,80,0,0,0,13,0,0,0,0,0,0,0,0,0,0,0,0,1
0,1,1,508.8,0,957,1,80,0,0,0,13,0,0,0,0,0,0,0,0,0,0,0,0,1
0,1,0,409.9,1,958,0,80,0,0,0,13,0,0,0,0,0,0,0,0,0,0,0,0,1
0,1,0,382.8,1,959,0,80,0,0,0,13,0,0,0,0,0,0,0,0,0,0,0,0,1
1,1,1,388.1,1,960,1,80,0,0,0,13,0,0,0,0,0,0,0,0,0,0,0,0,1
