trial_index, RT,congruency,stimPosit,respPosit,correction,hand,block1,block2,block3, error_outlier,nblock,postError
1,767.1,1.0,1.0,0.0,1.0,0.0,1.0,0.0,0.0,2,1.0,0
2,706.6,1.0,0.0,1.0,1.0,1.0,1.0,0.0,0.0,0,1.0,0
3,558.0,1.0,0.0,1.0,1.0,1.0,1.0,0.0,0.0,0,1.0,0
4,401.5,0.0,1.0,1.0,1.0,1.0,1.0,0.0,0.0,0,1.0,0
5,412.9,1.0,0.0,1.0,1.0,1.0,1.0,0.0,0.0,0,1.0,0
6,520.3,1.0,1.0,0.0,1.0,0.0,1.0,0.0,0.0,0,1.0,0
7,587.8,0.0,1.0,1.0,1.0,1.0,1.0,0.0,0.0,0,1.0,0
8,415.1,1.0,0.0,1.0,1.0,1.0,1.0,0.0,0.0,0,1.0,0
9,494.6,1.0,0.0,1.0,1.0,1.0,1.0,0.0,0.0,0,1.0,0
10,494.0,0.0,1.0,1.0,1.0,1.0,1.0,0.0,0.0,0,1.0,0
11,449.5,1.0,0.0,1.0,1.0,1.0,1.0,0.0,0.0,0,1.0,0
12,516.9,1.0,1.0,0.0,1.0,0.0,1.0,0.0,0.0,0,1.0,0
13,416.4,1.0,0.0,1.0,1.0,1.0,1.0,0.0,0.0,0,1.0,0
14,723.8,1.0,1.0,0.0,1.0,0.0,1.0,0.0,0.0,0,1.0,0
15,463.3,1.0,1.0,0.0,1.0,0.0,1.0,0.0,0.0,0,1.0,0
16,318.7,1.0,1.0,0.0,1.0,0.0,1.0,0.0,0.0,0,1.0,0
17,458.2,1.0,1.0,0.0,1.0,0.0,1.0,0.0,0.0,0,1.0,0
18,373.5,1.0,0.0,1.0,1.0,1.0,1.0,0.0,0.0,0,1.0,0
19,393.0,1.0,0.0,1.0,1.0,1.0,1.0,0.0,0.0,0,1.0,0
20,484.4,1.0,1.0,0.0,1.0,0.0,1.0,0.0,0.0,0,1.0,0
21,347.9,0.0,0.0,0.0,1.0,0.0,1.0,0.0,0.0,0,1.0,0
22,351.3,1.0,0.0,1.0,1.0,1.0,1.0,0.0,0.0,0,1.0,0
23,418.8,1.0,0.0,1.0,1.0,1.0,1.0,0.0,0.0,0,1.0,0
24,414.2,1.0,1.0,0.0,1.0,0.0,1.0,0.0,0.0,0,1.0,0
25,405.7,1.0,0.0,1.0,1.0,1.0,1.0,0.0,0.0,0,1.0,0
26,441.0,1.0,1.0,0.0,1.0,0.0,1.0,0.0,0.0,0,1.0,0
27,364.5,1.0,0.0,1.0,1.0,1.0,1.0,0.0,0.0,0,1.0,0
28,907.9,1.0,1.0,0.0,1.0,0.0,1.0,0.0,0.0,2,1.0,0
29,359.3,1.0,1.0,0.0,1.0,0.0,1.0,0.0,0.0,0,1.0,0
30,366.8,1.0,1.0,0.0,1.0,0.0,1.0,0.0,0.0,0,1.0,0
31,298.2,1.0,1.0,0.0,1.0,0.0,1.0,0.0,0.0,0,1.0,0
32,393.7,1.0,0.0,1.0,1.0,1.0,1.0,0.0,0.0,0,1.0,0
33,497.1,1.0,1.0,0.0,1.0,0.0,1.0,0.0,0.0,0,1.0,0
34,336.6,1.0,0.0,1.0,1.0,1.0,1.0,0.0,0.0,0,1.0,0
35,396.0,0.0,0.0,0.0,1.0,0.0,1.0,0.0,0.0,0,1.0,0
36,407.4,1.0,0.0,1.0,1.0,1.0,1.0,0.0,0.0,0,1.0,0
37,642.6,1.0,1.0,0.0,1.0,0.0,1.0,0.0,0.0,0,1.0,0
38,406.0,1.0,1.0,0.0,1.0,0.0,1.0,0.0,0.0,0,1.0,0
39,465.5,0.0,0.0,0.0,1.0,0.0,1.0,0.0,0.0,0,1.0,0
40,428.9,0.0,0.0,0.0,1.0,0.0,1.0,0.0,0.0,0,1.0,0
41,368.3,0.0,1.0,1.0,1.0,1.0,1.0,0.0,0.0,0,1.0,0
42,407.7,1.0,0.0,1.0,1.0,1.0,1.0,0.0,0.0,0,1.0,0
43,439.2,1.0,0.0,1.0,1.0,1.0,1.0,0.0,0.0,0,1.0,0
44,346.6,1.0,1.0,0.0,1.0,0.0,1.0,0.0,0.0,0,1.0,0
45,442.1,0.0,1.0,1.0,1.0,1.0,1.0,0.0,0.0,0,1.0,0
46,421.5,1.0,0.0,1.0,1.0,1.0,1.0,0.0,0.0,0,1.0,0
47,361.0,1.0,0.0,1.0,1.0,1.0,1.0,0.0,0.0,0,1.0,0
48,284.4,1.0,0.0,1.0,1.0,1.0,1.0,0.0,0.0,0,1.0,0
49,447.9,1.0,1.0,0.0,1.0,0.0,1.0,0.0,0.0,0,1.0,0
50,383.3,1.0,0.0,1.0,1.0,1.0,1.0,0.0,0.0,0,1.0,0
51,458.8,0.0,0.0,0.0,1.0,0.0,1.0,0.0,0.0,0,1.0,0
52,502.2,1.0,1.0,0.0,1.0,0.0,1.0,0.0,0.0,0,1.0,0
53,393.6,1.0,1.0,0.0,1.0,0.0,1.0,0.0,0.0,0,1.0,0
54,337.0,1.0,1.0,0.0,1.0,0.0,1.0,0.0,0.0,0,1.0,0
55,288.5,1.0,1.0,0.0,1.0,0.0,1.0,0.0,0.0,0,1.0,0
56,331.9,1.0,0.0,1.0,1.0,1.0,1.0,0.0,0.0,0,1.0,0
57,363.4,0.0,1.0,1.0,1.0,1.0,1.0,0.0,0.0,0,1.0,0
58,350.8,1.0,0.0,1.0,1.0,1.0,1.0,0.0,0.0,0,1.0,0
59,710.2,1.0,1.0,0.0,1.0,0.0,1.0,0.0,0.0,0,1.0,0
60,545.7,1.0,1.0,0.0,1.0,0.0,1.0,0.0,0.0,0,1.0,0
61,617.1,1.0,0.0,1.0,1.0,1.0,1.0,0.0,0.0,0,1.0,0
62,424.6,1.0,0.0,1.0,1.0,1.0,1.0,0.0,0.0,0,1.0,0
63,388.1,1.0,1.0,0.0,1.0,0.0,1.0,0.0,0.0,0,1.0,0
64,407.4,0.0,0.0,0.0,1.0,0.0,1.0,0.0,0.0,0,1.0,0
65,394.8,1.0,0.0,1.0,1.0,1.0,1.0,0.0,0.0,0,1.0,0
66,502.3,1.0,1.0,0.0,1.0,0.0,1.0,0.0,0.0,0,1.0,0
67,389.7,0.0,0.0,0.0,1.0,0.0,1.0,0.0,0.0,0,1.0,0
68,329.2,0.0,0.0,0.0,1.0,0.0,1.0,0.0,0.0,0,1.0,0
69,388.6,1.0,0.0,1.0,1.0,1.0,1.0,0.0,0.0,0,1.0,0
70,432.1,1.0,0.0,1.0,1.0,1.0,1.0,0.0,0.0,0,1.0,0
71,583.5,0.0,0.0,0.0,1.0,0.0,1.0,0.0,0.0,0,1.0,0
72,435.0,1.0,0.0,1.0,1.0,1.0,1.0,0.0,0.0,0,1.0,0
73,442.1,1.0,1.0,0.0,1.0,0.0,1.0,0.0,0.0,0,1.0,0
74,385.5,1.0,1.0,0.0,1.0,0.0,1.0,0.0,0.0,0,1.0,0
75,353.0,1.0,1.0,0.0,1.0,0.0,1.0,0.0,0.0,0,1.0,0
76,468.4,0.0,0.0,0.0,1.0,0.0,1.0,0.0,0.0,0,1.0,0
77,443.9,1.0,1.0,0.0,1.0,0.0,1.0,0.0,0.0,0,1.0,0
78,451.3,1.0,0.0,1.0,1.0,1.0,1.0,0.0,0.0,0,1.0,0
79,310.8,1.0,0.0,1.0,1.0,1.0,1.0,0.0,0.0,0,1.0,0
80,282.1,1.0,0.0,1.0,1.0,1.0,1.0,0.0,0.0,0,1.0,0
81,433.6,0.0,1.0,1.0,1.0,1.0,1.0,0.0,0.0,0,1.0,0
82,353.0,0.0,1.0,1.0,1.0,1.0,1.0,0.0,0.0,0,1.0,0
83,356.5,1.0,1.0,0.0,1.0,0.0,1.0,0.0,0.0,0,1.0,0
84,351.9,0.0,0.0,0.0,1.0,0.0,1.0,0.0,0.0,0,1.0,0
85,391.3,1.0,0.0,1.0,1.0,1.0,1.0,0.0,0.0,0,1.0,0
86,426.8,1.0,1.0,0.0,1.0,0.0,1.0,0.0,0.0,0,1.0,0
87,366.2,1.0,1.0,0.0,1.0,0.0,1.0,0.0,0.0,0,1.0,0
88,321.7,1.0,1.0,0.0,1.0,0.0,1.0,0.0,0.0,0,1.0,0
89,341.1,1.0,1.0,0.0,1.0,0.0,1.0,0.0,0.0,0,1.0,0
90,384.6,0.0,0.0,0.0,1.0,0.0,1.0,0.0,0.0,0,1.0,0
91,307.9,1.0,1.0,0.0,1.0,0.0,1.0,0.0,0.0,0,1.0,0
92,355.4,1.0,0.0,1.0,1.0,1.0,1.0,0.0,0.0,0,1.0,0
93,370.8,1.0,0.0,1.0,1.0,1.0,1.0,0.0,0.0,0,1.0,0
94,338.3,1.0,0.0,1.0,1.0,1.0,1.0,0.0,0.0,0,1.0,0
95,377.8,1.0,1.0,0.0,1.0,0.0,1.0,0.0,0.0,0,1.0,0
96,509.1,1.0,0.0,1.0,1.0,1.0,1.0,0.0,0.0,0,1.0,0
97,416.6,1.0,1.0,0.0,1.0,0.0,1.0,0.0,0.0,0,1.0,0
98,364.0,1.0,1.0,0.0,1.0,0.0,1.0,0.0,0.0,0,1.0,0
99,503.5,1.0,0.0,1.0,1.0,1.0,1.0,0.0,0.0,0,1.0,0
100,506.9,0.0,0.0,0.0,1.0,0.0,1.0,0.0,0.0,0,1.0,0
101,626.4,1.0,1.0,0.0,1.0,0.0,1.0,0.0,0.0,0,1.0,0
102,397.9,0.0,1.0,1.0,1.0,1.0,1.0,0.0,0.0,0,1.0,0
103,417.2,1.0,0.0,1.0,1.0,1.0,1.0,0.0,0.0,0,1.0,0
104,404.6,1.0,0.0,1.0,1.0,1.0,1.0,0.0,0.0,0,1.0,0
105,380.1,1.0,0.0,1.0,1.0,1.0,1.0,0.0,0.0,0,1.0,0
106,415.5,0.0,1.0,1.0,1.0,1.0,1.0,0.0,0.0,0,1.0,0
107,579.0,1.0,1.0,0.0,1.0,0.0,1.0,0.0,0.0,0,1.0,0
108,374.4,1.0,0.0,1.0,1.0,1.0,1.0,0.0,0.0,0,1.0,0
109,685.7,0.0,1.0,1.0,1.0,1.0,1.0,0.0,0.0,0,1.0,0
110,349.1,0.0,1.0,1.0,1.0,1.0,1.0,0.0,0.0,0,1.0,0
111,440.6,1.0,1.0,0.0,1.0,0.0,1.0,0.0,0.0,0,1.0,0
112,428.0,1.0,0.0,1.0,1.0,1.0,1.0,0.0,0.0,0,1.0,0
113,391.4,1.0,0.0,1.0,1.0,1.0,1.0,0.0,0.0,0,1.0,0
114,314.8,1.0,0.0,1.0,1.0,1.0,1.0,0.0,0.0,0,1.0,0
115,358.2,1.0,1.0,0.0,1.0,0.0,1.0,0.0,0.0,0,1.0,0
116,361.7,1.0,1.0,0.0,1.0,0.0,1.0,0.0,0.0,0,1.0,0
117,509.1,0.0,0.0,0.0,1.0,0.0,1.0,0.0,0.0,0,1.0,0
118,480.6,1.0,0.0,1.0,1.0,1.0,1.0,0.0,0.0,0,1.0,0
119,372.0,0.0,1.0,1.0,1.0,1.0,1.0,0.0,0.0,0,1.0,0
120,391.5,1.0,0.0,1.0,1.0,1.0,1.0,0.0,0.0,0,1.0,0
121,343.0,1.0,0.0,1.0,1.0,1.0,1.0,0.0,0.0,0,1.0,0
122,326.4,1.0,0.0,1.0,1.0,1.0,1.0,0.0,0.0,0,1.0,0
123,469.8,0.0,0.0,0.0,1.0,0.0,1.0,0.0,0.0,0,1.0,0
124,353.3,0.0,1.0,1.0,1.0,1.0,1.0,0.0,0.0,0,1.0,0
125,504.7,0.0,1.0,1.0,1.0,1.0,1.0,0.0,0.0,0,1.0,0
126,920.1,0.0,0.0,0.0,1.0,0.0,1.0,0.0,0.0,2,1.0,0
127,319.5,0.0,1.0,1.0,1.0,1.0,1.0,0.0,0.0,0,1.0,0
128,522.9,1.0,1.0,0.0,1.0,0.0,1.0,0.0,0.0,0,1.0,0
129,342.4,1.0,1.0,0.0,1.0,0.0,1.0,0.0,0.0,0,1.0,0
130,409.8,1.0,0.0,1.0,1.0,1.0,1.0,0.0,0.0,0,1.0,0
131,485.3,1.0,1.0,0.0,1.0,0.0,1.0,0.0,0.0,0,1.0,0
132,412.7,1.0,0.0,1.0,1.0,1.0,1.0,0.0,0.0,0,1.0,0
133,412.2,0.0,0.0,0.0,1.0,0.0,1.0,0.0,0.0,0,1.0,0
134,387.6,1.0,1.0,0.0,1.0,0.0,1.0,0.0,0.0,0,1.0,0
135,431.1,1.0,1.0,0.0,1.0,0.0,1.0,0.0,0.0,0,1.0,0
136,498.4,1.0,0.0,1.0,1.0,1.0,1.0,0.0,0.0,0,1.0,0
137,397.9,0.0,0.0,0.0,1.0,0.0,1.0,0.0,0.0,0,1.0,0
138,377.3,1.0,0.0,1.0,1.0,1.0,1.0,0.0,0.0,0,1.0,0
139,372.8,1.0,1.0,0.0,1.0,0.0,1.0,0.0,0.0,0,1.0,0
140,380.2,0.0,1.0,1.0,1.0,1.0,1.0,0.0,0.0,0,1.0,0
141,515.7,0.0,1.0,1.0,1.0,1.0,1.0,0.0,0.0,0,1.0,0
142,431.1,1.0,1.0,0.0,1.0,0.0,1.0,0.0,0.0,0,1.0,0
143,434.6,1.0,1.0,0.0,1.0,0.0,1.0,0.0,0.0,0,1.0,0
144,406.0,1.0,1.0,0.0,1.0,0.0,1.0,0.0,0.0,0,1.0,0
145,555.2,1.0,0.0,1.0,1.0,1.0,1.0,0.0,0.0,0,2.0,0
146,274.6,1.0,0.0,1.0,1.0,1.0,1.0,0.0,0.0,0,2.0,0
147,362.1,0.0,0.0,0.0,1.0,0.0,1.0,0.0,0.0,0,2.0,0
148,413.5,1.0,0.0,1.0,1.0,1.0,1.0,0.0,0.0,0,2.0,0
149,465.0,1.0,1.0,0.0,1.0,0.0,1.0,0.0,0.0,0,2.0,0
150,352.4,1.0,0.0,1.0,1.0,1.0,1.0,0.0,0.0,0,2.0,0
151,451.8,1.0,1.0,0.0,1.0,0.0,1.0,0.0,0.0,0,2.0,0
152,391.3,1.0,0.0,1.0,1.0,1.0,1.0,0.0,0.0,0,2.0,0
153,318.8,1.0,0.0,1.0,1.0,1.0,1.0,0.0,0.0,0,2.0,0
154,406.1,0.0,1.0,1.0,1.0,1.0,1.0,0.0,0.0,0,2.0,0
155,337.5,0.0,1.0,1.0,1.0,1.0,1.0,0.0,0.0,0,2.0,0
156,349.0,1.0,1.0,0.0,1.0,0.0,1.0,0.0,0.0,0,2.0,0
157,444.4,0.0,0.0,0.0,1.0,0.0,1.0,0.0,0.0,0,2.0,0
158,351.9,0.0,1.0,1.0,1.0,1.0,1.0,0.0,0.0,0,2.0,0
159,323.3,0.0,0.0,0.0,1.0,0.0,1.0,0.0,0.0,0,2.0,0
160,686.8,0.0,0.0,0.0,1.0,0.0,1.0,0.0,0.0,0,2.0,0
161,330.2,0.0,0.0,0.0,1.0,0.0,1.0,0.0,0.0,0,2.0,0
162,437.7,1.0,0.0,1.0,1.0,1.0,1.0,0.0,0.0,0,2.0,0
163,353.1,1.0,1.0,0.0,1.0,0.0,1.0,0.0,0.0,0,2.0,0
164,324.6,1.0,1.0,0.0,1.0,0.0,1.0,0.0,0.0,0,2.0,0
165,376.0,0.0,0.0,0.0,1.0,0.0,1.0,0.0,0.0,0,2.0,0
166,387.4,1.0,0.0,1.0,1.0,1.0,1.0,0.0,0.0,0,2.0,0
167,318.9,1.0,1.0,0.0,1.0,0.0,1.0,0.0,0.0,0,2.0,0
168,418.3,1.0,1.0,0.0,1.0,0.0,1.0,0.0,0.0,0,2.0,0
169,413.8,1.0,0.0,1.0,1.0,1.0,1.0,0.0,0.0,0,2.0,0
170,417.2,1.0,1.0,0.0,1.0,0.0,1.0,0.0,0.0,0,2.0,0
171,372.7,0.0,1.0,1.0,1.0,1.0,1.0,0.0,0.0,0,2.0,0
172,448.0,1.0,0.0,1.0,1.0,1.0,1.0,0.0,0.0,0,2.0,0
173,327.5,1.0,0.0,1.0,1.0,1.0,1.0,0.0,0.0,0,2.0,0
174,462.9,0.0,1.0,1.0,1.0,1.0,1.0,0.0,0.0,0,2.0,0
175,338.4,1.0,0.0,1.0,1.0,1.0,1.0,0.0,0.0,0,2.0,0
176,357.8,1.0,0.0,1.0,1.0,1.0,1.0,0.0,0.0,0,2.0,0
177,409.3,0.0,1.0,1.0,1.0,1.0,1.0,0.0,0.0,0,2.0,0
178,516.7,1.0,1.0,0.0,1.0,0.0,1.0,0.0,0.0,0,2.0,0
179,420.2,1.0,1.0,0.0,1.0,0.0,1.0,0.0,0.0,0,2.0,0
180,403.6,1.0,0.0,1.0,1.0,1.0,1.0,0.0,0.0,0,2.0,0
181,530.8,1.0,0.0,1.0,1.0,1.0,1.0,0.0,0.0,0,2.0,0
182,294.2,1.0,0.0,1.0,1.0,1.0,1.0,0.0,0.0,0,2.0,0
183,417.6,1.0,1.0,0.0,1.0,0.0,1.0,0.0,0.0,0,2.0,0
184,397.1,1.0,1.0,0.0,1.0,0.0,1.0,0.0,0.0,0,2.0,0
185,368.5,1.0,1.0,0.0,1.0,0.0,1.0,0.0,0.0,0,2.0,0
186,327.9,1.0,1.0,0.0,1.0,0.0,1.0,0.0,0.0,0,2.0,0
187,403.3,1.0,1.0,0.0,1.0,0.0,1.0,0.0,0.0,0,2.0,0
188,454.8,1.0,0.0,1.0,1.0,1.0,1.0,0.0,0.0,0,2.0,0
189,514.2,1.0,1.0,0.0,1.0,0.0,1.0,0.0,0.0,0,2.0,0
190,381.7,0.0,1.0,1.0,1.0,1.0,1.0,0.0,0.0,0,2.0,0
191,409.1,0.0,1.0,1.0,1.0,1.0,1.0,0.0,0.0,0,2.0,0
192,384.6,1.0,1.0,0.0,1.0,0.0,1.0,0.0,0.0,0,2.0,0
193,388.0,1.0,0.0,1.0,1.0,1.0,1.0,0.0,0.0,0,2.0,0
194,355.5,0.0,1.0,1.0,1.0,1.0,1.0,0.0,0.0,0,2.0,0
195,454.9,1.0,1.0,0.0,1.0,0.0,1.0,0.0,0.0,0,2.0,0
196,362.4,1.0,1.0,0.0,1.0,0.0,1.0,0.0,0.0,0,2.0,0
197,473.7,0.0,0.0,0.0,1.0,0.0,1.0,0.0,0.0,0,2.0,0
198,553.1,1.0,0.0,1.0,1.0,1.0,1.0,0.0,0.0,0,2.0,0
199,364.6,1.0,0.0,1.0,1.0,1.0,1.0,0.0,0.0,0,2.0,0
200,428.0,1.0,0.0,1.0,1.0,1.0,1.0,0.0,0.0,0,2.0,0
201,331.5,1.0,0.0,1.0,1.0,1.0,1.0,0.0,0.0,0,2.0,0
202,382.9,0.0,0.0,0.0,1.0,0.0,1.0,0.0,0.0,0,2.0,0
203,382.4,1.0,1.0,0.0,1.0,0.0,1.0,0.0,0.0,0,2.0,0
204,425.8,0.0,1.0,1.0,1.0,1.0,1.0,0.0,0.0,0,2.0,0
205,329.3,0.0,1.0,1.0,1.0,1.0,1.0,0.0,0.0,0,2.0,0
206,416.7,1.0,1.0,0.0,1.0,0.0,1.0,0.0,0.0,0,2.0,0
207,356.2,1.0,0.0,1.0,1.0,1.0,1.0,0.0,0.0,0,2.0,0
208,515.5,1.0,1.0,0.0,1.0,0.0,1.0,0.0,0.0,0,2.0,0
209,363.0,1.0,1.0,0.0,1.0,0.0,1.0,0.0,0.0,0,2.0,0
210,370.4,1.0,1.0,0.0,1.0,0.0,1.0,0.0,0.0,0,2.0,0
211,329.9,1.0,1.0,0.0,1.0,0.0,1.0,0.0,0.0,0,2.0,0
212,321.3,1.0,0.0,1.0,1.0,1.0,1.0,0.0,0.0,0,2.0,0
213,364.8,1.0,0.0,1.0,1.0,1.0,1.0,0.0,0.0,0,2.0,0
214,336.2,1.0,0.0,1.0,1.0,1.0,1.0,0.0,0.0,0,2.0,0
215,423.7,0.0,0.0,0.0,1.0,0.0,1.0,0.0,0.0,0,2.0,0
216,359.1,0.0,0.0,0.0,1.0,0.0,1.0,0.0,0.0,0,2.0,0
217,786.3,1.0,1.0,0.0,1.0,0.0,1.0,0.0,0.0,2,2.0,0
218,457.7,1.0,0.0,1.0,1.0,1.0,1.0,0.0,0.0,0,2.0,0
219,421.1,0.0,0.0,0.0,1.0,0.0,1.0,0.0,0.0,0,2.0,0
220,408.6,1.0,1.0,0.0,1.0,0.0,1.0,0.0,0.0,0,2.0,0
221,404.0,0.0,1.0,1.0,1.0,1.0,1.0,0.0,0.0,0,2.0,0
222,423.4,1.0,0.0,1.0,1.0,1.0,1.0,0.0,0.0,0,2.0,0
223,378.8,1.0,0.0,1.0,0.0,0.0,1.0,0.0,0.0,1,2.0,0
224,462.2,1.0,0.0,1.0,1.0,1.0,1.0,0.0,0.0,0,2.0,1
225,429.7,1.0,1.0,0.0,1.0,0.0,1.0,0.0,0.0,0,2.0,0
226,449.2,1.0,0.0,1.0,1.0,1.0,1.0,0.0,0.0,0,2.0,0
227,412.6,0.0,0.0,0.0,1.0,0.0,1.0,0.0,0.0,0,2.0,0
228,400.0,1.0,1.0,0.0,1.0,0.0,1.0,0.0,0.0,0,2.0,0
229,491.5,1.0,0.0,1.0,1.0,1.0,1.0,0.0,0.0,0,2.0,0
230,539.0,1.0,1.0,0.0,1.0,0.0,1.0,0.0,0.0,0,2.0,0
231,418.4,1.0,0.0,1.0,1.0,1.0,1.0,0.0,0.0,0,2.0,0
232,321.9,1.0,0.0,1.0,0.0,0.0,1.0,0.0,0.0,1,2.0,0
233,477.3,1.0,0.0,1.0,1.0,1.0,1.0,0.0,0.0,0,2.0,1
234,308.7,0.0,1.0,1.0,1.0,1.0,1.0,0.0,0.0,0,2.0,0
235,392.1,1.0,1.0,0.0,1.0,0.0,1.0,0.0,0.0,0,2.0,0
236,551.5,1.0,1.0,0.0,1.0,0.0,1.0,0.0,0.0,0,2.0,0
237,331.0,1.0,1.0,0.0,1.0,0.0,1.0,0.0,0.0,0,2.0,0
238,446.4,1.0,0.0,1.0,1.0,1.0,1.0,0.0,0.0,0,2.0,0
239,369.9,1.0,1.0,0.0,1.0,0.0,1.0,0.0,0.0,0,2.0,0
240,381.3,1.0,1.0,0.0,1.0,0.0,1.0,0.0,0.0,0,2.0,0
241,432.8,1.0,0.0,1.0,1.0,1.0,1.0,0.0,0.0,0,2.0,0
242,400.2,1.0,0.0,1.0,1.0,1.0,1.0,0.0,0.0,0,2.0,0
243,331.7,1.0,0.0,1.0,1.0,1.0,1.0,0.0,0.0,0,2.0,0
244,351.1,1.0,0.0,1.0,1.0,1.0,1.0,0.0,0.0,0,2.0,0
245,386.5,1.0,1.0,0.0,1.0,0.0,1.0,0.0,0.0,0,2.0,0
246,373.9,1.0,0.0,1.0,1.0,1.0,1.0,0.0,0.0,0,2.0,0
247,569.4,0.0,0.0,0.0,1.0,0.0,1.0,0.0,0.0,0,2.0,0
248,640.8,0.0,1.0,1.0,1.0,1.0,1.0,0.0,0.0,0,2.0,0
249,412.2,0.0,1.0,1.0,1.0,1.0,1.0,0.0,0.0,0,2.0,0
250,419.7,1.0,1.0,0.0,1.0,0.0,1.0,0.0,0.0,0,2.0,0
251,383.1,1.0,0.0,1.0,1.0,1.0,1.0,0.0,0.0,0,2.0,0
252,606.6,1.0,0.0,1.0,1.0,1.0,1.0,0.0,0.0,0,2.0,0
253,645.7,1.0,1.0,0.0,1.0,0.0,1.0,0.0,0.0,0,2.0,0
254,793.1,1.0,0.0,1.0,1.0,1.0,1.0,0.0,0.0,2,2.0,0
255,664.6,0.0,1.0,1.0,1.0,1.0,1.0,0.0,0.0,0,2.0,0
256,428.1,0.0,0.0,0.0,1.0,0.0,1.0,0.0,0.0,0,2.0,0
257,447.5,1.0,0.0,1.0,1.0,1.0,1.0,0.0,0.0,0,2.0,0
258,359.0,1.0,1.0,0.0,1.0,0.0,1.0,0.0,0.0,0,2.0,0
259,338.4,1.0,1.0,0.0,1.0,0.0,1.0,0.0,0.0,0,2.0,0
260,429.7,1.0,1.0,0.0,1.0,0.0,1.0,0.0,0.0,0,2.0,0
261,393.2,0.0,1.0,1.0,1.0,1.0,1.0,0.0,0.0,0,2.0,0
262,468.6,1.0,0.0,1.0,1.0,1.0,1.0,0.0,0.0,0,2.0,0
263,432.1,1.0,0.0,1.0,1.0,1.0,1.0,0.0,0.0,0,2.0,0
264,315.5,1.0,0.0,1.0,1.0,1.0,1.0,0.0,0.0,0,2.0,0
265,383.0,1.0,1.0,0.0,1.0,0.0,1.0,0.0,0.0,0,2.0,0
266,446.3,1.0,0.0,1.0,1.0,1.0,1.0,0.0,0.0,0,2.0,0
267,441.8,1.0,0.0,1.0,1.0,1.0,1.0,0.0,0.0,0,2.0,0
268,501.2,0.0,0.0,0.0,1.0,0.0,1.0,0.0,0.0,0,2.0,0
269,464.7,1.0,1.0,0.0,1.0,0.0,1.0,0.0,0.0,0,2.0,0
270,428.1,1.0,0.0,1.0,1.0,1.0,1.0,0.0,0.0,0,2.0,0
271,455.6,1.0,1.0,0.0,1.0,0.0,1.0,0.0,0.0,0,2.0,0
272,363.0,0.0,0.0,0.0,1.0,0.0,1.0,0.0,0.0,0,2.0,0
273,426.5,1.0,0.0,1.0,1.0,1.0,1.0,0.0,0.0,0,2.0,0
274,417.9,1.0,1.0,0.0,1.0,0.0,1.0,0.0,0.0,0,2.0,0
275,345.4,1.0,1.0,0.0,1.0,0.0,1.0,0.0,0.0,0,2.0,0
276,340.8,1.0,1.0,0.0,1.0,0.0,1.0,0.0,0.0,0,2.0,0
277,396.3,1.0,0.0,1.0,1.0,1.0,1.0,0.0,0.0,0,2.0,0
278,367.7,1.0,1.0,0.0,1.0,0.0,1.0,0.0,0.0,0,2.0,0
279,503.1,0.0,1.0,1.0,1.0,1.0,1.0,0.0,0.0,0,2.0,0
280,498.5,1.0,1.0,0.0,1.0,0.0,1.0,0.0,0.0,0,2.0,0
281,485.9,0.0,0.0,0.0,1.0,0.0,1.0,0.0,0.0,0,2.0,0
282,465.4,1.0,1.0,0.0,1.0,0.0,1.0,0.0,0.0,0,2.0,0
283,316.8,1.0,0.0,1.0,1.0,1.0,1.0,0.0,0.0,0,2.0,0
284,428.3,1.0,1.0,0.0,1.0,0.0,1.0,0.0,0.0,0,2.0,0
285,423.7,1.0,1.0,0.0,1.0,0.0,1.0,0.0,0.0,0,2.0,0
286,403.2,1.0,1.0,0.0,1.0,0.0,1.0,0.0,0.0,0,2.0,0
287,278.6,1.0,1.0,0.0,1.0,0.0,1.0,0.0,0.0,0,2.0,0
288,482.1,0.0,0.0,0.0,1.0,0.0,1.0,0.0,0.0,0,2.0,0
289,484.1,1.0,0.0,1.0,1.0,1.0,1.0,0.0,0.0,0,3.0,0
290,319.5,1.0,0.0,1.0,1.0,1.0,1.0,0.0,0.0,0,3.0,0
291,283.0,1.0,0.0,1.0,1.0,1.0,1.0,0.0,0.0,0,3.0,0
292,350.4,1.0,0.0,1.0,1.0,1.0,1.0,0.0,0.0,0,3.0,0
293,385.9,1.0,1.0,0.0,1.0,0.0,1.0,0.0,0.0,0,3.0,0
294,405.3,1.0,0.0,1.0,1.0,1.0,1.0,0.0,0.0,0,3.0,0
295,396.8,1.0,1.0,0.0,1.0,0.0,1.0,0.0,0.0,0,3.0,0
296,320.1,1.0,1.0,0.0,1.0,0.0,1.0,0.0,0.0,0,3.0,0
297,391.6,1.0,0.0,1.0,1.0,1.0,1.0,0.0,0.0,0,3.0,0
298,443.0,1.0,0.0,1.0,1.0,1.0,1.0,0.0,0.0,0,3.0,0
299,478.5,1.0,1.0,0.0,1.0,0.0,1.0,0.0,0.0,0,3.0,0
300,494.0,0.0,0.0,0.0,1.0,0.0,1.0,0.0,0.0,0,3.0,0
301,313.4,1.0,1.0,0.0,1.0,0.0,1.0,0.0,0.0,0,3.0,0
302,328.8,1.0,1.0,0.0,1.0,0.0,1.0,0.0,0.0,0,3.0,0
303,316.3,1.0,1.0,0.0,1.0,0.0,1.0,0.0,0.0,0,3.0,0
304,503.7,0.0,1.0,1.0,1.0,1.0,1.0,0.0,0.0,0,3.0,0
305,335.2,0.0,1.0,1.0,1.0,1.0,1.0,0.0,0.0,0,3.0,0
306,370.6,0.0,0.0,0.0,1.0,0.0,1.0,0.0,0.0,0,3.0,0
307,342.0,1.0,0.0,1.0,0.0,0.0,1.0,0.0,0.0,1,3.0,0
308,517.5,0.0,0.0,0.0,1.0,0.0,1.0,0.0,0.0,0,3.0,1
309,368.8,0.0,0.0,0.0,1.0,0.0,1.0,0.0,0.0,0,3.0,0
310,524.3,1.0,0.0,1.0,1.0,1.0,1.0,0.0,0.0,0,3.0,0
311,559.7,1.0,0.0,1.0,1.0,1.0,1.0,0.0,0.0,0,3.0,0
312,435.2,0.0,1.0,1.0,1.0,1.0,1.0,0.0,0.0,0,3.0,0
313,534.6,1.0,0.0,1.0,1.0,1.0,1.0,0.0,0.0,0,3.0,0
314,290.1,1.0,0.0,1.0,1.0,1.0,1.0,0.0,0.0,0,3.0,0
315,377.5,1.0,0.0,1.0,1.0,1.0,1.0,0.0,0.0,0,3.0,0
316,509.0,1.0,1.0,0.0,1.0,0.0,1.0,0.0,0.0,0,3.0,0
317,448.4,1.0,1.0,0.0,1.0,0.0,1.0,0.0,0.0,0,3.0,0
318,339.9,0.0,0.0,0.0,1.0,0.0,1.0,0.0,0.0,0,3.0,0
319,335.3,1.0,1.0,0.0,1.0,0.0,1.0,0.0,0.0,0,3.0,0
320,422.8,1.0,0.0,1.0,1.0,1.0,1.0,0.0,0.0,0,3.0,0
321,366.1,1.0,1.0,0.0,1.0,0.0,1.0,0.0,0.0,0,3.0,0
322,325.6,1.0,0.0,1.0,1.0,1.0,1.0,0.0,0.0,0,3.0,0
323,361.0,1.0,0.0,1.0,1.0,1.0,1.0,0.0,0.0,0,3.0,0
324,428.5,0.0,0.0,0.0,1.0,0.0,1.0,0.0,0.0,0,3.0,0
325,587.6,1.0,0.0,1.0,1.0,1.0,1.0,0.0,0.0,0,3.0,0
326,375.0,1.0,0.0,1.0,1.0,1.0,1.0,0.0,0.0,0,3.0,0
327,386.5,0.0,1.0,1.0,1.0,1.0,1.0,0.0,0.0,0,3.0,0
328,293.9,1.0,0.0,1.0,1.0,1.0,1.0,0.0,0.0,0,3.0,0
329,385.4,1.0,1.0,0.0,1.0,0.0,1.0,0.0,0.0,0,3.0,0
330,380.8,1.0,0.0,1.0,1.0,1.0,1.0,0.0,0.0,0,3.0,0
331,476.3,1.0,0.0,1.0,1.0,1.0,1.0,0.0,0.0,0,3.0,0
332,355.7,1.0,0.0,1.0,1.0,1.0,1.0,0.0,0.0,0,3.0,0
333,407.1,1.0,1.0,0.0,1.0,0.0,1.0,0.0,0.0,0,3.0,0
334,362.5,0.0,0.0,0.0,1.0,0.0,1.0,0.0,0.0,0,3.0,0
335,514.0,1.0,1.0,0.0,1.0,0.0,1.0,0.0,0.0,0,3.0,0
336,345.4,1.0,1.0,0.0,1.0,0.0,1.0,0.0,0.0,0,3.0,0
337,456.8,1.0,0.0,1.0,1.0,1.0,1.0,0.0,0.0,0,3.0,0
338,548.3,1.0,0.0,1.0,1.0,1.0,1.0,0.0,0.0,0,3.0,0
339,455.7,1.0,1.0,0.0,1.0,0.0,1.0,0.0,0.0,0,3.0,0
340,375.2,1.0,1.0,0.0,1.0,0.0,1.0,0.0,0.0,0,3.0,0
341,626.7,0.0,0.0,0.0,1.0,0.0,1.0,0.0,0.0,0,3.0,0
342,454.1,0.0,1.0,1.0,1.0,1.0,1.0,0.0,0.0,0,3.0,0
343,441.4,0.0,0.0,0.0,1.0,0.0,1.0,0.0,0.0,0,3.0,0
344,428.9,1.0,1.0,0.0,1.0,0.0,1.0,0.0,0.0,0,3.0,0
345,436.3,1.0,0.0,1.0,1.0,1.0,1.0,0.0,0.0,0,3.0,0
346,527.8,0.0,1.0,1.0,1.0,1.0,1.0,0.0,0.0,0,3.0,0
347,539.2,1.0,0.0,1.0,1.0,1.0,1.0,0.0,0.0,0,3.0,0
348,502.7,0.0,1.0,1.0,1.0,1.0,1.0,0.0,0.0,0,3.0,0
349,426.1,1.0,1.0,0.0,1.0,0.0,1.0,0.0,0.0,0,3.0,0
350,429.6,1.0,0.0,1.0,0.0,0.0,1.0,0.0,0.0,1,3.0,0
351,565.0,1.0,0.0,1.0,1.0,1.0,1.0,0.0,0.0,0,3.0,1
352,584.5,0.0,0.0,0.0,1.0,0.0,1.0,0.0,0.0,0,3.0,0
353,499.9,1.0,0.0,1.0,1.0,1.0,1.0,0.0,0.0,0,3.0,0
354,527.3,1.0,1.0,0.0,1.0,0.0,1.0,0.0,0.0,0,3.0,0
355,782.7,1.0,0.0,1.0,1.0,1.0,1.0,0.0,0.0,2,3.0,0
356,554.1,1.0,0.0,1.0,1.0,1.0,1.0,0.0,0.0,0,3.0,0
357,509.6,1.0,1.0,0.0,1.0,0.0,1.0,0.0,0.0,0,3.0,0
358,501.1,1.0,1.0,0.0,1.0,0.0,1.0,0.0,0.0,0,3.0,0
359,384.5,1.0,0.0,1.0,1.0,1.0,1.0,0.0,0.0,0,3.0,0
360,388.0,1.0,1.0,0.0,1.0,0.0,1.0,0.0,0.0,0,3.0,0
361,887.1,1.0,0.0,1.0,1.0,1.0,1.0,0.0,0.0,2,3.0,0
362,386.5,0.0,1.0,1.0,1.0,1.0,1.0,0.0,0.0,0,3.0,0
363,410.0,1.0,1.0,0.0,1.0,0.0,1.0,0.0,0.0,0,3.0,0
364,445.4,1.0,0.0,1.0,1.0,1.0,1.0,0.0,0.0,0,3.0,0
365,488.9,1.0,1.0,0.0,1.0,0.0,1.0,0.0,0.0,0,3.0,0
366,484.3,1.0,1.0,0.0,1.0,0.0,1.0,0.0,0.0,0,3.0,0
367,431.8,0.0,1.0,1.0,1.0,1.0,1.0,0.0,0.0,0,3.0,0
368,387.2,1.0,1.0,0.0,1.0,0.0,1.0,0.0,0.0,0,3.0,0
369,354.7,1.0,1.0,0.0,1.0,0.0,1.0,0.0,0.0,0,3.0,0
370,486.1,0.0,1.0,1.0,1.0,1.0,1.0,0.0,0.0,0,3.0,0
371,489.5,1.0,1.0,0.0,1.0,0.0,1.0,0.0,0.0,0,3.0,0
372,380.9,1.0,1.0,0.0,1.0,0.0,1.0,0.0,0.0,0,3.0,0
373,376.3,0.0,1.0,1.0,1.0,1.0,1.0,0.0,0.0,0,3.0,0
374,611.8,1.0,1.0,0.0,1.0,0.0,1.0,0.0,0.0,0,3.0,0
375,511.2,1.0,0.0,1.0,1.0,1.0,1.0,0.0,0.0,0,3.0,0
376,486.7,1.0,0.0,1.0,1.0,1.0,1.0,0.0,0.0,0,3.0,0
377,410.1,1.0,0.0,1.0,1.0,1.0,1.0,0.0,0.0,0,3.0,0
378,437.6,1.0,0.0,1.0,1.0,1.0,1.0,0.0,0.0,0,3.0,0
379,465.0,1.0,1.0,0.0,1.0,0.0,1.0,0.0,0.0,0,3.0,0
380,480.5,1.0,1.0,0.0,1.0,0.0,1.0,0.0,0.0,0,3.0,0
381,535.9,0.0,0.0,0.0,1.0,0.0,1.0,0.0,0.0,0,3.0,0
382,447.4,0.0,0.0,0.0,1.0,0.0,1.0,0.0,0.0,0,3.0,0
383,442.7,1.0,1.0,0.0,1.0,0.0,1.0,0.0,0.0,0,3.0,0
384,442.2,1.0,1.0,0.0,1.0,0.0,1.0,0.0,0.0,0,3.0,0
385,421.6,1.0,0.0,1.0,1.0,1.0,1.0,0.0,0.0,0,3.0,0
386,689.1,0.0,1.0,1.0,1.0,1.0,1.0,0.0,0.0,0,3.0,0
387,696.5,0.0,1.0,1.0,1.0,1.0,1.0,0.0,0.0,0,3.0,0
388,479.9,1.0,0.0,1.0,1.0,1.0,1.0,0.0,0.0,0,3.0,0
389,395.4,1.0,0.0,1.0,1.0,1.0,1.0,0.0,0.0,0,3.0,0
390,834.8,0.0,0.0,0.0,1.0,0.0,1.0,0.0,0.0,2,3.0,0
391,590.3,1.0,0.0,1.0,1.0,1.0,1.0,0.0,0.0,0,3.0,0
392,557.7,1.0,1.0,0.0,1.0,0.0,1.0,0.0,0.0,0,3.0,0
393,377.2,1.0,1.0,0.0,1.0,0.0,1.0,0.0,0.0,0,3.0,0
394,508.6,1.0,0.0,1.0,1.0,1.0,1.0,0.0,0.0,0,3.0,0
395,464.1,1.0,0.0,1.0,1.0,1.0,1.0,0.0,0.0,0,3.0,0
396,451.5,1.0,1.0,0.0,1.0,0.0,1.0,0.0,0.0,0,3.0,0
397,514.7,1.0,1.0,0.0,1.0,0.0,1.0,0.0,0.0,0,3.0,0
398,378.1,0.0,0.0,0.0,1.0,0.0,1.0,0.0,0.0,0,3.0,0
399,305.5,0.0,0.0,0.0,1.0,0.0,1.0,0.0,0.0,0,3.0,0
400,401.0,1.0,0.0,1.0,1.0,1.0,1.0,0.0,0.0,0,3.0,0
401,460.4,1.0,1.0,0.0,1.0,0.0,1.0,0.0,0.0,0,3.0,0
402,359.9,0.0,0.0,0.0,1.0,0.0,1.0,0.0,0.0,0,3.0,0
403,787.3,0.0,0.0,0.0,1.0,0.0,1.0,0.0,0.0,0,3.0,0
404,434.7,1.0,0.0,1.0,1.0,1.0,1.0,0.0,0.0,0,3.0,0
405,394.1,1.0,0.0,1.0,1.0,1.0,1.0,0.0,0.0,0,3.0,0
406,421.6,0.0,1.0,1.0,1.0,1.0,1.0,0.0,0.0,0,3.0,0
407,389.0,1.0,0.0,1.0,1.0,1.0,1.0,0.0,0.0,0,3.0,0
408,480.4,0.0,0.0,0.0,1.0,0.0,1.0,0.0,0.0,0,3.0,0
409,427.9,1.0,1.0,0.0,1.0,0.0,1.0,0.0,0.0,0,3.0,0
410,367.4,1.0,1.0,0.0,1.0,0.0,1.0,0.0,0.0,0,3.0,0
411,446.8,1.0,1.0,0.0,1.0,0.0,1.0,0.0,0.0,0,3.0,0
412,486.2,1.0,0.0,1.0,1.0,1.0,1.0,0.0,0.0,0,3.0,0
413,489.7,1.0,1.0,0.0,1.0,0.0,1.0,0.0,0.0,0,3.0,0
414,433.2,1.0,1.0,0.0,1.0,0.0,1.0,0.0,0.0,0,3.0,0
415,460.6,0.0,1.0,1.0,1.0,1.0,1.0,0.0,0.0,0,3.0,0
416,555.9,1.0,0.0,1.0,1.0,1.0,1.0,0.0,0.0,0,3.0,0
417,407.4,1.0,0.0,1.0,1.0,1.0,1.0,0.0,0.0,0,3.0,0
418,566.8,1.0,0.0,1.0,1.0,1.0,1.0,0.0,0.0,0,3.0,0
419,646.3,1.0,1.0,0.0,1.0,0.0,1.0,0.0,0.0,0,3.0,0
420,509.7,1.0,0.0,1.0,1.0,1.0,1.0,0.0,0.0,0,3.0,0
421,513.2,1.0,1.0,0.0,1.0,0.0,1.0,0.0,0.0,0,3.0,0
422,708.6,1.0,1.0,0.0,1.0,0.0,1.0,0.0,0.0,0,3.0,0
423,416.1,1.0,1.0,0.0,1.0,0.0,1.0,0.0,0.0,0,3.0,0
424,607.5,0.0,1.0,1.0,1.0,1.0,1.0,0.0,0.0,0,3.0,0
425,443.0,1.0,1.0,0.0,1.0,0.0,1.0,0.0,0.0,0,3.0,0
426,342.3,1.0,1.0,0.0,1.0,0.0,1.0,0.0,0.0,0,3.0,0
427,393.8,1.0,1.0,0.0,1.0,0.0,1.0,0.0,0.0,0,3.0,0
428,461.2,0.0,1.0,1.0,1.0,1.0,1.0,0.0,0.0,0,3.0,0
429,468.7,1.0,1.0,0.0,1.0,0.0,1.0,0.0,0.0,0,3.0,0
430,404.1,0.0,1.0,1.0,1.0,1.0,1.0,0.0,0.0,0,3.0,0
431,591.6,1.0,1.0,0.0,1.0,0.0,1.0,0.0,0.0,0,3.0,0
432,475.0,1.0,0.0,1.0,1.0,1.0,1.0,0.0,0.0,0,3.0,0
433,501.6,0.0,1.0,1.0,1.0,1.0,0.0,1.0,0.0,0,1.0,0
434,449.0,1.0,0.0,1.0,1.0,1.0,0.0,1.0,0.0,0,1.0,0
435,400.4,0.0,0.0,0.0,1.0,0.0,0.0,1.0,0.0,0,1.0,0
436,339.9,0.0,0.0,0.0,1.0,0.0,0.0,1.0,0.0,0,1.0,0
437,415.3,1.0,0.0,1.0,1.0,1.0,0.0,1.0,0.0,0,1.0,0
438,430.7,1.0,1.0,0.0,1.0,0.0,0.0,1.0,0.0,0,1.0,0
439,458.2,0.0,1.0,1.0,1.0,1.0,0.0,1.0,0.0,0,1.0,0
440,421.6,0.0,1.0,1.0,1.0,1.0,0.0,1.0,0.0,0,1.0,0
441,477.0,0.0,0.0,0.0,1.0,0.0,0.0,1.0,0.0,0,1.0,0
442,384.4,0.0,1.0,1.0,1.0,1.0,0.0,1.0,0.0,0,1.0,0
443,399.9,1.0,0.0,1.0,1.0,1.0,0.0,1.0,0.0,0,1.0,0
444,371.3,1.0,0.0,1.0,1.0,1.0,0.0,1.0,0.0,0,1.0,0
445,434.8,0.0,0.0,0.0,1.0,0.0,0.0,1.0,0.0,0,1.0,0
446,398.2,1.0,1.0,0.0,1.0,0.0,0.0,1.0,0.0,0,1.0,0
447,505.7,0.0,0.0,0.0,1.0,0.0,0.0,1.0,0.0,0,1.0,0
448,457.1,0.0,1.0,1.0,1.0,1.0,0.0,1.0,0.0,0,1.0,0
449,408.5,1.0,1.0,0.0,1.0,0.0,0.0,1.0,0.0,0,1.0,0
450,852.0,0.0,0.0,0.0,1.0,0.0,0.0,1.0,0.0,2,1.0,0
451,599.4,0.0,0.0,0.0,1.0,0.0,0.0,1.0,0.0,0,1.0,0
452,470.8,1.0,0.0,1.0,1.0,1.0,0.0,1.0,0.0,0,1.0,0
453,498.3,0.0,1.0,1.0,1.0,1.0,0.0,1.0,0.0,0,1.0,0
454,341.7,0.0,1.0,1.0,1.0,1.0,0.0,1.0,0.0,0,1.0,0
455,353.2,0.0,1.0,1.0,1.0,1.0,0.0,1.0,0.0,0,1.0,0
456,348.6,0.0,1.0,1.0,1.0,1.0,0.0,1.0,0.0,0,1.0,0
457,512.1,1.0,0.0,1.0,1.0,1.0,0.0,1.0,0.0,0,1.0,0
458,547.5,0.0,0.0,0.0,1.0,0.0,0.0,1.0,0.0,0,1.0,0
459,458.9,0.0,1.0,1.0,1.0,1.0,0.0,1.0,0.0,0,1.0,0
460,370.4,0.0,1.0,1.0,1.0,1.0,0.0,1.0,0.0,0,1.0,0
461,577.8,0.0,0.0,0.0,1.0,0.0,0.0,1.0,0.0,0,1.0,0
462,445.2,0.0,1.0,1.0,1.0,1.0,0.0,1.0,0.0,0,1.0,0
463,312.6,0.0,1.0,1.0,1.0,1.0,0.0,1.0,0.0,0,1.0,0
464,380.1,0.0,0.0,0.0,1.0,0.0,0.0,1.0,0.0,0,1.0,0
465,351.5,0.0,0.0,0.0,1.0,0.0,0.0,1.0,0.0,0,1.0,0
466,519.0,0.0,0.0,0.0,1.0,0.0,0.0,1.0,0.0,0,1.0,0
467,426.4,0.0,1.0,1.0,1.0,1.0,0.0,1.0,0.0,0,1.0,0
468,313.9,0.0,1.0,1.0,1.0,1.0,0.0,1.0,0.0,0,1.0,0
469,885.0,0.0,0.0,0.0,1.0,0.0,0.0,1.0,0.0,2,1.0,0
470,408.4,0.0,1.0,1.0,1.0,1.0,0.0,1.0,0.0,0,1.0,0
471,431.9,0.0,0.0,0.0,1.0,0.0,0.0,1.0,0.0,0,1.0,0
472,387.3,0.0,1.0,1.0,1.0,1.0,0.0,1.0,0.0,0,1.0,0
473,582.8,1.0,1.0,0.0,1.0,0.0,0.0,1.0,0.0,0,1.0,0
474,434.2,0.0,1.0,1.0,1.0,1.0,0.0,1.0,0.0,0,1.0,0
475,589.7,1.0,1.0,0.0,1.0,0.0,0.0,1.0,0.0,0,1.0,0
476,393.1,0.0,0.0,0.0,1.0,0.0,0.0,1.0,0.0,0,1.0,0
477,364.5,0.0,1.0,1.0,1.0,1.0,0.0,1.0,0.0,0,1.0,0
478,379.9,0.0,0.0,0.0,1.0,0.0,0.0,1.0,0.0,0,1.0,0
479,435.4,0.0,0.0,0.0,1.0,0.0,0.0,1.0,0.0,0,1.0,0
480,366.8,0.0,1.0,1.0,1.0,1.0,0.0,1.0,0.0,0,1.0,0
481,370.3,0.0,1.0,1.0,1.0,1.0,0.0,1.0,0.0,0,1.0,0
482,493.7,1.0,1.0,0.0,1.0,0.0,0.0,1.0,0.0,0,1.0,0
483,497.1,0.0,1.0,1.0,1.0,1.0,0.0,1.0,0.0,0,1.0,0
484,540.6,1.0,0.0,1.0,1.0,1.0,0.0,1.0,0.0,0,1.0,0
485,412.1,0.0,0.0,0.0,1.0,0.0,0.0,1.0,0.0,0,1.0,0
486,467.5,0.0,0.0,0.0,1.0,0.0,0.0,1.0,0.0,0,1.0,0
487,366.9,1.0,1.0,0.0,1.0,0.0,0.0,1.0,0.0,0,1.0,0
488,478.4,0.0,0.0,0.0,1.0,0.0,0.0,1.0,0.0,0,1.0,0
489,441.8,0.0,0.0,0.0,1.0,0.0,0.0,1.0,0.0,0,1.0,0
490,409.3,1.0,1.0,0.0,1.0,0.0,0.0,1.0,0.0,0,1.0,0
491,576.6,1.0,0.0,1.0,1.0,1.0,0.0,1.0,0.0,0,1.0,0
492,400.1,0.0,0.0,0.0,1.0,0.0,0.0,1.0,0.0,0,1.0,0
493,339.5,0.0,0.0,0.0,1.0,0.0,0.0,1.0,0.0,0,1.0,0
494,407.0,0.0,0.0,0.0,1.0,0.0,0.0,1.0,0.0,0,1.0,0
495,626.4,1.0,0.0,1.0,1.0,1.0,0.0,1.0,0.0,0,1.0,0
496,413.9,1.0,1.0,0.0,1.0,0.0,0.0,1.0,0.0,0,1.0,0
497,361.3,1.0,1.0,0.0,1.0,0.0,0.0,1.0,0.0,0,1.0,0
498,484.8,0.0,0.0,0.0,1.0,0.0,0.0,1.0,0.0,0,1.0,0
499,372.2,1.0,1.0,0.0,1.0,0.0,0.0,1.0,0.0,0,1.0,0
500,367.7,0.0,0.0,0.0,1.0,0.0,0.0,1.0,0.0,0,1.0,0
501,399.1,0.0,1.0,1.0,1.0,1.0,0.0,1.0,0.0,0,1.0,0
502,354.5,0.0,1.0,1.0,1.0,1.0,0.0,1.0,0.0,0,1.0,0
503,365.9,1.0,0.0,1.0,1.0,1.0,0.0,1.0,0.0,0,1.0,0
504,541.4,0.0,1.0,1.0,1.0,1.0,0.0,1.0,0.0,0,1.0,0
505,684.6,0.0,0.0,0.0,1.0,0.0,0.0,1.0,0.0,0,1.0,0
506,496.0,0.0,0.0,0.0,1.0,0.0,0.0,1.0,0.0,0,1.0,0
507,479.5,1.0,0.0,1.0,1.0,1.0,0.0,1.0,0.0,0,1.0,0
508,386.9,0.0,0.0,0.0,1.0,0.0,0.0,1.0,0.0,0,1.0,0
509,366.4,0.0,0.0,0.0,1.0,0.0,0.0,1.0,0.0,0,1.0,0
510,321.7,0.0,0.0,0.0,1.0,0.0,0.0,1.0,0.0,0,1.0,0
511,329.2,0.0,0.0,0.0,1.0,0.0,0.0,1.0,0.0,0,1.0,0
512,436.6,1.0,1.0,0.0,1.0,0.0,0.0,1.0,0.0,0,1.0,0
513,432.1,0.0,0.0,0.0,1.0,0.0,0.0,1.0,0.0,0,1.0,0
514,383.5,0.0,0.0,0.0,1.0,0.0,0.0,1.0,0.0,0,1.0,0
515,387.0,1.0,0.0,1.0,0.0,0.0,0.0,1.0,0.0,1,1.0,0
516,510.4,0.0,1.0,1.0,1.0,1.0,0.0,1.0,0.0,0,1.0,1
517,393.8,0.0,1.0,1.0,1.0,1.0,0.0,1.0,0.0,0,1.0,0
518,325.3,0.0,1.0,1.0,1.0,1.0,0.0,1.0,0.0,0,1.0,0
519,340.7,0.0,0.0,0.0,1.0,0.0,0.0,1.0,0.0,0,1.0,0
520,368.1,0.0,1.0,1.0,1.0,1.0,0.0,1.0,0.0,0,1.0,0
521,463.5,1.0,0.0,1.0,1.0,1.0,0.0,1.0,0.0,0,1.0,0
522,467.0,1.0,1.0,0.0,1.0,0.0,0.0,1.0,0.0,0,1.0,0
523,646.4,1.0,0.0,1.0,1.0,1.0,0.0,1.0,0.0,0,1.0,0
524,681.9,0.0,1.0,1.0,1.0,1.0,0.0,1.0,0.0,0,1.0,0
525,329.3,0.0,1.0,1.0,1.0,1.0,0.0,1.0,0.0,0,1.0,0
526,276.8,0.0,1.0,1.0,1.0,1.0,0.0,1.0,0.0,0,1.0,0
527,344.2,0.0,0.0,0.0,1.0,0.0,0.0,1.0,0.0,0,1.0,0
528,419.6,0.0,1.0,1.0,0.0,0.0,0.0,1.0,0.0,1,1.0,0
529,279.0,0.0,1.0,1.0,1.0,1.0,0.0,1.0,0.0,0,1.0,1
530,294.5,0.0,1.0,1.0,1.0,1.0,0.0,1.0,0.0,0,1.0,0
531,321.9,0.0,1.0,1.0,1.0,1.0,0.0,1.0,0.0,0,1.0,0
532,313.4,0.0,1.0,1.0,1.0,1.0,0.0,1.0,0.0,0,1.0,0
533,544.8,1.0,1.0,0.0,1.0,0.0,0.0,1.0,0.0,0,1.0,0
534,644.3,0.0,0.0,0.0,1.0,0.0,0.0,1.0,0.0,0,1.0,0
535,427.7,0.0,1.0,1.0,1.0,1.0,0.0,1.0,0.0,0,1.0,0
536,383.2,0.0,1.0,1.0,1.0,1.0,0.0,1.0,0.0,0,1.0,0
537,378.6,1.0,1.0,0.0,1.0,0.0,0.0,1.0,0.0,0,1.0,0
538,438.1,0.0,0.0,0.0,1.0,0.0,0.0,1.0,0.0,0,1.0,0
539,313.4,0.0,0.0,0.0,1.0,0.0,0.0,1.0,0.0,0,1.0,0
540,352.9,0.0,0.0,0.0,1.0,0.0,0.0,1.0,0.0,0,1.0,0
541,580.1,0.0,0.0,0.0,1.0,0.0,0.0,1.0,0.0,0,1.0,0
542,359.5,0.0,1.0,1.0,1.0,1.0,0.0,1.0,0.0,0,1.0,0
543,459.0,0.0,0.0,0.0,1.0,0.0,0.0,1.0,0.0,0,1.0,0
544,386.4,0.0,1.0,1.0,1.0,1.0,0.0,1.0,0.0,0,1.0,0
545,449.9,0.0,1.0,1.0,1.0,1.0,0.0,1.0,0.0,0,1.0,0
546,501.3,0.0,0.0,0.0,1.0,0.0,0.0,1.0,0.0,0,1.0,0
547,352.7,0.0,1.0,1.0,1.0,1.0,0.0,1.0,0.0,0,1.0,0
548,352.1,0.0,1.0,1.0,1.0,1.0,0.0,1.0,0.0,0,1.0,0
549,619.5,0.0,0.0,0.0,1.0,0.0,0.0,1.0,0.0,0,1.0,0
550,383.0,0.0,1.0,1.0,1.0,1.0,0.0,1.0,0.0,0,1.0,0
551,626.4,0.0,0.0,0.0,1.0,0.0,0.0,1.0,0.0,0,1.0,0
552,453.9,0.0,1.0,1.0,1.0,1.0,0.0,1.0,0.0,0,1.0,0
553,377.3,0.0,0.0,0.0,1.0,0.0,0.0,1.0,0.0,0,1.0,0
554,432.8,0.0,0.0,0.0,1.0,0.0,0.0,1.0,0.0,0,1.0,0
555,420.2,0.0,0.0,0.0,1.0,0.0,0.0,1.0,0.0,0,1.0,0
556,551.7,1.0,1.0,0.0,1.0,0.0,0.0,1.0,0.0,0,1.0,0
557,407.1,0.0,0.0,0.0,1.0,0.0,0.0,1.0,0.0,0,1.0,0
558,466.6,0.0,1.0,1.0,1.0,1.0,0.0,1.0,0.0,0,1.0,0
559,518.0,0.0,1.0,1.0,1.0,1.0,0.0,1.0,0.0,0,1.0,0
560,373.4,0.0,0.0,0.0,1.0,0.0,0.0,1.0,0.0,0,1.0,0
561,496.8,1.0,0.0,1.0,1.0,1.0,0.0,1.0,0.0,0,1.0,0
562,364.3,0.0,1.0,1.0,1.0,1.0,0.0,1.0,0.0,0,1.0,0
563,415.7,0.0,0.0,0.0,1.0,0.0,0.0,1.0,0.0,0,1.0,0
564,463.2,1.0,1.0,0.0,1.0,0.0,0.0,1.0,0.0,0,1.0,0
565,426.6,1.0,0.0,1.0,1.0,1.0,0.0,1.0,0.0,0,1.0,0
566,366.1,1.0,0.0,1.0,0.0,0.0,0.0,1.0,0.0,1,1.0,0
567,489.5,1.0,1.0,0.0,1.0,0.0,0.0,1.0,0.0,0,1.0,1
568,373.0,0.0,1.0,1.0,1.0,1.0,0.0,1.0,0.0,0,1.0,0
569,416.3,0.0,0.0,0.0,1.0,0.0,0.0,1.0,0.0,0,1.0,0
570,471.7,0.0,0.0,0.0,1.0,0.0,0.0,1.0,0.0,0,1.0,0
571,399.2,0.0,1.0,1.0,1.0,1.0,0.0,1.0,0.0,0,1.0,0
572,490.6,0.0,1.0,1.0,1.0,1.0,0.0,1.0,0.0,0,1.0,0
573,446.1,1.0,0.0,1.0,1.0,1.0,0.0,1.0,0.0,0,1.0,0
574,325.5,0.0,1.0,1.0,1.0,1.0,0.0,1.0,0.0,0,1.0,0
575,321.0,0.0,1.0,1.0,1.0,1.0,0.0,1.0,0.0,0,1.0,0
576,356.4,0.0,0.0,0.0,1.0,0.0,0.0,1.0,0.0,0,1.0,0
577,683.0,1.0,1.0,0.0,1.0,0.0,0.0,1.0,0.0,0,2.0,0
578,426.4,0.0,1.0,1.0,1.0,1.0,0.0,1.0,0.0,0,2.0,0
579,517.8,0.0,1.0,1.0,1.0,1.0,0.0,1.0,0.0,0,2.0,0
580,393.2,0.0,1.0,1.0,1.0,1.0,0.0,1.0,0.0,0,2.0,0
581,348.7,0.0,1.0,1.0,1.0,1.0,0.0,1.0,0.0,0,2.0,0
582,440.2,1.0,0.0,1.0,1.0,1.0,0.0,1.0,0.0,0,2.0,0
583,435.6,1.0,0.0,1.0,1.0,1.0,0.0,1.0,0.0,0,2.0,0
584,575.0,0.0,0.0,0.0,1.0,0.0,0.0,1.0,0.0,0,2.0,0
585,394.5,0.0,1.0,1.0,1.0,1.0,0.0,1.0,0.0,0,2.0,0
586,685.9,0.0,0.0,0.0,1.0,0.0,0.0,1.0,0.0,0,2.0,0
587,293.4,1.0,1.0,0.0,1.0,0.0,0.0,1.0,0.0,0,2.0,0
588,400.7,0.0,1.0,1.0,1.0,1.0,0.0,1.0,0.0,0,2.0,0
589,348.2,1.0,0.0,1.0,1.0,1.0,0.0,1.0,0.0,0,2.0,0
590,539.6,0.0,0.0,0.0,1.0,0.0,0.0,1.0,0.0,0,2.0,0
591,519.0,1.0,0.0,1.0,1.0,1.0,0.0,1.0,0.0,0,2.0,0
592,546.5,1.0,0.0,1.0,1.0,1.0,0.0,1.0,0.0,0,2.0,0
593,381.9,0.0,1.0,1.0,1.0,1.0,0.0,1.0,0.0,0,2.0,0
594,393.4,0.0,0.0,0.0,1.0,0.0,0.0,1.0,0.0,0,2.0,0
595,444.8,0.0,1.0,1.0,1.0,1.0,0.0,1.0,0.0,0,2.0,0
596,372.3,0.0,1.0,1.0,1.0,1.0,0.0,1.0,0.0,0,2.0,0
597,435.7,0.0,0.0,0.0,1.0,0.0,0.0,1.0,0.0,0,2.0,0
598,503.2,0.0,1.0,1.0,1.0,1.0,0.0,1.0,0.0,0,2.0,0
599,398.6,0.0,1.0,1.0,1.0,1.0,0.0,1.0,0.0,0,2.0,0
600,398.1,0.0,1.0,1.0,1.0,1.0,0.0,1.0,0.0,0,2.0,0
601,429.5,1.0,0.0,1.0,1.0,1.0,0.0,1.0,0.0,0,2.0,0
602,420.9,0.0,0.0,0.0,1.0,0.0,0.0,1.0,0.0,0,2.0,0
603,384.3,0.0,0.0,0.0,1.0,0.0,0.0,1.0,0.0,0,2.0,0
604,451.8,1.0,1.0,0.0,1.0,0.0,0.0,1.0,0.0,0,2.0,0
605,511.2,0.0,1.0,1.0,1.0,1.0,0.0,1.0,0.0,0,2.0,0
606,498.6,0.0,0.0,0.0,1.0,0.0,0.0,1.0,0.0,0,2.0,0
607,414.1,1.0,1.0,0.0,1.0,0.0,0.0,1.0,0.0,0,2.0,0
608,473.5,0.0,1.0,1.0,1.0,1.0,0.0,1.0,0.0,0,2.0,0
609,609.0,0.0,0.0,0.0,1.0,0.0,0.0,1.0,0.0,0,2.0,0
610,1092.4,0.0,0.0,0.0,1.0,0.0,0.0,1.0,0.0,2,2.0,0
611,387.9,0.0,0.0,0.0,1.0,0.0,0.0,1.0,0.0,0,2.0,0
612,427.2,1.0,0.0,1.0,1.0,1.0,0.0,1.0,0.0,0,2.0,0
613,1378.5,0.0,0.0,0.0,1.0,0.0,0.0,1.0,0.0,2,2.0,0
614,549.9,1.0,1.0,0.0,1.0,0.0,0.0,1.0,0.0,0,2.0,0
615,505.4,1.0,0.0,1.0,1.0,1.0,0.0,1.0,0.0,0,2.0,0
616,368.7,0.0,1.0,1.0,1.0,1.0,0.0,1.0,0.0,0,2.0,0
617,404.2,0.0,0.0,0.0,1.0,0.0,0.0,1.0,0.0,0,2.0,0
618,351.6,0.0,1.0,1.0,1.0,1.0,0.0,1.0,0.0,0,2.0,0
619,499.1,0.0,0.0,0.0,1.0,0.0,0.0,1.0,0.0,0,2.0,0
620,782.5,0.0,0.0,0.0,1.0,0.0,0.0,1.0,0.0,0,2.0,0
621,429.9,0.0,0.0,0.0,1.0,0.0,0.0,1.0,0.0,0,2.0,0
622,365.4,1.0,0.0,1.0,1.0,1.0,0.0,1.0,0.0,0,2.0,0
623,512.8,0.0,0.0,0.0,1.0,0.0,0.0,1.0,0.0,0,2.0,0
624,452.3,0.0,0.0,0.0,1.0,0.0,0.0,1.0,0.0,0,2.0,0
625,331.7,0.0,0.0,0.0,1.0,0.0,0.0,1.0,0.0,0,2.0,0
626,327.2,0.0,0.0,0.0,1.0,0.0,0.0,1.0,0.0,0,2.0,0
627,506.6,0.0,0.0,0.0,1.0,0.0,0.0,1.0,0.0,0,2.0,0
628,478.1,1.0,1.0,0.0,1.0,0.0,0.0,1.0,0.0,0,2.0,0
629,681.5,0.0,1.0,1.0,1.0,1.0,0.0,1.0,0.0,0,2.0,0
630,765.0,1.0,0.0,1.0,1.0,1.0,0.0,1.0,0.0,2,2.0,0
631,552.4,0.0,1.0,1.0,1.0,1.0,0.0,1.0,0.0,0,2.0,0
632,423.8,1.0,0.0,1.0,1.0,1.0,0.0,1.0,0.0,0,2.0,0
633,355.3,0.0,1.0,1.0,1.0,1.0,0.0,1.0,0.0,0,2.0,0
634,422.7,1.0,1.0,0.0,1.0,0.0,0.0,1.0,0.0,0,2.0,0
635,370.2,0.0,1.0,1.0,1.0,1.0,0.0,1.0,0.0,0,2.0,0
636,413.6,0.0,0.0,0.0,1.0,0.0,0.0,1.0,0.0,0,2.0,0
637,505.1,1.0,1.0,0.0,1.0,0.0,0.0,1.0,0.0,0,2.0,0
638,400.4,1.0,1.0,0.0,1.0,0.0,0.0,1.0,0.0,0,2.0,0
639,479.9,0.0,1.0,1.0,1.0,1.0,0.0,1.0,0.0,0,2.0,0
640,487.3,0.0,1.0,1.0,1.0,1.0,0.0,1.0,0.0,0,2.0,0
641,362.8,0.0,0.0,0.0,1.0,0.0,0.0,1.0,0.0,0,2.0,0
642,330.2,0.0,1.0,1.0,1.0,1.0,0.0,1.0,0.0,0,2.0,0
643,365.7,0.0,0.0,0.0,1.0,0.0,0.0,1.0,0.0,0,2.0,0
644,533.1,1.0,1.0,0.0,1.0,0.0,0.0,1.0,0.0,0,2.0,0
645,444.6,1.0,0.0,1.0,1.0,1.0,0.0,1.0,0.0,0,2.0,0
646,396.0,0.0,0.0,0.0,1.0,0.0,0.0,1.0,0.0,0,2.0,0
647,359.5,0.0,0.0,0.0,1.0,0.0,0.0,1.0,0.0,0,2.0,0
648,394.9,0.0,0.0,0.0,1.0,0.0,0.0,1.0,0.0,0,2.0,0
649,526.1,0.0,1.0,1.0,1.0,1.0,0.0,1.0,0.0,0,2.0,0
650,353.5,0.0,1.0,1.0,1.0,1.0,0.0,1.0,0.0,0,2.0,0
651,432.9,1.0,0.0,1.0,1.0,1.0,0.0,1.0,0.0,0,2.0,0
652,340.4,0.0,1.0,1.0,1.0,1.0,0.0,1.0,0.0,0,2.0,0
653,651.8,0.0,0.0,0.0,1.0,0.0,0.0,1.0,0.0,0,2.0,0
654,463.3,0.0,0.0,0.0,1.0,0.0,0.0,1.0,0.0,0,2.0,0
655,506.6,0.0,0.0,0.0,1.0,0.0,0.0,1.0,0.0,0,2.0,0
656,390.1,0.0,0.0,0.0,1.0,0.0,0.0,1.0,0.0,0,2.0,0
657,505.5,1.0,0.0,1.0,1.0,1.0,0.0,1.0,0.0,0,2.0,0
658,416.9,0.0,1.0,1.0,1.0,1.0,0.0,1.0,0.0,0,2.0,0
659,420.4,0.0,1.0,1.0,1.0,1.0,0.0,1.0,0.0,0,2.0,0
660,527.8,0.0,1.0,1.0,1.0,1.0,0.0,1.0,0.0,0,2.0,0
661,503.3,0.0,0.0,0.0,1.0,0.0,0.0,1.0,0.0,0,2.0,0
662,466.6,0.0,0.0,0.0,1.0,0.0,0.0,1.0,0.0,0,2.0,0
663,430.1,1.0,1.0,0.0,1.0,0.0,0.0,1.0,0.0,0,2.0,0
664,421.6,0.0,1.0,1.0,1.0,1.0,0.0,1.0,0.0,0,2.0,0
665,457.0,0.0,1.0,1.0,1.0,1.0,0.0,1.0,0.0,0,2.0,0
666,668.4,0.0,0.0,0.0,1.0,0.0,0.0,1.0,0.0,0,2.0,0
667,367.9,0.0,1.0,1.0,1.0,1.0,0.0,1.0,0.0,0,2.0,0
668,455.3,0.0,0.0,0.0,1.0,0.0,0.0,1.0,0.0,0,2.0,0
669,610.8,0.0,0.0,0.0,1.0,0.0,0.0,1.0,0.0,0,2.0,0
670,662.2,0.0,1.0,1.0,1.0,1.0,0.0,1.0,0.0,0,2.0,0
671,361.7,0.0,1.0,1.0,1.0,1.0,0.0,1.0,0.0,0,2.0,0
672,597.1,1.0,0.0,1.0,1.0,1.0,0.0,1.0,0.0,0,2.0,0
673,296.6,0.0,1.0,1.0,1.0,1.0,0.0,1.0,0.0,0,2.0,0
674,355.9,0.0,1.0,1.0,1.0,1.0,0.0,1.0,0.0,0,2.0,0
675,299.4,0.0,1.0,1.0,1.0,1.0,0.0,1.0,0.0,0,2.0,0
676,434.8,0.0,0.0,0.0,1.0,0.0,0.0,1.0,0.0,0,2.0,0
677,294.3,0.0,0.0,0.0,1.0,0.0,0.0,1.0,0.0,0,2.0,0
678,353.7,0.0,0.0,0.0,1.0,0.0,0.0,1.0,0.0,0,2.0,0
679,389.2,0.0,1.0,1.0,1.0,1.0,0.0,1.0,0.0,0,2.0,0
680,284.6,0.0,1.0,1.0,1.0,1.0,0.0,1.0,0.0,0,2.0,0
681,448.0,1.0,1.0,0.0,1.0,0.0,0.0,1.0,0.0,0,2.0,0
682,539.4,0.0,0.0,0.0,1.0,0.0,0.0,1.0,0.0,0,2.0,0
683,394.8,0.0,1.0,1.0,1.0,1.0,0.0,1.0,0.0,0,2.0,0
684,310.3,0.0,1.0,1.0,1.0,1.0,0.0,1.0,0.0,0,2.0,0
685,373.6,0.0,1.0,1.0,1.0,1.0,0.0,1.0,0.0,0,2.0,0
686,557.0,0.0,0.0,0.0,1.0,0.0,0.0,1.0,0.0,0,2.0,0
687,452.4,0.0,1.0,1.0,1.0,1.0,0.0,1.0,0.0,0,2.0,0
688,415.9,0.0,1.0,1.0,1.0,1.0,0.0,1.0,0.0,0,2.0,0
689,483.2,1.0,0.0,1.0,1.0,1.0,0.0,1.0,0.0,0,2.0,0
690,866.6,0.0,0.0,0.0,1.0,0.0,0.0,1.0,0.0,2,2.0,0
691,494.1,1.0,1.0,0.0,1.0,0.0,0.0,1.0,0.0,0,2.0,0
692,485.5,0.0,0.0,0.0,1.0,0.0,0.0,1.0,0.0,0,2.0,0
693,401.0,0.0,1.0,1.0,1.0,1.0,0.0,1.0,0.0,0,2.0,0
694,512.4,0.0,1.0,1.0,1.0,1.0,0.0,1.0,0.0,0,2.0,0
695,383.9,0.0,0.0,0.0,1.0,0.0,0.0,1.0,0.0,0,2.0,0
696,355.3,1.0,1.0,0.0,1.0,0.0,0.0,1.0,0.0,0,2.0,0
697,414.7,0.0,0.0,0.0,1.0,0.0,0.0,1.0,0.0,0,2.0,0
698,362.1,0.0,0.0,0.0,1.0,0.0,0.0,1.0,0.0,0,2.0,0
699,461.6,0.0,0.0,0.0,1.0,0.0,0.0,1.0,0.0,0,2.0,0
700,453.0,1.0,1.0,0.0,1.0,0.0,0.0,1.0,0.0,0,2.0,0
701,312.5,0.0,0.0,0.0,1.0,0.0,0.0,1.0,0.0,0,2.0,0
702,427.9,0.0,0.0,0.0,1.0,0.0,0.0,1.0,0.0,0,2.0,0
703,335.4,1.0,1.0,0.0,1.0,0.0,0.0,1.0,0.0,0,2.0,0
704,362.8,0.0,0.0,0.0,1.0,0.0,0.0,1.0,0.0,0,2.0,0
705,370.3,0.0,0.0,0.0,1.0,0.0,0.0,1.0,0.0,0,2.0,0
706,461.7,0.0,1.0,1.0,1.0,1.0,0.0,1.0,0.0,0,2.0,0
707,485.1,1.0,1.0,0.0,1.0,0.0,0.0,1.0,0.0,0,2.0,0
708,508.5,1.0,0.0,1.0,1.0,1.0,0.0,1.0,0.0,0,2.0,0
709,487.9,0.0,1.0,1.0,1.0,1.0,0.0,1.0,0.0,0,2.0,0
710,479.4,0.0,1.0,1.0,1.0,1.0,0.0,1.0,0.0,0,2.0,0
711,314.9,0.0,1.0,1.0,1.0,1.0,0.0,1.0,0.0,0,2.0,0
712,330.3,0.0,1.0,1.0,1.0,1.0,0.0,1.0,0.0,0,2.0,0
713,361.7,0.0,0.0,0.0,1.0,0.0,0.0,1.0,0.0,0,2.0,0
714,381.2,0.0,0.0,0.0,1.0,0.0,0.0,1.0,0.0,0,2.0,0
715,488.6,0.0,0.0,0.0,1.0,0.0,0.0,1.0,0.0,0,2.0,0
716,412.1,1.0,1.0,0.0,1.0,0.0,0.0,1.0,0.0,0,2.0,0
717,511.4,0.0,1.0,1.0,1.0,1.0,0.0,1.0,0.0,0,2.0,0
718,418.9,1.0,0.0,1.0,0.0,0.0,0.0,1.0,0.0,1,2.0,0
719,342.3,0.0,1.0,1.0,1.0,1.0,0.0,1.0,0.0,0,2.0,1
720,401.8,0.0,1.0,1.0,1.0,1.0,0.0,1.0,0.0,0,2.0,0
721,479.4,1.0,1.0,0.0,1.0,0.0,0.0,1.0,0.0,0,3.0,0
722,474.9,0.0,0.0,0.0,1.0,0.0,0.0,1.0,0.0,0,3.0,0
723,454.3,0.0,1.0,1.0,1.0,1.0,0.0,1.0,0.0,0,3.0,0
724,369.8,0.0,0.0,0.0,1.0,0.0,0.0,1.0,0.0,0,3.0,0
725,381.2,0.0,0.0,0.0,1.0,0.0,0.0,1.0,0.0,0,3.0,0
726,580.6,1.0,0.0,1.0,1.0,1.0,0.0,1.0,0.0,0,3.0,0
727,504.1,0.0,0.0,0.0,1.0,0.0,0.0,1.0,0.0,0,3.0,0
728,411.5,0.0,0.0,0.0,1.0,0.0,0.0,1.0,0.0,0,3.0,0
729,566.9,1.0,0.0,1.0,1.0,1.0,0.0,1.0,0.0,0,3.0,0
730,458.3,0.0,1.0,1.0,1.0,1.0,0.0,1.0,0.0,0,3.0,0
731,373.8,0.0,1.0,1.0,1.0,1.0,0.0,1.0,0.0,0,3.0,0
732,669.2,0.0,0.0,0.0,1.0,0.0,0.0,1.0,0.0,0,3.0,0
733,520.7,0.0,1.0,1.0,1.0,1.0,0.0,1.0,0.0,0,3.0,0
734,340.1,0.0,1.0,1.0,1.0,1.0,0.0,1.0,0.0,0,3.0,0
735,403.6,0.0,0.0,0.0,1.0,0.0,0.0,1.0,0.0,0,3.0,0
736,518.9,0.0,0.0,0.0,1.0,0.0,0.0,1.0,0.0,0,3.0,0
737,310.4,0.0,0.0,0.0,1.0,0.0,0.0,1.0,0.0,0,3.0,0
738,437.8,0.0,1.0,1.0,1.0,1.0,0.0,1.0,0.0,0,3.0,0
739,361.3,0.0,1.0,1.0,1.0,1.0,0.0,1.0,0.0,0,3.0,0
740,324.7,0.0,1.0,1.0,1.0,1.0,0.0,1.0,0.0,0,3.0,0
741,412.2,0.0,0.0,0.0,1.0,0.0,0.0,1.0,0.0,0,3.0,0
742,359.6,0.0,1.0,1.0,1.0,1.0,0.0,1.0,0.0,0,3.0,0
743,355.1,0.0,1.0,1.0,1.0,1.0,0.0,1.0,0.0,0,3.0,0
744,358.5,0.0,0.0,0.0,1.0,0.0,0.0,1.0,0.0,0,3.0,0
745,433.9,0.0,1.0,1.0,1.0,1.0,0.0,1.0,0.0,0,3.0,0
746,373.4,1.0,1.0,0.0,1.0,0.0,0.0,1.0,0.0,0,3.0,0
747,484.8,1.0,1.0,0.0,1.0,0.0,0.0,1.0,0.0,0,3.0,0
748,452.3,1.0,0.0,1.0,1.0,1.0,0.0,1.0,0.0,0,3.0,0
749,315.6,0.0,1.0,1.0,1.0,1.0,0.0,1.0,0.0,0,3.0,0
750,439.1,1.0,1.0,0.0,1.0,0.0,0.0,1.0,0.0,0,3.0,0
751,486.5,0.0,0.0,0.0,1.0,0.0,0.0,1.0,0.0,0,3.0,0
752,410.0,1.0,0.0,1.0,1.0,1.0,0.0,1.0,0.0,0,3.0,0
753,357.4,0.0,0.0,0.0,1.0,0.0,0.0,1.0,0.0,0,3.0,0
754,440.9,0.0,0.0,0.0,1.0,0.0,0.0,1.0,0.0,0,3.0,0
755,404.3,0.0,0.0,0.0,1.0,0.0,0.0,1.0,0.0,0,3.0,0
756,483.8,1.0,0.0,1.0,1.0,1.0,0.0,1.0,0.0,0,3.0,0
757,498.9,0.0,1.0,1.0,1.0,1.0,0.0,1.0,0.0,0,3.0,0
758,414.3,0.0,0.0,0.0,1.0,0.0,0.0,1.0,0.0,0,3.0,0
759,509.8,0.0,1.0,1.0,1.0,1.0,0.0,1.0,0.0,0,3.0,0
760,553.2,0.0,1.0,1.0,1.0,1.0,0.0,1.0,0.0,0,3.0,0
761,492.7,0.0,1.0,1.0,1.0,1.0,0.0,1.0,0.0,0,3.0,0
762,416.1,0.0,1.0,1.0,1.0,1.0,0.0,1.0,0.0,0,3.0,0
763,531.6,1.0,0.0,1.0,1.0,1.0,0.0,1.0,0.0,0,3.0,0
764,419.0,0.0,0.0,0.0,1.0,0.0,0.0,1.0,0.0,0,3.0,0
765,486.4,0.0,0.0,0.0,1.0,0.0,0.0,1.0,0.0,0,3.0,0
766,401.8,0.0,0.0,0.0,1.0,0.0,0.0,1.0,0.0,0,3.0,0
767,377.3,0.0,1.0,1.0,1.0,1.0,0.0,1.0,0.0,0,3.0,0
768,364.7,0.0,1.0,1.0,1.0,1.0,0.0,1.0,0.0,0,3.0,0
769,432.2,0.0,1.0,1.0,1.0,1.0,0.0,1.0,0.0,0,3.0,0
770,371.6,0.0,0.0,0.0,1.0,0.0,0.0,1.0,0.0,0,3.0,0
771,291.1,1.0,1.0,0.0,1.0,0.0,0.0,1.0,0.0,0,3.0,0
772,430.4,0.0,1.0,1.0,1.0,1.0,0.0,1.0,0.0,0,3.0,0
773,305.9,0.0,1.0,1.0,1.0,1.0,0.0,1.0,0.0,0,3.0,0
774,373.3,1.0,0.0,1.0,1.0,1.0,0.0,1.0,0.0,0,3.0,0
775,340.8,0.0,1.0,1.0,1.0,1.0,0.0,1.0,0.0,0,3.0,0
776,392.2,0.0,0.0,0.0,1.0,0.0,0.0,1.0,0.0,0,3.0,0
777,555.6,0.0,0.0,0.0,1.0,0.0,0.0,1.0,0.0,0,3.0,0
778,391.1,0.0,0.0,0.0,1.0,0.0,0.0,1.0,0.0,0,3.0,0
779,578.5,0.0,0.0,0.0,1.0,0.0,0.0,1.0,0.0,0,3.0,0
780,430.0,0.0,1.0,1.0,1.0,1.0,0.0,1.0,0.0,0,3.0,0
781,481.3,1.0,1.0,0.0,1.0,0.0,0.0,1.0,0.0,0,3.0,0
782,364.8,0.0,0.0,0.0,0.0,1.0,0.0,1.0,0.0,1,3.0,0
783,392.2,0.0,0.0,0.0,1.0,0.0,0.0,1.0,0.0,0,3.0,1
784,407.7,0.0,0.0,0.0,1.0,0.0,0.0,1.0,0.0,0,3.0,0
785,507.1,0.0,1.0,1.0,1.0,1.0,0.0,1.0,0.0,0,3.0,0
786,390.6,0.0,0.0,0.0,1.0,0.0,0.0,1.0,0.0,0,3.0,0
787,382.0,0.0,1.0,1.0,1.0,1.0,0.0,1.0,0.0,0,3.0,0
788,409.5,0.0,1.0,1.0,1.0,1.0,0.0,1.0,0.0,0,3.0,0
789,380.9,0.0,0.0,0.0,1.0,0.0,0.0,1.0,0.0,0,3.0,0
790,416.4,0.0,1.0,1.0,1.0,1.0,0.0,1.0,0.0,0,3.0,0
791,555.7,0.0,0.0,0.0,1.0,0.0,0.0,1.0,0.0,0,3.0,0
792,447.2,0.0,1.0,1.0,1.0,1.0,0.0,1.0,0.0,0,3.0,0
793,506.4,0.0,0.0,0.0,1.0,0.0,0.0,1.0,0.0,0,3.0,0
794,1037.8,0.0,0.0,0.0,1.0,0.0,0.0,1.0,0.0,2,3.0,0
795,441.3,0.0,1.0,1.0,1.0,1.0,0.0,1.0,0.0,0,3.0,0
796,356.6,0.0,1.0,1.0,1.0,1.0,0.0,1.0,0.0,0,3.0,0
797,420.1,0.0,0.0,0.0,1.0,0.0,0.0,1.0,0.0,0,3.0,0
798,495.5,0.0,1.0,1.0,1.0,1.0,0.0,1.0,0.0,0,3.0,0
799,359.0,0.0,1.0,1.0,1.0,1.0,0.0,1.0,0.0,0,3.0,0
800,462.4,1.0,1.0,0.0,1.0,0.0,0.0,1.0,0.0,0,3.0,0
801,0.1,0.0,0.0,0.0,0.0,1.0,0.0,1.0,0.0,1,3.0,0
802,589.3,1.0,1.0,0.0,1.0,0.0,0.0,1.0,0.0,0,3.0,1
803,396.8,0.0,1.0,1.0,1.0,1.0,0.0,1.0,0.0,0,3.0,0
804,440.2,0.0,0.0,0.0,1.0,0.0,0.0,1.0,0.0,0,3.0,0
805,595.6,1.0,0.0,1.0,1.0,1.0,0.0,1.0,0.0,0,3.0,0
806,395.1,0.0,1.0,1.0,1.0,1.0,0.0,1.0,0.0,0,3.0,0
807,430.6,1.0,0.0,1.0,1.0,1.0,0.0,1.0,0.0,0,3.0,0
808,493.9,0.0,1.0,1.0,1.0,1.0,0.0,1.0,0.0,0,3.0,0
809,345.4,1.0,0.0,1.0,0.0,0.0,0.0,1.0,0.0,1,3.0,0
810,308.8,0.0,1.0,1.0,1.0,1.0,0.0,1.0,0.0,0,3.0,1
811,352.2,0.0,0.0,0.0,1.0,0.0,0.0,1.0,0.0,0,3.0,0
812,407.7,0.0,1.0,1.0,1.0,1.0,0.0,1.0,0.0,0,3.0,0
813,623.1,0.0,0.0,0.0,1.0,0.0,0.0,1.0,0.0,0,3.0,0
814,370.6,0.0,0.0,0.0,1.0,0.0,0.0,1.0,0.0,0,3.0,0
815,570.0,0.0,0.0,0.0,1.0,0.0,0.0,1.0,0.0,0,3.0,0
816,397.5,0.0,0.0,0.0,1.0,0.0,0.0,1.0,0.0,0,3.0,0
817,360.9,0.0,0.0,0.0,1.0,0.0,0.0,1.0,0.0,0,3.0,0
818,340.4,1.0,1.0,0.0,1.0,0.0,0.0,1.0,0.0,0,3.0,0
819,455.8,0.0,1.0,1.0,1.0,1.0,0.0,1.0,0.0,0,3.0,0
820,403.2,0.0,0.0,0.0,1.0,0.0,0.0,1.0,0.0,0,3.0,0
821,454.6,0.0,1.0,1.0,1.0,1.0,0.0,1.0,0.0,0,3.0,0
822,402.1,0.0,0.0,0.0,1.0,0.0,0.0,1.0,0.0,0,3.0,0
823,477.5,0.0,1.0,1.0,1.0,1.0,0.0,1.0,0.0,0,3.0,0
824,353.0,0.0,1.0,1.0,1.0,1.0,0.0,1.0,0.0,0,3.0,0
825,364.4,0.0,0.0,0.0,1.0,0.0,0.0,1.0,0.0,0,3.0,0
826,407.8,0.0,1.0,1.0,1.0,1.0,0.0,1.0,0.0,0,3.0,0
827,439.3,0.0,1.0,1.0,1.0,1.0,0.0,1.0,0.0,0,3.0,0
828,410.7,1.0,1.0,0.0,1.0,0.0,0.0,1.0,0.0,0,3.0,0
829,790.0,0.0,1.0,1.0,1.0,1.0,0.0,1.0,0.0,0,3.0,0
830,349.3,0.0,1.0,1.0,1.0,1.0,0.0,1.0,0.0,0,3.0,0
831,616.7,1.0,0.0,1.0,1.0,1.0,0.0,1.0,0.0,0,3.0,0
832,428.2,1.0,1.0,0.0,1.0,0.0,0.0,1.0,0.0,0,3.0,0
833,459.6,1.0,0.0,1.0,1.0,1.0,0.0,1.0,0.0,0,3.0,0
834,539.1,0.0,0.0,0.0,1.0,0.0,0.0,1.0,0.0,0,3.0,0
835,438.5,1.0,0.0,1.0,1.0,1.0,0.0,1.0,0.0,0,3.0,0
836,390.0,0.0,0.0,0.0,1.0,0.0,0.0,1.0,0.0,0,3.0,0
837,473.4,0.0,1.0,1.0,1.0,1.0,0.0,1.0,0.0,0,3.0,0
838,336.9,0.0,0.0,0.0,1.0,0.0,0.0,1.0,0.0,0,3.0,0
839,392.2,1.0,1.0,0.0,1.0,0.0,0.0,1.0,0.0,0,3.0,0
840,491.7,1.0,0.0,1.0,1.0,1.0,0.0,1.0,0.0,0,3.0,0
841,403.1,0.0,0.0,0.0,1.0,0.0,0.0,1.0,0.0,0,3.0,0
842,606.6,1.0,0.0,1.0,1.0,1.0,0.0,1.0,0.0,0,3.0,0
843,794.0,0.0,1.0,1.0,0.0,0.0,0.0,1.0,0.0,1,3.0,0
844,365.5,0.0,0.0,0.0,1.0,0.0,0.0,1.0,0.0,0,3.0,1
845,392.9,1.0,1.0,0.0,1.0,0.0,0.0,1.0,0.0,0,3.0,0
846,492.4,1.0,0.0,1.0,1.0,1.0,0.0,1.0,0.0,0,3.0,0
847,379.8,1.0,1.0,0.0,1.0,0.0,0.0,1.0,0.0,0,3.0,0
848,491.3,0.0,1.0,1.0,1.0,1.0,0.0,1.0,0.0,0,3.0,0
849,522.7,0.0,0.0,0.0,1.0,0.0,0.0,1.0,0.0,0,3.0,0
850,446.1,0.0,1.0,1.0,1.0,1.0,0.0,1.0,0.0,0,3.0,0
851,473.5,1.0,1.0,0.0,1.0,0.0,0.0,1.0,0.0,0,3.0,0
852,361.0,0.0,0.0,0.0,1.0,0.0,0.0,1.0,0.0,0,3.0,0
853,360.4,0.0,1.0,1.0,1.0,1.0,0.0,1.0,0.0,0,3.0,0
854,435.8,0.0,1.0,1.0,1.0,1.0,0.0,1.0,0.0,0,3.0,0
855,355.3,0.0,1.0,1.0,1.0,1.0,0.0,1.0,0.0,0,3.0,0
856,426.7,1.0,1.0,0.0,1.0,0.0,0.0,1.0,0.0,0,3.0,0
857,458.2,0.0,1.0,1.0,1.0,1.0,0.0,1.0,0.0,0,3.0,0
858,373.6,0.0,0.0,0.0,1.0,0.0,0.0,1.0,0.0,0,3.0,0
859,425.1,0.0,0.0,0.0,1.0,0.0,0.0,1.0,0.0,0,3.0,0
860,408.5,1.0,0.0,1.0,1.0,1.0,0.0,1.0,0.0,0,3.0,0
861,388.0,1.0,1.0,0.0,1.0,0.0,0.0,1.0,0.0,0,3.0,0
862,291.3,1.0,1.0,0.0,1.0,0.0,0.0,1.0,0.0,0,3.0,0
863,690.8,1.0,0.0,1.0,1.0,1.0,0.0,1.0,0.0,0,3.0,0
864,622.2,0.0,0.0,0.0,1.0,0.0,0.0,1.0,0.0,0,3.0,0
865,474.2,1.0,0.0,1.0,1.0,1.0,0.0,0.0,1.0,0,1.0,0
866,293.7,1.0,0.0,1.0,1.0,1.0,0.0,0.0,1.0,0,1.0,0
867,313.0,1.0,0.0,1.0,1.0,1.0,0.0,0.0,1.0,0,1.0,0
868,340.5,0.0,1.0,1.0,1.0,1.0,0.0,0.0,1.0,0,1.0,0
869,311.9,0.0,1.0,1.0,1.0,1.0,0.0,0.0,1.0,0,1.0,0
870,367.3,1.0,1.0,0.0,1.0,0.0,0.0,0.0,1.0,0,1.0,0
871,402.8,1.0,1.0,0.0,1.0,0.0,0.0,0.0,1.0,0,1.0,0
872,302.2,1.0,1.0,0.0,1.0,0.0,0.0,0.0,1.0,0,1.0,0
873,409.7,1.0,0.0,1.0,1.0,1.0,0.0,0.0,1.0,0,1.0,0
874,333.1,0.0,0.0,0.0,1.0,0.0,0.0,0.0,1.0,0,1.0,0
875,516.6,1.0,1.0,0.0,1.0,0.0,0.0,0.0,1.0,0,1.0,0
876,599.9,1.0,0.0,1.0,1.0,1.0,0.0,0.0,1.0,0,1.0,0
877,523.4,0.0,1.0,1.0,1.0,1.0,0.0,0.0,1.0,0,1.0,0
878,582.8,1.0,1.0,0.0,1.0,0.0,0.0,0.0,1.0,0,1.0,0
879,410.3,0.0,1.0,1.0,1.0,1.0,0.0,0.0,1.0,0,1.0,0
880,397.7,1.0,1.0,0.0,1.0,0.0,0.0,0.0,1.0,0,1.0,0
881,401.2,1.0,0.0,1.0,1.0,1.0,0.0,0.0,1.0,0,1.0,0
882,452.6,1.0,0.0,1.0,1.0,1.0,0.0,0.0,1.0,0,1.0,0
883,896.0,0.0,0.0,0.0,1.0,0.0,0.0,0.0,1.0,2,1.0,0
884,475.5,1.0,0.0,1.0,1.0,1.0,0.0,0.0,1.0,0,1.0,0
885,527.0,1.0,0.0,1.0,1.0,1.0,0.0,0.0,1.0,0,1.0,0
886,426.4,0.0,0.0,0.0,1.0,0.0,0.0,0.0,1.0,0,1.0,0
887,477.8,0.0,0.0,0.0,1.0,0.0,0.0,0.0,1.0,0,1.0,0
888,425.2,1.0,0.0,1.0,1.0,1.0,0.0,0.0,1.0,0,1.0,0
889,532.6,1.0,0.0,1.0,1.0,1.0,0.0,0.0,1.0,0,1.0,0
890,536.1,1.0,0.0,1.0,1.0,1.0,0.0,0.0,1.0,0,1.0,0
891,479.5,0.0,0.0,0.0,1.0,0.0,0.0,0.0,1.0,0,1.0,0
892,483.0,1.0,0.0,1.0,1.0,1.0,0.0,0.0,1.0,0,1.0,0
893,418.5,1.0,0.0,1.0,1.0,1.0,0.0,0.0,1.0,0,1.0,0
894,477.9,1.0,0.0,1.0,1.0,1.0,0.0,0.0,1.0,0,1.0,0
895,401.3,1.0,1.0,0.0,1.0,0.0,0.0,0.0,1.0,0,1.0,0
896,376.8,0.0,1.0,1.0,1.0,1.0,0.0,0.0,1.0,0,1.0,0
897,468.1,0.0,1.0,1.0,1.0,1.0,0.0,0.0,1.0,0,1.0,0
898,443.6,1.0,1.0,0.0,1.0,0.0,0.0,0.0,1.0,0,1.0,0
899,411.0,1.0,0.0,1.0,1.0,1.0,0.0,0.0,1.0,0,1.0,0
900,410.5,1.0,1.0,0.0,1.0,0.0,0.0,0.0,1.0,0,1.0,0
901,965.7,1.0,1.0,0.0,1.0,0.0,0.0,0.0,1.0,2,1.0,0
902,449.1,1.0,0.0,1.0,1.0,1.0,0.0,0.0,1.0,0,1.0,0
903,308.6,0.0,0.0,0.0,1.0,0.0,0.0,0.0,1.0,0,1.0,0
904,408.0,1.0,0.0,1.0,1.0,1.0,0.0,0.0,1.0,0,1.0,0
905,355.5,1.0,1.0,0.0,1.0,0.0,0.0,0.0,1.0,0,1.0,0
906,466.9,1.0,0.0,1.0,1.0,1.0,0.0,0.0,1.0,0,1.0,0
907,326.3,1.0,1.0,0.0,1.0,0.0,0.0,0.0,1.0,0,1.0,0
908,401.7,1.0,0.0,1.0,1.0,1.0,0.0,0.0,1.0,0,1.0,0
909,409.2,1.0,0.0,1.0,1.0,1.0,0.0,0.0,1.0,0,1.0,0
910,444.6,0.0,0.0,0.0,1.0,0.0,0.0,0.0,1.0,0,1.0,0
911,364.1,1.0,1.0,0.0,1.0,0.0,0.0,0.0,1.0,0,1.0,0
912,379.5,1.0,0.0,1.0,1.0,1.0,0.0,0.0,1.0,0,1.0,0
913,511.0,1.0,1.0,0.0,1.0,0.0,0.0,0.0,1.0,0,1.0,0
914,482.4,1.0,1.0,0.0,1.0,0.0,0.0,0.0,1.0,0,1.0,0
915,341.8,1.0,1.0,0.0,1.0,0.0,0.0,0.0,1.0,0,1.0,0
916,421.3,1.0,0.0,1.0,1.0,1.0,0.0,0.0,1.0,0,1.0,0
917,552.7,0.0,1.0,1.0,1.0,1.0,0.0,0.0,1.0,0,1.0,0
918,480.2,1.0,1.0,0.0,1.0,0.0,0.0,0.0,1.0,0,1.0,0
919,575.6,1.0,0.0,1.0,1.0,1.0,0.0,0.0,1.0,0,1.0,0
920,387.1,1.0,1.0,0.0,1.0,0.0,0.0,0.0,1.0,0,1.0,0
921,550.4,0.0,0.0,0.0,1.0,0.0,0.0,0.0,1.0,0,1.0,0
922,389.9,1.0,0.0,1.0,1.0,1.0,0.0,0.0,1.0,0,1.0,0
923,381.3,1.0,1.0,0.0,1.0,0.0,0.0,0.0,1.0,0,1.0,0
924,412.8,0.0,1.0,1.0,1.0,1.0,0.0,0.0,1.0,0,1.0,0
925,440.2,1.0,1.0,0.0,1.0,0.0,0.0,0.0,1.0,0,1.0,0
926,395.7,1.0,1.0,0.0,1.0,0.0,0.0,0.0,1.0,0,1.0,0
927,359.1,1.0,1.0,0.0,1.0,0.0,0.0,0.0,1.0,0,1.0,0
928,486.5,1.0,0.0,1.0,1.0,1.0,0.0,0.0,1.0,0,1.0,0
929,393.9,1.0,1.0,0.0,1.0,0.0,0.0,0.0,1.0,0,1.0,0
930,377.4,1.0,0.0,1.0,1.0,1.0,0.0,0.0,1.0,0,1.0,0
931,476.8,0.0,0.0,0.0,1.0,0.0,0.0,0.0,1.0,0,1.0,0
932,504.3,1.0,0.0,1.0,1.0,1.0,0.0,0.0,1.0,0,1.0,0
933,315.7,0.0,0.0,0.0,1.0,0.0,0.0,0.0,1.0,0,1.0,0
934,751.1,1.0,1.0,0.0,1.0,0.0,0.0,0.0,1.0,2,1.0,0
935,386.6,1.0,1.0,0.0,1.0,0.0,0.0,0.0,1.0,0,1.0,0
936,358.1,1.0,1.0,0.0,1.0,0.0,0.0,0.0,1.0,0,1.0,0
937,593.2,0.0,0.0,0.0,1.0,0.0,0.0,0.0,1.0,0,1.0,0
938,532.6,1.0,0.0,1.0,1.0,1.0,0.0,0.0,1.0,0,1.0,0
939,528.1,1.0,0.0,1.0,1.0,1.0,0.0,0.0,1.0,0,1.0,0
940,579.5,0.0,0.0,0.0,1.0,0.0,0.0,0.0,1.0,0,1.0,0
941,455.0,1.0,1.0,0.0,1.0,0.0,0.0,0.0,1.0,0,1.0,0
942,510.4,1.0,0.0,1.0,1.0,1.0,0.0,0.0,1.0,0,1.0,0
943,553.8,1.0,1.0,0.0,1.0,0.0,0.0,0.0,1.0,0,1.0,0
944,541.2,0.0,1.0,1.0,1.0,1.0,0.0,0.0,1.0,0,1.0,0
945,404.7,1.0,0.0,1.0,1.0,1.0,0.0,0.0,1.0,0,1.0,0
946,592.1,1.0,1.0,0.0,1.0,0.0,0.0,0.0,1.0,0,1.0,0
947,291.5,1.0,1.0,0.0,1.0,0.0,0.0,0.0,1.0,0,1.0,0
948,423.0,1.0,0.0,1.0,1.0,1.0,0.0,0.0,1.0,0,1.0,0
949,410.4,1.0,0.0,1.0,1.0,1.0,0.0,0.0,1.0,0,1.0,0
950,345.9,1.0,0.0,1.0,1.0,1.0,0.0,0.0,1.0,0,1.0,0
951,429.3,0.0,0.0,0.0,1.0,0.0,0.0,0.0,1.0,0,1.0,0
952,572.8,0.0,0.0,0.0,1.0,0.0,0.0,0.0,1.0,0,1.0,0
953,544.2,1.0,1.0,0.0,1.0,0.0,0.0,0.0,1.0,0,1.0,0
954,475.6,1.0,0.0,1.0,1.0,1.0,0.0,0.0,1.0,0,1.0,0
955,399.0,1.0,1.0,0.0,1.0,0.0,0.0,0.0,1.0,0,1.0,0
956,474.5,0.0,1.0,1.0,1.0,1.0,0.0,0.0,1.0,0,1.0,0
957,417.9,1.0,1.0,0.0,1.0,0.0,0.0,0.0,1.0,0,1.0,0
958,533.3,0.0,1.0,1.0,1.0,1.0,0.0,0.0,1.0,0,1.0,0
959,340.8,1.0,0.0,1.0,1.0,1.0,0.0,0.0,1.0,0,1.0,0
960,356.3,1.0,0.0,1.0,1.0,1.0,0.0,0.0,1.0,0,1.0,0
961,403.7,1.0,1.0,0.0,1.0,0.0,0.0,0.0,1.0,0,1.0,0
962,515.2,0.0,1.0,1.0,1.0,1.0,0.0,0.0,1.0,0,1.0,0
963,494.6,1.0,0.0,1.0,0.0,0.0,0.0,0.0,1.0,1,1.0,0
964,586.0,1.0,1.0,0.0,0.0,1.0,0.0,0.0,1.0,1,1.0,1
965,413.4,1.0,0.0,1.0,1.0,1.0,0.0,0.0,1.0,0,1.0,1
966,348.9,1.0,1.0,0.0,1.0,0.0,0.0,0.0,1.0,0,1.0,0
967,408.3,1.0,1.0,0.0,1.0,0.0,0.0,0.0,1.0,0,1.0,0
968,395.8,1.0,1.0,0.0,1.0,0.0,0.0,0.0,1.0,0,1.0,0
969,335.2,1.0,1.0,0.0,1.0,0.0,0.0,0.0,1.0,0,1.0,0
970,270.7,1.0,1.0,0.0,1.0,0.0,0.0,0.0,1.0,0,1.0,0
971,362.0,0.0,0.0,0.0,1.0,0.0,0.0,0.0,1.0,0,1.0,0
972,301.4,1.0,1.0,0.0,1.0,0.0,0.0,0.0,1.0,0,1.0,0
973,484.7,0.0,1.0,1.0,1.0,1.0,0.0,0.0,1.0,0,1.0,0
974,360.1,1.0,0.0,1.0,1.0,1.0,0.0,0.0,1.0,0,1.0,0
975,379.6,0.0,0.0,0.0,1.0,0.0,0.0,0.0,1.0,0,1.0,0
976,319.0,1.0,1.0,0.0,1.0,0.0,0.0,0.0,1.0,0,1.0,0
977,326.5,1.0,1.0,0.0,1.0,0.0,0.0,0.0,1.0,0,1.0,0
978,417.9,1.0,0.0,1.0,1.0,1.0,0.0,0.0,1.0,0,1.0,0
979,493.2,1.0,0.0,1.0,1.0,1.0,0.0,0.0,1.0,0,1.0,0
980,432.7,1.0,1.0,0.0,1.0,0.0,0.0,0.0,1.0,0,1.0,0
981,468.1,1.0,0.0,1.0,1.0,1.0,0.0,0.0,1.0,0,1.0,0
982,367.6,0.0,1.0,1.0,1.0,1.0,0.0,0.0,1.0,0,1.0,0
983,327.0,1.0,0.0,1.0,0.0,0.0,0.0,0.0,1.0,1,1.0,0
984,398.5,0.0,1.0,1.0,1.0,1.0,0.0,0.0,1.0,0,1.0,1
985,309.9,1.0,0.0,1.0,1.0,1.0,0.0,0.0,1.0,0,1.0,0
986,365.4,1.0,1.0,0.0,1.0,0.0,0.0,0.0,1.0,0,1.0,0
987,840.8,1.0,0.0,1.0,1.0,1.0,0.0,0.0,1.0,2,1.0,0
988,380.2,1.0,1.0,0.0,1.0,0.0,0.0,0.0,1.0,0,1.0,0
989,503.6,1.0,0.0,1.0,1.0,1.0,0.0,0.0,1.0,0,1.0,0
990,359.1,1.0,1.0,0.0,1.0,0.0,0.0,0.0,1.0,0,1.0,0
991,610.5,0.0,1.0,1.0,1.0,1.0,0.0,0.0,1.0,0,1.0,0
992,482.0,1.0,1.0,0.0,1.0,0.0,0.0,0.0,1.0,0,1.0,0
993,397.4,1.0,0.0,1.0,1.0,1.0,0.0,0.0,1.0,0,1.0,0
994,380.9,0.0,0.0,0.0,1.0,0.0,0.0,0.0,1.0,0,1.0,0
995,628.3,1.0,1.0,0.0,1.0,0.0,0.0,0.0,1.0,0,1.0,0
996,487.8,0.0,1.0,1.0,1.0,1.0,0.0,0.0,1.0,0,1.0,0
997,443.1,1.0,0.0,1.0,1.0,1.0,0.0,0.0,1.0,0,1.0,0
998,490.6,1.0,1.0,0.0,1.0,0.0,0.0,0.0,1.0,0,1.0,0
999,342.0,0.0,1.0,1.0,1.0,1.0,0.0,0.0,1.0,0,1.0,0
1000,349.4,1.0,0.0,1.0,1.0,1.0,0.0,0.0,1.0,0,1.0,0
1001,360.9,1.0,1.0,0.0,1.0,0.0,0.0,0.0,1.0,0,1.0,0
1002,392.3,1.0,1.0,0.0,1.0,0.0,0.0,0.0,1.0,0,1.0,0
1003,395.8,1.0,1.0,0.0,1.0,0.0,0.0,0.0,1.0,0,1.0,0
1004,391.2,1.0,0.0,1.0,1.0,1.0,0.0,0.0,1.0,0,1.0,0
1005,402.7,0.0,0.0,0.0,1.0,0.0,0.0,0.0,1.0,0,1.0,0
1006,390.1,1.0,0.0,1.0,1.0,1.0,0.0,0.0,1.0,0,1.0,0
1007,469.6,1.0,0.0,1.0,1.0,1.0,0.0,0.0,1.0,0,1.0,0
1008,373.0,1.0,1.0,0.0,1.0,0.0,0.0,0.0,1.0,0,1.0,0
1009,447.5,1.0,0.0,1.0,1.0,1.0,0.0,0.0,1.0,0,2.0,0
1010,619.0,0.0,0.0,0.0,1.0,0.0,0.0,0.0,1.0,0,2.0,0
1011,398.4,0.0,0.0,0.0,1.0,0.0,0.0,0.0,1.0,0,2.0,0
1012,453.9,1.0,1.0,0.0,1.0,0.0,0.0,0.0,1.0,0,2.0,0
1013,409.3,0.0,0.0,0.0,1.0,0.0,0.0,0.0,1.0,0,2.0,0
1014,380.7,0.0,0.0,0.0,1.0,0.0,0.0,0.0,1.0,0,2.0,0
1015,392.2,1.0,1.0,0.0,1.0,0.0,0.0,0.0,1.0,0,2.0,0
1016,323.6,0.0,0.0,0.0,1.0,0.0,0.0,0.0,1.0,0,2.0,0
1017,467.0,1.0,0.0,1.0,1.0,1.0,0.0,0.0,1.0,0,2.0,0
1018,386.4,1.0,1.0,0.0,1.0,0.0,0.0,0.0,1.0,0,2.0,0
1019,501.9,0.0,1.0,1.0,1.0,1.0,0.0,0.0,1.0,0,2.0,0
1020,353.3,0.0,1.0,1.0,1.0,1.0,0.0,0.0,1.0,0,2.0,0
1021,412.8,0.0,1.0,1.0,1.0,1.0,0.0,0.0,1.0,0,2.0,0
1022,440.2,1.0,0.0,1.0,1.0,1.0,0.0,0.0,1.0,0,2.0,0
1023,427.7,1.0,1.0,0.0,1.0,0.0,0.0,0.0,1.0,0,2.0,0
1024,503.1,1.0,1.0,0.0,1.0,0.0,0.0,0.0,1.0,0,2.0,0
1025,426.5,1.0,1.0,0.0,1.0,0.0,0.0,0.0,1.0,0,2.0,0
1026,509.9,0.0,1.0,1.0,1.0,1.0,0.0,0.0,1.0,0,2.0,0
1027,317.4,0.0,1.0,1.0,1.0,1.0,0.0,0.0,1.0,0,2.0,0
1028,404.8,1.0,1.0,0.0,1.0,0.0,0.0,0.0,1.0,0,2.0,0
1029,744.3,0.0,0.0,0.0,1.0,0.0,0.0,0.0,1.0,0,2.0,0
1030,359.7,0.0,0.0,0.0,1.0,0.0,0.0,0.0,1.0,0,2.0,0
1031,467.2,0.0,1.0,1.0,1.0,1.0,0.0,0.0,1.0,0,2.0,0
1032,414.6,1.0,0.0,1.0,1.0,1.0,0.0,0.0,1.0,0,2.0,0
1033,290.0,1.0,0.0,1.0,1.0,1.0,0.0,0.0,1.0,0,2.0,0
1034,297.5,1.0,0.0,1.0,1.0,1.0,0.0,0.0,1.0,0,2.0,0
1035,508.9,0.0,0.0,0.0,1.0,0.0,0.0,0.0,1.0,0,2.0,0
1036,488.4,1.0,1.0,0.0,1.0,0.0,0.0,0.0,1.0,0,2.0,0
1037,287.8,1.0,0.0,1.0,1.0,1.0,0.0,0.0,1.0,0,2.0,0
1038,347.2,1.0,0.0,1.0,1.0,1.0,0.0,0.0,1.0,0,2.0,0
1039,354.6,1.0,0.0,1.0,1.0,1.0,0.0,0.0,1.0,0,2.0,0
1040,290.1,1.0,0.0,1.0,1.0,1.0,0.0,0.0,1.0,0,2.0,0
1041,317.5,1.0,0.0,1.0,1.0,1.0,0.0,0.0,1.0,0,2.0,0
1042,325.0,1.0,0.0,1.0,1.0,1.0,0.0,0.0,1.0,0,2.0,0
1043,368.4,1.0,0.0,1.0,1.0,1.0,0.0,0.0,1.0,0,2.0,0
1044,447.9,1.0,1.0,0.0,1.0,0.0,0.0,0.0,1.0,0,2.0,0
1045,499.1,1.0,0.0,1.0,1.0,1.0,0.0,0.0,1.0,0,2.0,0
1046,374.4,1.0,1.0,0.0,1.0,0.0,0.0,0.0,1.0,0,2.0,0
1047,369.9,0.0,0.0,0.0,1.0,0.0,0.0,0.0,1.0,0,2.0,0
1048,485.3,0.0,1.0,1.0,1.0,1.0,0.0,0.0,1.0,0,2.0,0
1049,432.8,1.0,1.0,0.0,1.0,0.0,0.0,0.0,1.0,0,2.0,0
1050,440.1,1.0,0.0,1.0,1.0,1.0,0.0,0.0,1.0,0,2.0,0
1051,467.6,0.0,1.0,1.0,1.0,1.0,0.0,0.0,1.0,0,2.0,0
1052,479.0,1.0,1.0,0.0,1.0,0.0,0.0,0.0,1.0,0,2.0,0
1053,466.5,1.0,0.0,1.0,1.0,1.0,0.0,0.0,1.0,0,2.0,0
1054,385.9,1.0,1.0,0.0,1.0,0.0,0.0,0.0,1.0,0,2.0,0
1055,449.4,1.0,0.0,1.0,1.0,1.0,0.0,0.0,1.0,0,2.0,0
1056,360.8,1.0,0.0,1.0,1.0,1.0,0.0,0.0,1.0,0,2.0,0
1057,484.3,1.0,0.0,1.0,1.0,1.0,0.0,0.0,1.0,0,2.0,0
1058,399.7,1.0,0.0,1.0,1.0,1.0,0.0,0.0,1.0,0,2.0,0
1059,647.1,1.0,1.0,0.0,1.0,0.0,0.0,0.0,1.0,0,2.0,0
1060,538.6,1.0,0.0,1.0,1.0,1.0,0.0,0.0,1.0,0,2.0,0
1061,482.1,1.0,1.0,0.0,1.0,0.0,0.0,0.0,1.0,0,2.0,0
1062,477.5,1.0,0.0,1.0,1.0,1.0,0.0,0.0,1.0,0,2.0,0
1063,400.8,1.0,1.0,0.0,1.0,0.0,0.0,0.0,1.0,0,2.0,0
1064,576.3,1.0,1.0,0.0,1.0,0.0,0.0,0.0,1.0,0,2.0,0
1065,427.7,1.0,1.0,0.0,1.0,0.0,0.0,0.0,1.0,0,2.0,0
1066,495.2,1.0,0.0,1.0,1.0,1.0,0.0,0.0,1.0,0,2.0,0
1067,614.6,1.0,0.0,1.0,1.0,1.0,0.0,0.0,1.0,0,2.0,0
1068,394.1,1.0,1.0,0.0,1.0,0.0,0.0,0.0,1.0,0,2.0,0
1069,413.5,1.0,0.0,1.0,1.0,1.0,0.0,0.0,1.0,0,2.0,0
1070,369.0,1.0,0.0,1.0,1.0,1.0,0.0,0.0,1.0,0,2.0,0
1071,508.4,1.0,1.0,0.0,1.0,0.0,0.0,0.0,1.0,0,2.0,0
1072,455.9,1.0,1.0,0.0,1.0,0.0,0.0,0.0,1.0,0,2.0,0
1073,331.3,1.0,1.0,0.0,1.0,0.0,0.0,0.0,1.0,0,2.0,0
1074,366.7,0.0,0.0,0.0,1.0,0.0,0.0,0.0,1.0,0,2.0,0
1075,402.1,1.0,0.0,1.0,1.0,1.0,0.0,0.0,1.0,0,2.0,0
1076,421.6,1.0,0.0,1.0,1.0,1.0,0.0,0.0,1.0,0,2.0,0
1077,353.0,1.0,0.0,1.0,1.0,1.0,0.0,0.0,1.0,0,2.0,0
1078,336.5,0.0,1.0,1.0,1.0,1.0,0.0,0.0,1.0,0,2.0,0
1079,379.9,0.0,0.0,0.0,1.0,0.0,0.0,0.0,1.0,0,2.0,0
1080,391.3,1.0,1.0,0.0,1.0,0.0,0.0,0.0,1.0,0,2.0,0
1081,414.5,1.0,0.0,1.0,1.0,1.0,0.0,0.0,1.0,0,2.0,0
1082,305.9,1.0,0.0,1.0,1.0,1.0,0.0,0.0,1.0,0,2.0,0
1083,461.4,1.0,1.0,0.0,1.0,0.0,0.0,0.0,1.0,0,2.0,0
1084,324.8,1.0,1.0,0.0,1.0,0.0,0.0,0.0,1.0,0,2.0,0
1085,368.2,0.0,0.0,0.0,1.0,0.0,0.0,0.0,1.0,0,2.0,0
1086,431.7,0.0,1.0,1.0,1.0,1.0,0.0,0.0,1.0,0,2.0,0
1087,395.2,0.0,1.0,1.0,1.0,1.0,0.0,0.0,1.0,0,2.0,0
1088,362.6,1.0,1.0,0.0,1.0,0.0,0.0,0.0,1.0,0,2.0,0
1089,358.1,1.0,0.0,1.0,1.0,1.0,0.0,0.0,1.0,0,2.0,0
1090,381.4,1.0,0.0,1.0,1.0,1.0,0.0,0.0,1.0,0,2.0,0
1091,520.8,1.0,0.0,1.0,1.0,1.0,0.0,0.0,1.0,0,2.0,0
1092,304.3,1.0,0.0,1.0,1.0,1.0,0.0,0.0,1.0,0,2.0,0
1093,463.7,1.0,1.0,0.0,1.0,0.0,0.0,0.0,1.0,0,2.0,0
1094,379.2,1.0,0.0,1.0,1.0,1.0,0.0,0.0,1.0,0,2.0,0
1095,862.6,1.0,0.0,1.0,1.0,1.0,0.0,0.0,1.0,2,2.0,0
1096,574.1,1.0,1.0,0.0,1.0,0.0,0.0,0.0,1.0,0,2.0,0
1097,345.5,1.0,1.0,0.0,1.0,0.0,0.0,0.0,1.0,0,2.0,0
1098,313.0,1.0,1.0,0.0,1.0,0.0,0.0,0.0,1.0,0,2.0,0
1099,456.4,1.0,0.0,1.0,1.0,1.0,0.0,0.0,1.0,0,2.0,0
1100,547.8,1.0,1.0,0.0,1.0,0.0,0.0,0.0,1.0,0,2.0,0
1101,431.2,0.0,1.0,1.0,1.0,1.0,0.0,0.0,1.0,0,2.0,0
1102,466.7,1.0,0.0,1.0,1.0,1.0,0.0,0.0,1.0,0,2.0,0
1103,454.1,1.0,1.0,0.0,1.0,0.0,0.0,0.0,1.0,0,2.0,0
1104,541.6,1.0,1.0,0.0,1.0,0.0,0.0,0.0,1.0,0,2.0,0
1105,377.0,1.0,1.0,0.0,1.0,0.0,0.0,0.0,1.0,0,2.0,0
1106,444.4,0.0,0.0,0.0,1.0,0.0,0.0,0.0,1.0,0,2.0,0
1107,411.9,0.0,1.0,1.0,1.0,1.0,0.0,0.0,1.0,0,2.0,0
1108,371.4,0.0,0.0,0.0,1.0,0.0,0.0,0.0,1.0,0,2.0,0
1109,478.8,1.0,0.0,1.0,1.0,1.0,0.0,0.0,1.0,0,2.0,0
1110,458.2,1.0,1.0,0.0,1.0,0.0,0.0,0.0,1.0,0,2.0,0
1111,345.6,1.0,1.0,0.0,1.0,0.0,0.0,0.0,1.0,0,2.0,0
1112,477.0,1.0,1.0,0.0,1.0,0.0,0.0,0.0,1.0,0,2.0,0
1113,524.5,1.0,1.0,0.0,1.0,0.0,0.0,0.0,1.0,0,2.0,0
1114,247.9,1.0,1.0,0.0,1.0,0.0,0.0,0.0,1.0,0,2.0,0
1115,315.4,0.0,0.0,0.0,1.0,0.0,0.0,0.0,1.0,0,2.0,0
1116,510.8,1.0,0.0,1.0,1.0,1.0,0.0,0.0,1.0,0,2.0,0
1117,426.1,1.0,1.0,0.0,1.0,0.0,0.0,0.0,1.0,0,2.0,0
1118,481.4,0.0,0.0,0.0,1.0,0.0,0.0,0.0,1.0,0,2.0,0
1119,416.9,1.0,0.0,1.0,1.0,1.0,0.0,0.0,1.0,0,2.0,0
1120,396.3,1.0,0.0,1.0,1.0,1.0,0.0,0.0,1.0,0,2.0,0
1121,343.7,1.0,0.0,1.0,1.0,1.0,0.0,0.0,1.0,0,2.0,0
1122,443.2,1.0,1.0,0.0,1.0,0.0,0.0,0.0,1.0,0,2.0,0
1123,366.6,1.0,0.0,1.0,1.0,1.0,0.0,0.0,1.0,0,2.0,0
1124,418.1,1.0,0.0,1.0,1.0,1.0,0.0,0.0,1.0,0,2.0,0
1125,397.5,1.0,1.0,0.0,1.0,0.0,0.0,0.0,1.0,0,2.0,0
1126,481.0,0.0,1.0,1.0,1.0,1.0,0.0,0.0,1.0,0,2.0,0
1127,516.4,1.0,1.0,0.0,1.0,0.0,0.0,0.0,1.0,0,2.0,0
1128,431.9,1.0,0.0,1.0,1.0,1.0,0.0,0.0,1.0,0,2.0,0
1129,519.2,0.0,1.0,1.0,1.0,1.0,0.0,0.0,1.0,0,2.0,0
1130,602.7,1.0,1.0,0.0,1.0,0.0,0.0,0.0,1.0,0,2.0,0
1131,366.1,1.0,1.0,0.0,1.0,0.0,0.0,0.0,1.0,0,2.0,0
1132,321.6,1.0,1.0,0.0,1.0,0.0,0.0,0.0,1.0,0,2.0,0
1133,389.0,1.0,0.0,1.0,1.0,1.0,0.0,0.0,1.0,0,2.0,0
1134,284.5,0.0,1.0,1.0,1.0,1.0,0.0,0.0,1.0,0,2.0,0
1135,343.9,1.0,0.0,1.0,1.0,1.0,0.0,0.0,1.0,0,2.0,0
1136,371.3,1.0,0.0,1.0,1.0,1.0,0.0,0.0,1.0,0,2.0,0
1137,438.8,1.0,1.0,0.0,1.0,0.0,0.0,0.0,1.0,0,2.0,0
1138,370.2,1.0,1.0,0.0,1.0,0.0,0.0,0.0,1.0,0,2.0,0
1139,401.7,1.0,1.0,0.0,1.0,0.0,0.0,0.0,1.0,0,2.0,0
1140,329.0,1.0,1.0,0.0,1.0,0.0,0.0,0.0,1.0,0,2.0,0
1141,328.5,1.0,1.0,0.0,1.0,0.0,0.0,0.0,1.0,0,2.0,0
1142,523.9,1.0,0.0,1.0,1.0,1.0,0.0,0.0,1.0,0,2.0,0
1143,459.4,0.0,1.0,1.0,1.0,1.0,0.0,0.0,1.0,0,2.0,0
1144,378.8,1.0,0.0,1.0,1.0,1.0,0.0,0.0,1.0,0,2.0,0
1145,258.3,0.0,1.0,1.0,1.0,1.0,0.0,0.0,1.0,0,2.0,0
1146,429.7,1.0,1.0,0.0,1.0,0.0,0.0,0.0,1.0,0,2.0,0
1147,537.2,0.0,0.0,0.0,1.0,0.0,0.0,0.0,1.0,0,2.0,0
1148,364.6,1.0,0.0,1.0,0.0,0.0,0.0,0.0,1.0,1,2.0,0
1149,664.1,0.0,0.0,0.0,1.0,0.0,0.0,0.0,1.0,0,2.0,1
1150,423.5,1.0,1.0,0.0,1.0,0.0,0.0,0.0,1.0,0,2.0,0
1151,402.9,1.0,0.0,1.0,1.0,1.0,0.0,0.0,1.0,0,2.0,0
1152,846.3,1.0,1.0,0.0,1.0,0.0,0.0,0.0,1.0,2,2.0,0
1153,427.8,0.0,0.0,0.0,1.0,0.0,0.0,0.0,1.0,0,3.0,0
1154,407.3,1.0,0.0,1.0,1.0,1.0,0.0,0.0,1.0,0,3.0,0
1155,350.7,1.0,0.0,1.0,1.0,1.0,0.0,0.0,1.0,0,3.0,0
1156,350.2,0.0,1.0,1.0,1.0,1.0,0.0,0.0,1.0,0,3.0,0
1157,365.6,0.0,0.0,0.0,1.0,0.0,0.0,0.0,1.0,0,3.0,0
1158,353.0,0.0,0.0,0.0,1.0,0.0,0.0,0.0,1.0,0,3.0,0
1159,636.5,1.0,1.0,0.0,1.0,0.0,0.0,0.0,1.0,0,3.0,0
1160,339.9,1.0,1.0,0.0,1.0,0.0,0.0,0.0,1.0,0,3.0,0
1161,367.4,0.0,1.0,1.0,1.0,1.0,0.0,0.0,1.0,0,3.0,0
1162,314.8,0.0,1.0,1.0,1.0,1.0,0.0,0.0,1.0,0,3.0,0
1163,450.3,1.0,0.0,1.0,1.0,1.0,0.0,0.0,1.0,0,3.0,0
1164,405.6,1.0,1.0,0.0,1.0,0.0,0.0,0.0,1.0,0,3.0,0
1165,329.1,1.0,1.0,0.0,1.0,0.0,0.0,0.0,1.0,0,3.0,0
1166,420.5,1.0,0.0,1.0,1.0,1.0,0.0,0.0,1.0,0,3.0,0
1167,408.0,0.0,0.0,0.0,1.0,0.0,0.0,0.0,1.0,0,3.0,0
1168,291.4,0.0,0.0,0.0,1.0,0.0,0.0,0.0,1.0,0,3.0,0
1169,366.9,1.0,0.0,1.0,1.0,1.0,0.0,0.0,1.0,0,3.0,0
1170,362.3,1.0,1.0,0.0,1.0,0.0,0.0,0.0,1.0,0,3.0,0
1171,389.8,1.0,1.0,0.0,1.0,0.0,0.0,0.0,1.0,0,3.0,0
1172,265.2,1.0,1.0,0.0,1.0,0.0,0.0,0.0,1.0,0,3.0,0
1173,348.6,0.0,0.0,0.0,1.0,0.0,0.0,0.0,1.0,0,3.0,0
1174,328.1,1.0,1.0,0.0,1.0,0.0,0.0,0.0,1.0,0,3.0,0
1175,351.4,1.0,1.0,0.0,1.0,0.0,0.0,0.0,1.0,0,3.0,0
1176,414.9,1.0,0.0,1.0,1.0,1.0,0.0,0.0,1.0,0,3.0,0
1177,378.3,1.0,0.0,1.0,1.0,1.0,0.0,0.0,1.0,0,3.0,0
1178,385.8,1.0,0.0,1.0,1.0,1.0,0.0,0.0,1.0,0,3.0,0
1179,333.2,0.0,1.0,1.0,1.0,1.0,0.0,0.0,1.0,0,3.0,0
1180,368.7,0.0,0.0,0.0,1.0,0.0,0.0,0.0,1.0,0,3.0,0
1181,652.1,1.0,0.0,1.0,1.0,1.0,0.0,0.0,1.0,0,3.0,0
1182,391.6,1.0,1.0,0.0,1.0,0.0,0.0,0.0,1.0,0,3.0,0
1183,387.0,1.0,0.0,1.0,1.0,1.0,0.0,0.0,1.0,0,3.0,0
1184,366.4,1.0,0.0,1.0,1.0,1.0,0.0,0.0,1.0,0,3.0,0
1185,401.8,1.0,1.0,0.0,1.0,0.0,0.0,0.0,1.0,0,3.0,0
1186,437.3,1.0,0.0,1.0,1.0,1.0,0.0,0.0,1.0,0,3.0,0
1187,364.7,1.0,0.0,1.0,1.0,1.0,0.0,0.0,1.0,0,3.0,0
1188,388.2,1.0,1.0,0.0,1.0,0.0,0.0,0.0,1.0,0,3.0,0
1189,459.4,1.0,0.0,1.0,1.0,1.0,0.0,0.0,1.0,0,3.0,0
1190,462.8,1.0,1.0,0.0,1.0,0.0,0.0,0.0,1.0,0,3.0,0
1191,342.2,1.0,1.0,0.0,1.0,0.0,0.0,0.0,1.0,0,3.0,0
1192,657.6,1.0,0.0,1.0,1.0,1.0,0.0,0.0,1.0,0,3.0,0
1193,325.1,0.0,1.0,1.0,1.0,1.0,0.0,0.0,1.0,0,3.0,0
1194,332.5,0.0,1.0,1.0,1.0,1.0,0.0,0.0,1.0,0,3.0,0
1195,520.0,1.0,1.0,0.0,1.0,0.0,0.0,0.0,1.0,0,3.0,0
1196,463.4,1.0,0.0,1.0,1.0,1.0,0.0,0.0,1.0,0,3.0,0
1197,762.8,1.0,1.0,0.0,1.0,0.0,0.0,0.0,1.0,2,3.0,0
1198,274.3,1.0,1.0,0.0,1.0,0.0,0.0,0.0,1.0,0,3.0,0
1199,633.8,1.0,0.0,1.0,1.0,1.0,0.0,0.0,1.0,0,3.0,0
1200,497.1,1.0,1.0,0.0,1.0,0.0,0.0,0.0,1.0,0,3.0,0
1201,492.6,1.0,1.0,0.0,1.0,0.0,0.0,0.0,1.0,0,3.0,0
1202,416.0,0.0,1.0,1.0,1.0,1.0,0.0,0.0,1.0,0,3.0,0
1203,379.4,0.0,0.0,0.0,1.0,0.0,0.0,0.0,1.0,0,3.0,0
1204,366.9,0.0,0.0,0.0,1.0,0.0,0.0,0.0,1.0,0,3.0,0
1205,506.3,1.0,0.0,1.0,1.0,1.0,0.0,0.0,1.0,0,3.0,0
1206,901.8,1.0,0.0,1.0,1.0,1.0,0.0,0.0,1.0,2,3.0,0
1207,357.2,1.0,1.0,0.0,1.0,0.0,0.0,0.0,1.0,0,3.0,0
1208,592.7,1.0,0.0,1.0,1.0,1.0,0.0,0.0,1.0,0,3.0,0
1209,368.1,1.0,1.0,0.0,1.0,0.0,0.0,0.0,1.0,0,3.0,0
1210,407.6,1.0,0.0,1.0,1.0,1.0,0.0,0.0,1.0,0,3.0,0
1211,587.0,1.0,0.0,1.0,1.0,1.0,0.0,0.0,1.0,0,3.0,0
1212,470.5,1.0,1.0,0.0,1.0,0.0,0.0,0.0,1.0,0,3.0,0
1213,613.8,1.0,0.0,1.0,1.0,1.0,0.0,0.0,1.0,0,3.0,0
1214,437.3,1.0,1.0,0.0,1.0,0.0,0.0,0.0,1.0,0,3.0,0
1215,472.7,1.0,1.0,0.0,1.0,0.0,0.0,0.0,1.0,0,3.0,0
1216,552.2,1.0,0.0,1.0,1.0,1.0,0.0,0.0,1.0,0,3.0,0
1217,491.6,1.0,0.0,1.0,1.0,1.0,0.0,0.0,1.0,0,3.0,0
1218,459.1,1.0,1.0,0.0,1.0,0.0,0.0,0.0,1.0,0,3.0,0
1219,582.5,0.0,1.0,1.0,1.0,1.0,0.0,0.0,1.0,0,3.0,0
1220,426.0,0.0,1.0,1.0,1.0,1.0,0.0,0.0,1.0,0,3.0,0
1221,457.4,1.0,0.0,1.0,1.0,1.0,0.0,0.0,1.0,0,3.0,0
1222,332.8,0.0,1.0,1.0,1.0,1.0,0.0,0.0,1.0,0,3.0,0
1223,328.2,1.0,0.0,1.0,1.0,1.0,0.0,0.0,1.0,0,3.0,0
1224,419.6,0.0,0.0,0.0,1.0,0.0,0.0,0.0,1.0,0,3.0,0
1225,790.9,1.0,1.0,0.0,1.0,0.0,0.0,0.0,1.0,2,3.0,0
1226,322.4,1.0,1.0,0.0,1.0,0.0,0.0,0.0,1.0,0,3.0,0
1227,393.7,1.0,0.0,1.0,1.0,1.0,0.0,0.0,1.0,0,3.0,0
1228,405.1,1.0,1.0,0.0,1.0,0.0,0.0,0.0,1.0,0,3.0,0
1229,332.6,0.0,1.0,1.0,1.0,1.0,0.0,0.0,1.0,0,3.0,0
1230,368.0,1.0,1.0,0.0,1.0,0.0,0.0,0.0,1.0,0,3.0,0
1231,427.5,1.0,0.0,1.0,1.0,1.0,0.0,0.0,1.0,0,3.0,0
1232,670.9,0.0,1.0,1.0,1.0,1.0,0.0,0.0,1.0,0,3.0,0
1233,530.4,0.0,0.0,0.0,1.0,0.0,0.0,0.0,1.0,0,3.0,0
1234,301.8,0.0,0.0,0.0,1.0,0.0,0.0,0.0,1.0,0,3.0,0
1235,481.2,1.0,0.0,1.0,1.0,1.0,0.0,0.0,1.0,0,3.0,0
1236,340.6,1.0,0.0,1.0,1.0,1.0,0.0,0.0,1.0,0,3.0,0
1237,392.1,0.0,0.0,0.0,1.0,0.0,0.0,0.0,1.0,0,3.0,0
1238,519.5,0.0,1.0,1.0,1.0,1.0,0.0,0.0,1.0,0,3.0,0
1239,507.0,1.0,1.0,0.0,1.0,0.0,0.0,0.0,1.0,0,3.0,0
1240,390.4,1.0,1.0,0.0,1.0,0.0,0.0,0.0,1.0,0,3.0,0
1241,289.8,1.0,1.0,0.0,1.0,0.0,0.0,0.0,1.0,0,3.0,0
1242,517.3,1.0,0.0,1.0,1.0,1.0,0.0,0.0,1.0,0,3.0,0
1243,536.7,1.0,1.0,0.0,1.0,0.0,0.0,0.0,1.0,0,3.0,0
1244,356.2,1.0,1.0,0.0,1.0,0.0,0.0,0.0,1.0,0,3.0,0
1245,303.6,1.0,1.0,0.0,1.0,0.0,0.0,0.0,1.0,0,3.0,0
1246,267.1,1.0,1.0,0.0,1.0,0.0,0.0,0.0,1.0,0,3.0,0
1247,622.4,0.0,1.0,1.0,1.0,1.0,0.0,0.0,1.0,0,3.0,0
1248,393.9,0.0,0.0,0.0,1.0,0.0,0.0,0.0,1.0,0,3.0,0
1249,381.3,1.0,1.0,0.0,1.0,0.0,0.0,0.0,1.0,0,3.0,0
1250,456.8,1.0,0.0,1.0,1.0,1.0,0.0,0.0,1.0,0,3.0,0
1251,500.2,1.0,1.0,0.0,1.0,0.0,0.0,0.0,1.0,0,3.0,0
1252,423.6,1.0,1.0,0.0,1.0,0.0,0.0,0.0,1.0,0,3.0,0
1253,347.1,1.0,1.0,0.0,1.0,0.0,0.0,0.0,1.0,0,3.0,0
1254,378.5,1.0,1.0,0.0,1.0,0.0,0.0,0.0,1.0,0,3.0,0
1255,278.0,1.0,1.0,0.0,1.0,0.0,0.0,0.0,1.0,0,3.0,0
1256,441.4,1.0,0.0,1.0,1.0,1.0,0.0,0.0,1.0,0,3.0,0
1257,352.9,1.0,1.0,0.0,1.0,0.0,0.0,0.0,1.0,0,3.0,0
1258,468.2,1.0,1.0,0.0,1.0,0.0,0.0,0.0,1.0,0,3.0,0
1259,339.7,1.0,1.0,0.0,1.0,0.0,0.0,0.0,1.0,0,3.0,0
1260,415.1,1.0,0.0,1.0,1.0,1.0,0.0,0.0,1.0,0,3.0,0
1261,570.4,1.0,0.0,1.0,1.0,1.0,0.0,0.0,1.0,0,3.0,0
1262,321.8,0.0,1.0,1.0,1.0,1.0,0.0,0.0,1.0,0,3.0,0
1263,309.1,0.0,1.0,1.0,1.0,1.0,0.0,0.0,1.0,0,3.0,0
1264,344.6,0.0,0.0,0.0,1.0,0.0,0.0,0.0,1.0,0,3.0,0
1265,532.0,1.0,0.0,1.0,1.0,1.0,0.0,0.0,1.0,0,3.0,0
1266,311.5,0.0,1.0,1.0,1.0,1.0,0.0,0.0,1.0,0,3.0,0
1267,358.9,1.0,0.0,1.0,1.0,1.0,0.0,0.0,1.0,0,3.0,0
1268,326.4,1.0,0.0,1.0,1.0,1.0,0.0,0.0,1.0,0,3.0,0
1269,377.8,1.0,1.0,0.0,1.0,0.0,0.0,0.0,1.0,0,3.0,0
1270,701.3,1.0,1.0,0.0,1.0,0.0,0.0,0.0,1.0,0,3.0,0
1271,396.7,1.0,0.0,1.0,1.0,1.0,0.0,0.0,1.0,0,3.0,0
1272,336.2,0.0,0.0,0.0,1.0,0.0,0.0,0.0,1.0,0,3.0,0
1273,635.6,1.0,0.0,1.0,1.0,1.0,0.0,0.0,1.0,0,3.0,0
1274,351.0,1.0,0.0,1.0,1.0,1.0,0.0,0.0,1.0,0,3.0,0
1275,330.4,1.0,0.0,1.0,1.0,1.0,0.0,0.0,1.0,0,3.0,0
1276,297.9,1.0,0.0,1.0,1.0,1.0,0.0,0.0,1.0,0,3.0,0
1277,377.3,0.0,0.0,0.0,1.0,0.0,0.0,0.0,1.0,0,3.0,0
1278,504.7,1.0,0.0,1.0,1.0,1.0,0.0,0.0,1.0,0,3.0,0
1279,376.2,1.0,1.0,0.0,1.0,0.0,0.0,0.0,1.0,0,3.0,0
1280,1123.6,1.0,0.0,1.0,1.0,1.0,0.0,0.0,1.0,2,3.0,0
1281,331.1,1.0,0.0,1.0,1.0,1.0,0.0,0.0,1.0,0,3.0,0
1282,362.5,1.0,1.0,0.0,1.0,0.0,0.0,0.0,1.0,0,3.0,0
1283,365.9,1.0,1.0,0.0,1.0,0.0,0.0,0.0,1.0,0,3.0,0
1284,453.3,1.0,1.0,0.0,1.0,0.0,0.0,0.0,1.0,0,3.0,0
1285,420.8,1.0,0.0,1.0,1.0,1.0,0.0,0.0,1.0,0,3.0,0
1286,352.2,1.0,1.0,0.0,1.0,0.0,0.0,0.0,1.0,0,3.0,0
1287,619.7,1.0,0.0,1.0,1.0,1.0,0.0,0.0,1.0,0,3.0,0
1288,399.1,1.0,1.0,0.0,1.0,0.0,0.0,0.0,1.0,0,3.0,0
1289,602.6,0.0,1.0,1.0,1.0,1.0,0.0,0.0,1.0,0,3.0,0
1290,506.0,1.0,0.0,1.0,1.0,1.0,0.0,0.0,1.0,0,3.0,0
1291,613.5,0.0,0.0,0.0,1.0,0.0,0.0,0.0,1.0,0,3.0,0
1292,560.8,1.0,1.0,0.0,1.0,0.0,0.0,0.0,1.0,0,3.0,0
1293,440.3,1.0,0.0,1.0,1.0,1.0,0.0,0.0,1.0,0,3.0,0
1294,371.7,1.0,0.0,1.0,1.0,1.0,0.0,0.0,1.0,0,3.0,0
1295,367.2,1.0,0.0,1.0,1.0,1.0,0.0,0.0,1.0,0,3.0,0
1296,334.6,1.0,0.0,1.0,1.0,1.0,0.0,0.0,1.0,0,3.0,0
