stim_color,stimPosit,correction,respPosit,RT,congruency,nblock,hand,trial_index,postError,error_outlier,block1,block2,block3,block4,block5,block6
red,1,1,0,939.5,1,1,0,1,0,0,1,0,0,0,0,0
red,0,1,0,682.6,0,1,0,2,0,0,1,0,0,0,0,0
red,0,1,0,391.8,0,1,0,3,0,0,1,0,0,0,0,0
red,0,1,0,404.8,0,1,0,4,0,0,1,0,0,0,0,0
green,1,1,1,369.6,0,1,1,5,0,0,1,0,0,0,0,0
green,1,1,1,392.5,0,1,1,6,0,0,1,0,0,0,0,0
green,1,1,1,325.8,0,1,1,7,0,0,1,0,0,0,0,0
red,0,1,0,491,0,1,0,8,0,0,1,0,0,0,0,0
red,0,1,0,391.6,0,1,0,9,0,0,1,0,0,0,0,0
green,0,1,1,476.4,1,1,1,10,0,0,1,0,0,0,0,0
green,1,1,1,377.6,0,1,1,11,0,0,1,0,0,0,0,0
green,0,1,1,384.7,1,1,1,12,0,0,1,0,0,0,0,0
red,1,1,0,429.7,1,1,0,13,0,0,1,0,0,0,0,0
green,1,1,1,332.6,0,1,1,14,0,0,1,0,0,0,0,0
green,0,1,1,475.6,1,1,1,15,0,0,1,0,0,0,0,0
green,0,1,1,426.4,1,1,1,16,0,0,1,0,0,0,0,0
red,1,1,0,553.5,1,1,0,17,0,0,1,0,0,0,0,0
red,1,1,0,456.5,1,1,0,18,0,0,1,0,0,0,0,0
green,1,1,1,427.2,0,1,1,19,0,0,1,0,0,0,0,0
red,0,1,0,484.4,0,1,0,20,0,0,1,0,0,0,0,0
red,0,1,0,401.4,0,1,0,21,0,0,1,0,0,0,0,0
red,0,1,0,510.4,0,1,0,22,0,0,1,0,0,0,0,0
green,1,1,1,365.4,0,1,1,23,0,0,1,0,0,0,0,0
red,0,1,0,378.4,0,1,0,24,0,0,1,0,0,0,0,0
green,1,1,1,359.3,0,1,1,25,0,0,1,0,0,0,0,0
green,1,1,1,508.3,0,1,1,26,0,0,1,0,0,0,0,0
green,1,1,1,449.3,0,1,1,27,0,0,1,0,0,0,0,0
red,0,1,0,518.1,0,1,0,28,0,0,1,0,0,0,0,0
red,0,1,0,395.3,0,1,0,29,0,0,1,0,0,0,0,0
green,1,1,1,338.3,0,1,1,30,0,0,1,0,0,0,0,0
green,1,1,1,369,0,1,1,31,0,0,1,0,0,0,0,0
red,0,1,0,454,0,1,0,32,0,0,1,0,0,0,0,0
green,1,1,1,403.3,0,1,1,33,0,0,1,0,0,0,0,0
green,1,1,1,376.1,0,1,1,34,0,0,1,0,0,0,0,0
green,1,1,1,333.2,0,1,1,35,0,0,1,0,0,0,0,0
red,0,1,0,356.3,0,1,0,36,0,0,1,0,0,0,0,0
red,0,1,0,405.1,0,1,0,37,0,0,1,0,0,0,0,0
red,0,1,0,304.1,0,1,0,38,0,0,1,0,0,0,0,0
green,1,1,1,301.2,0,1,1,39,0,0,1,0,0,0,0,0
red,0,1,0,356.1,0,1,0,40,0,0,1,0,0,0,0,0
red,0,1,0,337.2,0,1,0,41,0,0,1,0,0,0,0,0
green,0,0,0,352.1,1,1,0,42,0,0,1,0,0,0,0,0
green,1,1,1,429.1,0,1,1,43,0,0,1,0,0,0,0,0
red,1,1,0,628,1,1,0,44,0,0,1,0,0,0,0,0
red,0,1,0,673.1,0,1,0,45,0,0,1,0,0,0,0,0
red,1,1,0,509.8,1,1,0,46,0,0,1,0,0,0,0,0
green,0,1,1,501,1,1,1,47,0,0,1,0,0,0,0,0
red,1,1,0,482,1,1,0,48,0,0,1,0,0,0,0,0
red,1,1,0,481,1,1,0,49,0,0,1,0,0,0,0,0
red,1,1,0,501.8,1,1,0,50,0,0,1,0,0,0,0,0
green,1,1,1,603,0,1,1,51,0,0,1,0,0,0,0,0
green,0,1,1,751.7,1,1,1,52,0,0,1,0,0,0,0,0
red,1,1,0,556.7,1,1,0,53,0,0,1,0,0,0,0,0
red,1,1,0,407.7,1,1,0,54,0,0,1,0,0,0,0,0
green,0,1,1,444.9,1,1,1,55,0,0,1,0,0,0,0,0
green,0,1,1,501.9,1,1,1,56,0,0,1,0,0,0,0,0
green,1,1,1,564.6,0,1,1,57,0,0,1,0,0,0,0,0
green,0,1,1,417.8,1,1,1,58,0,0,1,0,0,0,0,0
red,1,1,0,416.7,1,1,0,59,0,0,1,0,0,0,0,0
red,0,1,0,605.6,0,1,0,60,0,0,1,0,0,0,0,0
red,1,1,0,484.5,1,1,0,61,0,0,1,0,0,0,0,0
green,0,1,1,467.8,1,1,1,62,0,0,1,0,0,0,0,0
red,1,1,0,504.7,1,1,0,63,0,0,1,0,0,0,0,0
red,0,1,0,539.7,0,1,0,64,0,0,1,0,0,0,0,0
green,0,1,1,440.7,1,1,1,65,0,0,1,0,0,0,0,0
red,1,1,0,429.7,1,1,0,66,0,0,1,0,0,0,0,0
green,0,1,1,402.5,1,1,1,67,0,0,1,0,0,0,0,0
green,0,1,1,423.7,1,1,1,68,0,0,1,0,0,0,0,0
green,0,1,1,452.5,1,1,1,69,0,0,1,0,0,0,0,0
red,1,1,0,553.7,1,1,0,70,0,0,1,0,0,0,0,0
green,0,1,1,430.7,1,1,1,71,0,0,1,0,0,0,0,0
green,1,1,1,413.7,0,1,1,72,0,0,1,0,0,0,0,0
red,1,1,0,468.7,1,1,0,73,0,0,1,0,0,0,0,0
green,0,1,1,497.6,1,1,1,74,0,0,1,0,0,0,0,0
red,1,1,0,630.7,1,1,0,75,0,0,1,0,0,0,0,0
red,1,1,0,467.6,1,1,0,76,0,0,1,0,0,0,0,0
red,1,1,0,490.7,1,1,0,77,0,0,1,0,0,0,0,0
green,0,1,1,537.3,1,1,1,78,0,0,1,0,0,0,0,0
green,0,1,1,424.3,1,1,1,79,0,0,1,0,0,0,0,0
green,0,1,1,477.5,1,1,1,80,0,0,1,0,0,0,0,0
green,1,1,1,606.4,0,1,1,81,0,0,1,0,0,0,0,0
green,0,1,1,453.2,1,1,1,82,0,0,1,0,0,0,0,0
green,1,1,1,388.4,0,1,1,83,0,0,1,0,0,0,0,0
red,0,1,0,449.5,0,1,0,84,0,0,1,0,0,0,0,0
red,0,1,0,542.5,0,1,0,85,0,0,1,0,0,0,0,0
red,0,1,0,507.7,0,1,0,86,0,0,1,0,0,0,0,0
red,0,1,0,360.4,0,1,0,87,0,0,1,0,0,0,0,0
green,1,1,1,445,0,1,1,88,0,0,1,0,0,0,0,0
green,1,1,1,346.4,0,1,1,89,0,0,1,0,0,0,0,0
green,0,1,1,577.2,1,1,1,90,0,0,1,0,0,0,0,0
red,0,1,0,622.1,0,1,0,91,0,0,1,0,0,0,0,0
green,1,1,1,535.3,0,1,1,92,0,0,1,0,0,0,0,0
green,1,1,1,436.3,0,1,1,93,0,0,1,0,0,0,0,0
red,0,1,0,545.3,0,1,0,94,0,0,1,0,0,0,0,0
green,1,1,1,408.3,0,1,1,95,0,0,1,0,0,0,0,0
red,0,1,0,359.3,0,1,0,96,0,0,1,0,0,0,0,0
green,1,1,1,420.2,0,1,1,97,0,0,1,0,0,0,0,0
red,0,1,0,471.1,0,1,0,98,0,0,1,0,0,0,0,0
red,0,1,0,346.2,0,1,0,99,0,0,1,0,0,0,0,0
green,1,1,1,415.2,0,1,1,100,0,0,1,0,0,0,0,0
red,0,1,0,366.1,0,1,0,101,0,0,1,0,0,0,0,0
red,0,1,0,387.2,0,1,0,102,0,0,1,0,0,0,0,0
red,1,1,0,656.2,1,1,0,103,0,0,1,0,0,0,0,0
red,0,1,0,463.1,0,1,0,104,0,0,1,0,0,0,0,0
red,0,1,0,374.2,0,1,0,105,0,0,1,0,0,0,0,0
green,1,1,1,475.1,0,1,1,106,0,0,1,0,0,0,0,0
green,0,1,1,551.8,1,1,1,107,0,0,1,0,0,0,0,0
green,1,1,1,366.9,0,1,1,108,0,0,1,0,0,0,0,0
green,1,1,1,355.9,0,1,1,109,0,0,1,0,0,0,0,0
red,0,1,0,643.1,0,1,0,110,0,0,1,0,0,0,0,0
green,1,1,1,492,0,1,1,111,0,0,1,0,0,0,0,0
red,0,1,0,440.8,0,1,0,112,0,0,1,0,0,0,0,0
green,1,1,1,462,0,1,1,113,0,0,1,0,0,0,0,0
green,1,1,1,451.1,0,1,1,114,0,0,1,0,0,0,0,0
green,0,1,1,655.9,1,1,1,115,0,0,1,0,0,0,0,0
red,1,1,0,559,1,1,0,116,0,0,1,0,0,0,0,0
red,0,1,0,693.9,0,1,0,117,0,0,1,0,0,0,0,0
green,1,1,1,730.6,0,1,1,118,0,0,1,0,0,0,0,0
red,1,1,0,535.8,1,1,0,119,0,0,1,0,0,0,0,0
red,1,1,0,470.6,1,1,0,120,0,0,1,0,0,0,0,0
red,0,1,0,435.9,0,1,0,121,0,0,1,0,0,0,0,0
green,0,1,1,576.9,1,1,1,122,0,0,1,0,0,0,0,0
green,0,1,1,565.9,1,1,1,123,0,0,1,0,0,0,0,0
green,0,1,1,516.8,1,1,1,124,0,0,1,0,0,0,0,0
green,0,1,1,417.8,1,1,1,125,0,0,1,0,0,0,0,0
red,1,1,0,616.6,1,1,0,126,0,0,1,0,0,0,0,0
red,1,1,0,455.8,1,1,0,127,0,0,1,0,0,0,0,0
green,1,1,1,460.4,0,1,1,128,0,0,1,0,0,0,0,0
red,1,1,0,483.6,1,1,0,129,0,0,1,0,0,0,0,0
green,0,1,1,488.4,1,1,1,130,0,0,1,0,0,0,0,0
green,0,1,1,461.6,1,1,1,131,0,0,1,0,0,0,0,0
red,1,1,0,564.6,1,1,0,132,0,0,1,0,0,0,0,0
red,1,1,0,449.3,1,1,0,133,0,0,1,0,0,0,0,0
green,0,1,1,390.5,1,1,1,134,0,0,1,0,0,0,0,0
green,0,1,1,435.6,1,1,1,135,0,0,1,0,0,0,0,0
red,1,1,0,400.4,1,1,0,136,0,0,1,0,0,0,0,0
green,0,1,1,413.6,1,1,1,137,0,0,1,0,0,0,0,0
green,0,1,1,410.4,1,1,1,138,0,0,1,0,0,0,0,0
red,1,1,0,419.4,1,1,0,139,0,0,1,0,0,0,0,0
red,1,1,0,448.6,1,1,0,140,0,0,1,0,0,0,0,0
red,1,1,0,399.6,1,1,0,141,0,0,1,0,0,0,0,0
green,0,1,1,474.5,1,1,1,142,0,0,1,0,0,0,0,0
red,1,1,0,431.4,1,1,0,143,0,0,1,0,0,0,0,0
green,0,1,1,436.5,1,1,1,144,0,0,1,0,0,0,0,0
green,1,1,1,529.1,0,1,1,145,0,0,1,0,0,0,0,0
red,0,1,0,462.4,0,1,0,146,0,0,1,0,0,0,0,0
red,0,1,0,517.1,0,1,0,147,0,0,1,0,0,0,0,0
red,1,1,0,560.4,1,1,0,148,0,0,1,0,0,0,0,0
red,1,1,0,661.4,1,1,0,149,0,0,1,0,0,0,0,0
red,1,1,0,396.3,1,1,0,150,0,0,1,0,0,0,0,0
green,1,1,1,521.3,0,1,1,151,0,0,1,0,0,0,0,0
red,1,1,0,496.3,1,1,0,152,0,0,1,0,0,0,0,0
green,0,1,1,461.3,1,1,1,153,0,0,1,0,0,0,0,0
green,0,1,1,494,1,1,1,154,0,0,1,0,0,0,0,0
green,0,1,1,443.3,1,1,1,155,0,0,1,0,0,0,0,0
green,1,1,1,586.3,0,1,1,156,0,0,1,0,0,0,0,0
red,1,1,0,545,1,1,0,157,0,0,1,0,0,0,0,0
red,1,1,0,559.9,1,1,0,158,0,0,1,0,0,0,0,0
red,0,1,0,501.2,0,1,0,159,0,0,1,0,0,0,0,0
green,0,1,1,547.9,1,1,1,160,0,0,1,0,0,0,0,0
green,0,1,1,804.2,1,2,1,161,0,0,0,1,0,0,0,0
green,0,1,1,433.2,1,2,1,162,0,0,0,1,0,0,0,0
green,0,1,1,374.3,1,2,1,163,0,0,0,1,0,0,0,0
red,0,1,0,451.3,0,2,0,164,0,0,0,1,0,0,0,0
red,0,1,0,384.2,0,2,0,165,0,0,0,1,0,0,0,0
red,1,1,0,407.7,1,2,0,166,0,0,0,1,0,0,0,0
red,1,1,0,454.2,1,2,0,167,0,0,0,1,0,0,0,0
red,1,1,0,363.2,1,2,0,168,0,0,0,1,0,0,0,0
green,0,1,1,410.2,1,2,1,169,0,0,0,1,0,0,0,0
green,0,1,1,505.2,1,2,1,170,0,0,0,1,0,0,0,0
green,0,1,1,438.1,1,2,1,171,0,0,0,1,0,0,0,0
green,0,1,1,469.1,1,2,1,172,0,0,0,1,0,0,0,0
red,1,1,0,444.1,1,2,0,173,0,0,0,1,0,0,0,0
red,1,1,0,501.4,1,2,0,174,0,0,0,1,0,0,0,0
green,0,1,1,922.1,1,2,1,175,0,0,0,1,0,0,0,0
red,1,1,0,375.4,1,2,0,176,0,0,0,1,0,0,0,0
red,1,1,0,481.9,1,2,0,177,0,0,0,1,0,0,0,0
green,0,1,1,439,1,2,1,178,0,0,0,1,0,0,0,0
red,0,1,0,428,0,2,0,179,0,0,0,1,0,0,0,0
green,1,1,1,331,0,2,1,180,0,0,0,1,0,0,0,0
green,0,1,1,537.9,1,2,1,181,0,0,0,1,0,0,0,0
red,1,1,0,479,1,2,0,182,0,0,0,1,0,0,0,0
red,1,1,0,525.8,1,2,0,183,0,0,0,1,0,0,0,0
green,0,1,1,476.9,1,2,1,184,0,0,0,1,0,0,0,0
red,1,1,0,418,1,2,0,185,0,0,0,1,0,0,0,0
red,1,1,0,874.9,1,2,0,186,0,0,0,1,0,0,0,0
red,1,1,0,469.7,1,2,0,187,0,0,0,1,0,0,0,0
red,0,1,0,490.8,0,2,0,188,0,0,0,1,0,0,0,0
red,1,1,0,495.8,1,2,0,189,0,0,0,1,0,0,0,0
green,1,1,1,415.2,0,2,1,190,0,0,0,1,0,0,0,0
green,0,1,1,403.8,1,2,1,191,0,0,0,1,0,0,0,0
red,1,1,0,624.7,1,2,0,192,0,0,0,1,0,0,0,0
green,1,0,0,567.8,0,2,0,193,0,0,0,1,0,0,0,0
red,1,1,0,412.9,1,2,0,194,0,0,0,1,0,0,0,0
green,1,1,1,409.7,0,2,1,195,0,0,0,1,0,0,0,0
green,0,1,1,526.7,1,2,1,196,0,0,0,1,0,0,0,0
green,0,1,1,491.8,1,2,1,197,0,0,0,1,0,0,0,0
red,1,1,0,544.6,1,2,0,198,0,0,0,1,0,0,0,0
green,0,1,1,461.6,1,2,1,199,0,0,0,1,0,0,0,0
green,0,1,1,498.5,1,2,1,200,0,0,0,1,0,0,0,0
green,1,1,1,553.6,0,2,1,201,0,0,0,1,0,0,0,0
red,1,1,0,646.5,1,2,0,202,0,0,0,1,0,0,0,0
green,0,1,1,485.5,1,2,1,203,0,0,0,1,0,0,0,0
green,1,1,1,538.5,0,2,1,204,0,0,0,1,0,0,0,0
green,1,1,1,399.5,0,2,1,205,0,0,0,1,0,0,0,0
red,0,1,0,492.4,0,2,0,206,0,0,0,1,0,0,0,0
red,0,1,0,465.5,0,2,0,207,0,0,0,1,0,0,0,0
red,0,1,0,368.5,0,2,0,208,0,0,0,1,0,0,0,0
green,1,1,1,461.4,0,2,1,209,0,0,0,1,0,0,0,0
green,1,1,1,490.5,0,2,1,210,0,0,0,1,0,0,0,0
green,1,1,1,311.5,0,2,1,211,0,0,0,1,0,0,0,0
red,0,1,0,532.6,0,2,0,212,0,0,0,1,0,0,0,0
red,0,1,0,515.5,0,2,0,213,0,0,0,1,0,0,0,0
red,0,1,0,400.5,0,2,0,214,0,0,0,1,0,0,0,0
red,0,1,0,405.4,0,2,0,215,0,0,0,1,0,0,0,0
red,0,1,0,428.5,0,2,0,216,0,0,0,1,0,0,0,0
red,0,1,0,379.6,0,2,0,217,0,0,0,1,0,0,0,0
green,1,1,1,480.4,0,2,1,218,0,0,0,1,0,0,0,0
green,1,1,1,335.3,0,2,1,219,0,0,0,1,0,0,0,0
green,1,1,1,364.4,0,2,1,220,0,0,0,1,0,0,0,0
red,0,1,0,465.4,0,2,0,221,0,0,0,1,0,0,0,0
green,0,1,1,532.4,1,2,1,222,0,0,0,1,0,0,0,0
green,1,1,1,351.3,0,2,1,223,0,0,0,1,0,0,0,0
green,1,1,1,382.6,0,2,1,224,0,0,0,1,0,0,0,0
red,0,1,0,507.3,0,2,0,225,0,0,0,1,0,0,0,0
red,1,1,0,570.2,1,2,0,226,0,0,0,1,0,0,0,0
green,1,1,1,481.2,0,2,1,227,0,0,0,1,0,0,0,0
red,0,1,0,384.3,0,2,0,228,0,0,0,1,0,0,0,0
green,1,1,1,471.1,0,2,1,229,0,0,0,1,0,0,0,0
green,0,1,1,516.1,1,2,1,230,0,0,0,1,0,0,0,0
green,1,1,1,549,0,2,1,231,0,0,0,1,0,0,0,0
green,1,1,1,458,0,2,1,232,0,0,0,1,0,0,0,0
green,1,1,1,355,0,2,1,233,0,0,0,1,0,0,0,0
red,0,1,0,416.3,0,2,0,234,0,0,0,1,0,0,0,0
red,0,1,0,397,0,2,0,235,0,0,0,1,0,0,0,0
red,1,1,0,483.9,1,2,0,236,0,0,0,1,0,0,0,0
green,0,1,1,561.1,1,2,1,237,0,0,0,1,0,0,0,0
red,0,1,0,518,0,2,0,238,0,0,0,1,0,0,0,0
red,1,1,0,466.9,1,2,0,239,0,0,0,1,0,0,0,0
red,0,1,0,375.9,0,2,0,240,0,0,0,1,0,0,0,0
green,0,1,1,447.1,1,2,1,241,0,0,0,1,0,0,0,0
green,0,1,1,355.9,1,2,1,242,0,0,0,1,0,0,0,0
red,0,1,0,457.1,0,2,0,243,0,0,0,1,0,0,0,0
red,1,1,0,561.8,1,2,0,244,0,0,0,1,0,0,0,0
green,0,1,1,382.9,1,2,1,245,0,0,0,1,0,0,0,0
green,0,1,1,470.1,1,2,1,246,0,0,0,1,0,0,0,0
red,1,1,0,522.9,1,2,0,247,0,0,0,1,0,0,0,0
green,0,1,1,433.8,1,2,1,248,0,0,0,1,0,0,0,0
red,1,1,0,494.9,1,2,0,249,0,0,0,1,0,0,0,0
red,0,1,0,461.8,0,2,0,250,0,0,0,1,0,0,0,0
green,0,1,1,394.8,1,2,1,251,0,0,0,1,0,0,0,0
green,0,1,1,337.8,1,2,1,252,0,0,0,1,0,0,0,0
red,1,1,0,422.8,1,2,0,253,0,0,0,1,0,0,0,0
green,1,1,1,395.7,0,2,1,254,0,0,0,1,0,0,0,0
green,0,1,1,544.8,1,2,1,255,0,0,0,1,0,0,0,0
green,0,1,1,447.7,1,2,1,256,0,0,0,1,0,0,0,0
red,1,1,0,444.7,1,2,0,257,0,0,0,1,0,0,0,0
green,0,1,1,351.6,1,2,1,258,0,0,0,1,0,0,0,0
red,1,1,0,484.6,1,2,0,259,0,0,0,1,0,0,0,0
red,1,1,0,497.6,1,2,0,260,0,0,0,1,0,0,0,0
green,0,1,1,464.7,1,2,1,261,0,0,0,1,0,0,0,0
green,1,1,1,631.7,0,2,1,262,0,0,0,1,0,0,0,0
red,0,1,0,464.6,0,2,0,263,0,0,0,1,0,0,0,0
red,1,1,0,639.5,1,2,0,264,0,0,0,1,0,0,0,0
red,1,1,0,462.5,1,2,0,265,0,0,0,1,0,0,0,0
red,1,1,0,433.5,1,2,0,266,0,0,0,1,0,0,0,0
red,1,1,0,518.5,1,2,0,267,0,0,0,1,0,0,0,0
green,1,1,1,491.5,0,2,1,268,0,0,0,1,0,0,0,0
green,0,1,1,472.5,1,2,1,269,0,0,0,1,0,0,0,0
red,1,1,0,421.5,1,2,0,270,0,0,0,1,0,0,0,0
red,0,1,0,514.4,0,2,0,271,0,0,0,1,0,0,0,0
red,1,1,0,449.3,1,2,0,272,0,0,0,1,0,0,0,0
green,0,1,1,366.3,1,2,1,273,0,0,0,1,0,0,0,0
red,1,1,0,461.4,1,2,0,274,0,0,0,1,0,0,0,0
green,0,1,1,370.2,1,2,1,275,0,0,0,1,0,0,0,0
red,1,1,0,441.3,1,2,0,276,0,0,0,1,0,0,0,0
green,0,1,1,544.5,1,2,1,277,0,0,0,1,0,0,0,0
green,1,1,1,397.3,0,2,1,278,0,0,0,1,0,0,0,0
red,1,1,0,482.2,1,2,0,279,0,0,0,1,0,0,0,0
green,0,1,1,391.2,1,2,1,280,0,0,0,1,0,0,0,0
red,1,1,0,476.3,1,2,0,281,0,0,0,1,0,0,0,0
green,0,1,1,667.2,1,2,1,282,0,0,0,1,0,0,0,0
red,0,1,0,694.2,0,2,0,283,0,0,0,1,0,0,0,0
green,0,1,1,573.2,1,2,1,284,0,0,0,1,0,0,0,0
green,1,1,1,618.1,0,2,1,285,0,0,0,1,0,0,0,0
red,0,1,0,569.1,0,2,0,286,0,0,0,1,0,0,0,0
green,1,1,1,416.2,0,2,1,287,0,0,0,1,0,0,0,0
red,0,1,0,853.3,0,2,0,288,0,0,0,1,0,0,0,0
green,0,1,1,532.1,1,2,1,289,0,0,0,1,0,0,0,0
red,0,1,0,409.1,0,2,0,290,0,0,0,1,0,0,0,0
green,1,1,1,382.1,0,2,1,291,0,0,0,1,0,0,0,0
green,0,1,1,515.1,1,2,1,292,0,0,0,1,0,0,0,0
red,0,1,0,464,0,2,0,293,0,0,0,1,0,0,0,0
red,1,1,0,735.1,1,2,0,294,0,0,0,1,0,0,0,0
red,0,1,0,388,0,2,0,295,0,0,0,1,0,0,0,0
green,1,1,1,441,0,2,1,296,0,0,0,1,0,0,0,0
green,1,1,1,410.1,0,2,1,297,0,0,0,1,0,0,0,0
red,0,1,0,455,0,2,0,298,0,0,0,1,0,0,0,0
red,1,1,0,492.1,1,2,0,299,0,0,0,1,0,0,0,0
red,0,1,0,409,0,2,0,300,0,0,0,1,0,0,0,0
green,1,1,1,430,0,2,1,301,0,0,0,1,0,0,0,0
red,0,1,0,482.9,0,2,0,302,0,0,0,1,0,0,0,0
green,1,1,1,431.9,0,2,1,303,0,0,0,1,0,0,0,0
green,1,1,1,596.8,0,2,1,304,0,0,0,1,0,0,0,0
red,0,1,0,337.9,0,2,0,305,0,0,0,1,0,0,0,0
green,1,1,1,440.9,0,2,1,306,0,0,0,1,0,0,0,0
red,0,1,0,375.9,0,2,0,307,0,0,0,1,0,0,0,0
red,0,1,0,502.8,0,2,0,308,0,0,0,1,0,0,0,0
red,0,1,0,379.8,0,2,0,309,0,0,0,1,0,0,0,0
red,0,1,0,336.8,0,2,0,310,0,0,0,1,0,0,0,0
red,0,1,0,357.8,0,2,0,311,0,0,0,1,0,0,0,0
green,1,1,1,426.8,0,2,1,312,0,0,0,1,0,0,0,0
green,1,1,1,335.8,0,2,1,313,0,0,0,1,0,0,0,0
green,1,1,1,308.7,0,2,1,314,0,0,0,1,0,0,0,0
red,0,1,0,499.7,0,2,0,315,0,0,0,1,0,0,0,0
green,1,1,1,410.7,0,2,1,316,0,0,0,1,0,0,0,0
green,1,1,1,387.9,0,2,1,317,0,0,0,1,0,0,0,0
green,1,1,1,392.8,0,2,1,318,0,0,0,1,0,0,0,0
green,1,1,1,431.7,0,2,1,319,0,0,0,1,0,0,0,0
red,1,1,0,554.7,1,2,0,320,0,0,0,1,0,0,0,0
red,0,1,0,741.9,0,3,0,321,0,0,0,0,1,0,0,0
green,0,1,1,499.5,1,3,1,322,0,0,0,0,1,0,0,0
green,1,1,1,352,0,3,1,323,0,0,0,0,1,0,0,0
red,0,1,0,478.9,0,3,0,324,0,0,0,0,1,0,0,0
green,0,1,1,467.8,1,3,1,325,0,0,0,0,1,0,0,0
red,0,1,0,378.8,0,3,0,326,0,0,0,0,1,0,0,0
green,1,1,1,365.8,0,3,1,327,0,0,0,0,1,0,0,0
green,1,1,1,458.8,0,3,1,328,0,0,0,0,1,0,0,0
red,0,1,0,417.8,0,3,0,329,0,0,0,0,1,0,0,0
red,0,1,0,464.8,0,3,0,330,0,0,0,0,1,0,0,0
green,1,1,1,407.6,0,3,1,331,0,0,0,0,1,0,0,0
green,1,1,1,414.6,0,3,1,332,0,0,0,0,1,0,0,0
red,1,1,0,411.7,1,3,0,333,0,0,0,0,1,0,0,0
red,0,1,0,464.9,0,3,0,334,0,0,0,0,1,0,0,0
red,0,1,0,417.6,0,3,0,335,0,0,0,0,1,0,0,0
green,1,1,1,392.6,0,3,1,336,0,0,0,0,1,0,0,0
green,1,1,1,381.5,0,3,1,337,0,0,0,0,1,0,0,0
red,0,1,0,396.5,0,3,0,338,0,0,0,0,1,0,0,0
green,1,1,1,401.5,0,3,1,339,0,0,0,0,1,0,0,0
red,0,1,0,342.5,0,3,0,340,0,0,0,0,1,0,0,0
green,1,1,1,459.5,0,3,1,341,0,0,0,0,1,0,0,0
red,0,1,0,362.4,0,3,0,342,0,0,0,0,1,0,0,0
green,1,1,1,393.5,0,3,1,343,0,0,0,0,1,0,0,0
red,0,1,0,428.4,0,3,0,344,0,0,0,0,1,0,0,0
red,0,1,0,401.3,0,3,0,345,0,0,0,0,1,0,0,0
green,1,1,1,406.3,0,3,1,346,0,0,0,0,1,0,0,0
green,1,1,1,347.6,0,3,1,347,0,0,0,0,1,0,0,0
red,0,1,0,408.4,0,3,0,348,0,0,0,0,1,0,0,0
red,1,0,1,341.4,1,3,1,349,0,0,0,0,1,0,0,0
red,0,1,0,522.5,0,3,0,350,0,0,0,0,1,0,0,0
red,0,1,0,427.4,0,3,0,351,0,0,0,0,1,0,0,0
green,0,1,1,480.3,1,3,1,352,0,0,0,0,1,0,0,0
green,0,1,1,407.3,1,3,1,353,0,0,0,0,1,0,0,0
red,1,1,0,396.3,1,3,0,354,0,0,0,0,1,0,0,0
red,1,1,0,555.3,1,3,0,355,0,0,0,0,1,0,0,0
green,1,1,1,394.3,0,3,1,356,0,0,0,0,1,0,0,0
green,1,1,1,447.4,0,3,1,357,0,0,0,0,1,0,0,0
green,1,1,1,388.3,0,3,1,358,0,0,0,0,1,0,0,0
green,1,1,1,401.3,0,3,1,359,0,0,0,0,1,0,0,0
red,0,1,0,422.3,0,3,0,360,0,0,0,0,1,0,0,0
red,1,1,0,563.2,1,3,0,361,0,0,0,0,1,0,0,0
green,0,1,1,456.3,1,3,1,362,0,0,0,0,1,0,0,0
red,0,1,0,455.3,0,3,0,363,0,0,0,0,1,0,0,0
red,1,1,0,486.1,1,3,0,364,0,0,0,0,1,0,0,0
green,0,1,1,437.2,1,3,1,365,0,0,0,0,1,0,0,0
green,0,1,1,474.2,1,3,1,366,0,0,0,0,1,0,0,0
red,1,1,0,457.5,1,3,0,367,0,0,0,0,1,0,0,0
green,1,1,1,462.4,0,3,1,368,0,0,0,0,1,0,0,0
red,0,1,0,413.1,0,3,0,369,0,0,0,0,1,0,0,0
green,0,1,1,484.1,1,3,1,370,0,0,0,0,1,0,0,0
green,1,1,1,573.1,0,3,1,371,0,0,0,0,1,0,0,0
green,0,1,1,458,1,3,1,372,0,0,0,0,1,0,0,0
red,1,1,0,433,1,3,0,373,0,0,0,0,1,0,0,0
red,1,1,0,406,1,3,0,374,0,0,0,0,1,0,0,0
red,1,1,0,349,1,3,0,375,0,0,0,0,1,0,0,0
red,1,1,0,322,1,3,0,376,0,0,0,0,1,0,0,0
green,0,1,1,485,1,3,1,377,0,0,0,0,1,0,0,0
red,1,1,0,460.1,1,3,0,378,0,0,0,0,1,0,0,0
green,0,1,1,547,1,3,1,379,0,0,0,0,1,0,0,0
green,0,1,1,481.9,1,3,1,380,0,0,0,0,1,0,0,0
green,1,1,1,1094.9,0,3,1,381,0,0,0,0,1,0,0,0
red,1,1,0,483.8,1,3,0,382,0,0,0,0,1,0,0,0
red,1,1,0,578.8,1,3,0,383,0,0,0,0,1,0,0,0
red,1,1,0,471.8,1,3,0,384,0,0,0,0,1,0,0,0
green,0,1,1,532.8,1,3,1,385,0,0,0,0,1,0,0,0
red,0,1,0,601.8,0,3,0,386,0,0,0,0,1,0,0,0
red,1,1,0,430.8,1,3,0,387,0,0,0,0,1,0,0,0
green,0,1,1,451.7,1,3,1,388,0,0,0,0,1,0,0,0
green,0,1,1,512.8,1,3,1,389,0,0,0,0,1,0,0,0
red,0,1,0,477.7,0,3,0,390,0,0,0,0,1,0,0,0
red,1,1,0,718.7,1,3,0,391,0,0,0,0,1,0,0,0
red,1,1,0,419.6,1,3,0,392,0,0,0,0,1,0,0,0
green,0,1,1,424.7,1,3,1,393,0,0,0,0,1,0,0,0
green,0,1,1,799.6,1,3,1,394,0,0,0,0,1,0,0,0
red,1,1,0,404.7,1,3,0,395,0,0,0,0,1,0,0,0
green,0,1,1,361.6,1,3,1,396,0,0,0,0,1,0,0,0
red,1,1,0,478.7,1,3,0,397,0,0,0,0,1,0,0,0
green,1,1,1,587.7,0,3,1,398,0,0,0,0,1,0,0,0
green,0,1,1,438.6,1,3,1,399,0,0,0,0,1,0,0,0
green,0,1,1,411.6,1,3,1,400,0,0,0,0,1,0,0,0
green,1,1,1,360.6,0,3,1,401,0,0,0,0,1,0,0,0
red,0,1,0,615.6,0,3,0,402,0,0,0,0,1,0,0,0
red,0,1,0,340.5,0,3,0,403,0,0,0,0,1,0,0,0
green,1,1,1,399.5,0,3,1,404,0,0,0,0,1,0,0,0
green,1,1,1,366.5,0,3,1,405,0,0,0,0,1,0,0,0
red,0,1,0,531.5,0,3,0,406,0,0,0,0,1,0,0,0
green,1,1,1,442.5,0,3,1,407,0,0,0,0,1,0,0,0
green,0,1,1,423.4,1,3,1,408,0,0,0,0,1,0,0,0
red,1,1,0,452.5,1,3,0,409,0,0,0,0,1,0,0,0
green,1,1,1,345.5,0,3,1,410,0,0,0,0,1,0,0,0
red,0,1,0,374.5,0,3,0,411,0,0,0,0,1,0,0,0
green,0,1,1,493.5,1,3,1,412,0,0,0,0,1,0,0,0
red,0,1,0,586.5,0,3,0,413,0,0,0,0,1,0,0,0
red,1,1,0,553.4,1,3,0,414,0,0,0,0,1,0,0,0
red,0,1,0,408.4,0,3,0,415,0,0,0,0,1,0,0,0
red,0,1,0,357.3,0,3,0,416,0,0,0,0,1,0,0,0
red,0,1,0,338.6,0,3,0,417,0,0,0,0,1,0,0,0
red,1,1,0,539.3,1,3,0,418,0,0,0,0,1,0,0,0
red,0,1,0,352.4,0,3,0,419,0,0,0,0,1,0,0,0
red,0,1,0,341.4,0,3,0,420,0,0,0,0,1,0,0,0
green,1,1,1,458.4,0,3,1,421,0,0,0,0,1,0,0,0
green,1,1,1,337.3,0,3,1,422,0,0,0,0,1,0,0,0
red,0,1,0,398.3,0,3,0,423,0,0,0,0,1,0,0,0
red,0,1,0,387.3,0,3,0,424,0,0,0,0,1,0,0,0
green,1,1,1,392.2,0,3,1,425,0,0,0,0,1,0,0,0
green,0,1,1,503.2,1,3,1,426,0,0,0,0,1,0,0,0
green,1,1,1,308.2,0,3,1,427,0,0,0,0,1,0,0,0
green,1,1,1,323.2,0,3,1,428,0,0,0,0,1,0,0,0
green,1,1,1,336.2,0,3,1,429,0,0,0,0,1,0,0,0
red,0,1,0,453.2,0,3,0,430,0,0,0,0,1,0,0,0
red,0,1,0,338.2,0,3,0,431,0,0,0,0,1,0,0,0
green,0,1,1,473.2,1,3,1,432,0,0,0,0,1,0,0,0
green,1,1,1,518.2,0,3,1,433,0,0,0,0,1,0,0,0
green,1,1,1,531.3,0,3,1,434,0,0,0,0,1,0,0,0
green,1,1,1,408.1,0,3,1,435,0,0,0,0,1,0,0,0
red,1,1,0,485.1,1,3,0,436,0,0,0,0,1,0,0,0
red,0,1,0,348.1,0,3,0,437,0,0,0,0,1,0,0,0
green,1,1,1,453.1,0,3,1,438,0,0,0,0,1,0,0,0
red,0,1,0,516,0,3,0,439,0,0,0,0,1,0,0,0
green,1,1,1,391,0,3,1,440,0,0,0,0,1,0,0,0
green,0,1,1,406,1,3,1,441,0,0,0,0,1,0,0,0
red,1,1,0,462.9,1,3,0,442,0,0,0,0,1,0,0,0
red,0,1,0,579.9,0,3,0,443,0,0,0,0,1,0,0,0
green,1,1,1,432.9,0,3,1,444,0,0,0,0,1,0,0,0
red,1,1,0,536,1,3,0,445,0,0,0,0,1,0,0,0
red,1,1,0,524.9,1,3,0,446,0,0,0,0,1,0,0,0
red,1,1,0,369.9,1,3,0,447,0,0,0,0,1,0,0,0
green,0,1,1,366.9,1,3,1,448,0,0,0,0,1,0,0,0
red,0,1,0,477.8,0,3,0,449,0,0,0,0,1,0,0,0
green,0,1,1,458.9,1,3,1,450,0,0,0,0,1,0,0,0
red,1,1,0,487.8,1,3,0,451,0,0,0,0,1,0,0,0
red,1,1,0,478.7,1,3,0,452,0,0,0,0,1,0,0,0
red,1,1,0,395.8,1,3,0,453,0,0,0,0,1,0,0,0
red,1,1,0,424.8,1,3,0,454,0,0,0,0,1,0,0,0
red,1,1,0,407.7,1,3,0,455,0,0,0,0,1,0,0,0
red,1,1,0,326.8,1,3,0,456,0,0,0,0,1,0,0,0
green,0,1,1,443.7,1,3,1,457,0,0,0,0,1,0,0,0
green,0,1,1,336.7,1,3,1,458,0,0,0,0,1,0,0,0
green,0,1,1,347.7,1,3,1,459,0,0,0,0,1,0,0,0
green,0,1,1,398.6,1,3,1,460,0,0,0,0,1,0,0,0
green,0,1,1,317.6,1,3,1,461,0,0,0,0,1,0,0,0
green,0,1,1,316.6,1,3,1,462,0,0,0,0,1,0,0,0
red,1,1,0,513.7,1,3,0,463,0,0,0,0,1,0,0,0
red,1,1,0,400.6,1,3,0,464,0,0,0,0,1,0,0,0
green,0,1,1,397.6,1,3,1,465,0,0,0,0,1,0,0,0
red,1,1,0,426.6,1,3,0,466,0,0,0,0,1,0,0,0
green,1,1,1,527.5,0,3,1,467,0,0,0,0,1,0,0,0
green,0,1,1,620.6,1,3,1,468,0,0,0,0,1,0,0,0
green,0,1,1,441.6,1,3,1,469,0,0,0,0,1,0,0,0
green,0,1,1,338.5,1,3,1,470,0,0,0,0,1,0,0,0
green,0,1,1,359.6,1,3,1,471,0,0,0,0,1,0,0,0
green,1,1,1,358.5,0,3,1,472,0,0,0,0,1,0,0,0
green,1,1,1,315.5,0,3,1,473,0,0,0,0,1,0,0,0
red,1,1,0,466.5,1,3,0,474,0,0,0,0,1,0,0,0
green,0,1,1,431.5,1,3,1,475,0,0,0,0,1,0,0,0
red,1,1,0,380.4,1,3,0,476,0,0,0,0,1,0,0,0
green,0,1,1,353.4,1,3,1,477,0,0,0,0,1,0,0,0
red,0,1,0,576.4,0,3,0,478,0,0,0,0,1,0,0,0
red,1,1,0,471.5,1,3,0,479,0,0,0,0,1,0,0,0
red,0,1,0,580.4,0,3,0,480,0,0,0,0,1,0,0,0
green,0,1,1,554.8,1,4,1,481,0,0,0,0,0,1,0,0
green,0,1,1,381.7,1,4,1,482,0,0,0,0,0,1,0,0
red,0,1,0,530.7,0,4,0,483,0,0,0,0,0,1,0,0
red,0,1,0,423.7,0,4,0,484,0,0,0,0,0,1,0,0
red,0,1,0,348.7,0,4,0,485,0,0,0,0,0,1,0,0
red,0,1,0,311.7,0,4,0,486,0,0,0,0,0,1,0,0
green,1,1,1,356.7,0,4,1,487,0,0,0,0,0,1,0,0
red,0,1,0,369.6,0,4,0,488,0,0,0,0,0,1,0,0
green,1,1,1,310.7,0,4,1,489,0,0,0,0,0,1,0,0
red,0,1,0,323.6,0,4,0,490,0,0,0,0,0,1,0,0
green,0,0,0,344.6,1,4,0,491,0,0,0,0,0,1,0,0
green,1,1,1,727.5,0,4,1,492,0,0,0,0,0,1,0,0
red,0,1,0,462.5,0,4,0,493,0,0,0,0,0,1,0,0
red,0,1,0,467.5,0,4,0,494,0,0,0,0,0,1,0,0
green,1,1,1,386.5,0,4,1,495,0,0,0,0,0,1,0,0
green,1,1,1,425.4,0,4,1,496,0,0,0,0,0,1,0,0
red,0,1,0,392.5,0,4,0,497,0,0,0,0,0,1,0,0
red,1,1,0,495.4,1,4,0,498,0,0,0,0,0,1,0,0
green,1,1,1,494.5,0,4,1,499,0,0,0,0,0,1,0,0
green,1,1,1,427.3,0,4,1,500,0,0,0,0,0,1,0,0
green,1,1,1,824.4,0,4,1,501,0,0,0,0,0,1,0,0
green,0,1,1,521.3,1,4,1,502,0,0,0,0,0,1,0,0
green,1,1,1,352.3,0,4,1,503,0,0,0,0,0,1,0,0
red,0,1,0,397.3,0,4,0,504,0,0,0,0,0,1,0,0
red,0,1,0,364.3,0,4,0,505,0,0,0,0,0,1,0,0
red,0,1,0,393.3,0,4,0,506,0,0,0,0,0,1,0,0
green,1,1,1,414.2,0,4,1,507,0,0,0,0,0,1,0,0
red,1,1,0,571.2,1,4,0,508,0,0,0,0,0,1,0,0
green,1,1,1,368.3,0,4,1,509,0,0,0,0,0,1,0,0
green,1,1,1,415.2,0,4,1,510,0,0,0,0,0,1,0,0
red,0,1,0,468.2,0,4,0,511,0,0,0,0,0,1,0,0
red,1,1,0,473.3,1,4,0,512,0,0,0,0,0,1,0,0
green,1,1,1,382.2,0,4,1,513,0,0,0,0,0,1,0,0
red,0,1,0,355.2,0,4,0,514,0,0,0,0,0,1,0,0
green,1,1,1,376.3,0,4,1,515,0,0,0,0,0,1,0,0
red,0,1,0,431.2,0,4,0,516,0,0,0,0,0,1,0,0
red,0,1,0,484.2,0,4,0,517,0,0,0,0,0,1,0,0
green,1,1,1,451.3,0,4,1,518,0,0,0,0,0,1,0,0
red,1,1,0,506.4,1,4,0,519,0,0,0,0,0,1,0,0
green,1,1,1,515.1,0,4,1,520,0,0,0,0,0,1,0,0
red,0,1,0,336.1,0,4,0,521,0,0,0,0,0,1,0,0
red,1,1,0,429.1,1,4,0,522,0,0,0,0,0,1,0,0
green,1,1,1,388.1,0,4,1,523,0,0,0,0,0,1,0,0
green,1,1,1,561.1,0,4,1,524,0,0,0,0,0,1,0,0
red,1,1,0,546,1,4,0,525,0,0,0,0,0,1,0,0
red,0,1,0,457.2,0,4,0,526,0,0,0,0,0,1,0,0
red,0,1,0,420.1,0,4,0,527,0,0,0,0,0,1,0,0
green,1,1,1,587.1,0,4,1,528,0,0,0,0,0,1,0,0
green,0,1,1,513.9,1,4,1,529,0,0,0,0,0,1,0,0
green,1,1,1,407,0,4,1,530,0,0,0,0,0,1,0,0
red,0,1,0,380,0,4,0,531,0,0,0,0,0,1,0,0
green,0,1,1,465,1,4,1,532,0,0,0,0,0,1,0,0
red,0,1,0,496,0,4,0,533,0,0,0,0,0,1,0,0
red,0,1,0,486.9,0,4,0,534,0,0,0,0,0,1,0,0
green,1,1,1,339.9,0,4,1,535,0,0,0,0,0,1,0,0
green,1,1,1,432.9,0,4,1,536,0,0,0,0,0,1,0,0
green,1,1,1,382.2,0,4,1,537,0,0,0,0,0,1,0,0
green,1,1,1,412.9,0,4,1,538,0,0,0,0,0,1,0,0
red,0,1,0,409.9,0,4,0,539,0,0,0,0,0,1,0,0
red,0,1,0,440.8,0,4,0,540,0,0,0,0,0,1,0,0
red,0,1,0,421.8,0,4,0,541,0,0,0,0,0,1,0,0
red,0,1,0,354.7,0,4,0,542,0,0,0,0,0,1,0,0
red,0,1,0,345.8,0,4,0,543,0,0,0,0,0,1,0,0
green,1,1,1,470.8,0,4,1,544,0,0,0,0,0,1,0,0
red,0,1,0,389.8,0,4,0,545,0,0,0,0,0,1,0,0
green,0,1,1,458.8,1,4,1,546,0,0,0,0,0,1,0,0
red,1,1,0,463.7,1,4,0,547,0,0,0,0,0,1,0,0
green,1,1,1,484.6,0,4,1,548,0,0,0,0,0,1,0,0
green,1,1,1,503.6,0,4,1,549,0,0,0,0,0,1,0,0
green,1,1,1,844.5,0,4,1,550,0,0,0,0,0,1,0,0
red,0,1,0,371.6,0,4,0,551,0,0,0,0,0,1,0,0
red,1,1,0,416.6,1,4,0,552,0,0,0,0,0,1,0,0
red,0,1,0,377.5,0,4,0,553,0,0,0,0,0,1,0,0
green,1,1,1,334.5,0,4,1,554,0,0,0,0,0,1,0,0
green,0,1,1,491.5,1,4,1,555,0,0,0,0,0,1,0,0
green,1,1,1,352.5,0,4,1,556,0,0,0,0,0,1,0,0
green,1,1,1,407.5,0,4,1,557,0,0,0,0,0,1,0,0
red,0,1,0,380.5,0,4,0,558,0,0,0,0,0,1,0,0
green,1,1,1,403.5,0,4,1,559,0,0,0,0,0,1,0,0
red,0,1,0,472.5,0,4,0,560,0,0,0,0,0,1,0,0
red,0,1,0,437.4,0,4,0,561,0,0,0,0,0,1,0,0
green,0,1,1,516.4,1,4,1,562,0,0,0,0,0,1,0,0
green,1,1,1,353.4,0,4,1,563,0,0,0,0,0,1,0,0
green,0,1,1,478.5,1,4,1,564,0,0,0,0,0,1,0,0
green,1,1,1,339.4,0,4,1,565,0,0,0,0,0,1,0,0
red,0,1,0,530.4,0,4,0,566,0,0,0,0,0,1,0,0
red,0,1,0,479.4,0,4,0,567,0,0,0,0,0,1,0,0
green,1,1,1,334.5,0,4,1,568,0,0,0,0,0,1,0,0
green,1,1,1,363.4,0,4,1,569,0,0,0,0,0,1,0,0
green,1,1,1,384.4,0,4,1,570,0,0,0,0,0,1,0,0
red,0,1,0,445.4,0,4,0,571,0,0,0,0,0,1,0,0
green,1,1,1,356.4,0,4,1,572,0,0,0,0,0,1,0,0
red,0,1,0,411.3,0,4,0,573,0,0,0,0,0,1,0,0
red,0,1,0,368.3,0,4,0,574,0,0,0,0,0,1,0,0
red,0,1,0,319.3,0,4,0,575,0,0,0,0,0,1,0,0
green,1,1,1,402.4,0,4,1,576,0,0,0,0,0,1,0,0
red,0,1,0,343.2,0,4,0,577,0,0,0,0,0,1,0,0
green,1,1,1,350.2,0,4,1,578,0,0,0,0,0,1,0,0
red,1,0,1,355.2,1,4,1,579,0,0,0,0,0,1,0,0
green,1,1,1,552.2,0,4,1,580,0,0,0,0,0,1,0,0
red,0,1,0,357.2,0,4,0,581,0,0,0,0,0,1,0,0
red,1,1,0,458.1,1,4,0,582,0,0,0,0,0,1,0,0
red,0,1,0,433.2,0,4,0,583,0,0,0,0,0,1,0,0
green,1,1,1,514.1,0,4,1,584,0,0,0,0,0,1,0,0
red,0,1,0,313.1,0,4,0,585,0,0,0,0,0,1,0,0
red,0,1,0,294,0,4,0,586,0,0,0,0,0,1,0,0
green,1,1,1,523.1,0,4,1,587,0,0,0,0,0,1,0,0
green,1,1,1,532,0,4,1,588,0,0,0,0,0,1,0,0
red,0,1,0,489,0,4,0,589,0,0,0,0,0,1,0,0
green,1,1,1,414,0,4,1,590,0,0,0,0,0,1,0,0
green,1,1,1,459,0,4,1,591,0,0,0,0,0,1,0,0
green,1,1,1,446,0,4,1,592,0,0,0,0,0,1,0,0
red,1,1,0,476.9,1,4,0,593,0,0,0,0,0,1,0,0
green,0,1,1,522,1,4,1,594,0,0,0,0,0,1,0,0
red,0,1,0,566.9,0,4,0,595,0,0,0,0,0,1,0,0
green,1,1,1,355.9,0,4,1,596,0,0,0,0,0,1,0,0
red,0,1,0,392.9,0,4,0,597,0,0,0,0,0,1,0,0
red,0,1,0,351.8,0,4,0,598,0,0,0,0,0,1,0,0
red,1,0,1,470.8,1,4,1,599,0,0,0,0,0,1,0,0
green,0,1,1,501.8,1,4,1,600,0,0,0,0,0,1,0,0
green,0,1,1,426.8,1,4,1,601,0,0,0,0,0,1,0,0
red,1,1,0,415.8,1,4,0,602,0,0,0,0,0,1,0,0
green,0,1,1,404.8,1,4,1,603,0,0,0,0,0,1,0,0
red,1,1,0,635.8,1,4,0,604,0,0,0,0,0,1,0,0
red,1,1,0,400.9,1,4,0,605,0,0,0,0,0,1,0,0
green,0,1,1,429.8,1,4,1,606,0,0,0,0,0,1,0,0
red,1,1,0,458.8,1,4,0,607,0,0,0,0,0,1,0,0
green,1,1,1,512.2,0,4,1,608,0,0,0,0,0,1,0,0
red,0,1,0,420.8,0,4,0,609,0,0,0,0,0,1,0,0
red,1,1,0,451.8,1,4,0,610,0,0,0,0,0,1,0,0
red,1,1,0,402.9,1,4,0,611,0,0,0,0,0,1,0,0
green,0,1,1,463.8,1,4,1,612,0,0,0,0,0,1,0,0
green,0,1,1,574.7,1,4,1,613,0,0,0,0,0,1,0,0
red,0,1,0,539.7,0,4,0,614,0,0,0,0,0,1,0,0
green,0,1,1,688.7,1,4,1,615,0,0,0,0,0,1,0,0
red,1,1,0,493.8,1,4,0,616,0,0,0,0,0,1,0,0
green,0,1,1,352.7,1,4,1,617,0,0,0,0,0,1,0,0
green,1,1,1,437.7,0,4,1,618,0,0,0,0,0,1,0,0
green,1,1,1,410.7,0,4,1,619,0,0,0,0,0,1,0,0
red,1,1,0,447.7,1,4,0,620,0,0,0,0,0,1,0,0
green,0,1,1,454.6,1,4,1,621,0,0,0,0,0,1,0,0
green,0,1,1,365.7,1,4,1,622,0,0,0,0,0,1,0,0
green,0,1,1,322.6,1,4,1,623,0,0,0,0,0,1,0,0
red,1,1,0,441.6,1,4,0,624,0,0,0,0,0,1,0,0
green,0,1,1,482.9,1,4,1,625,0,0,0,0,0,1,0,0
green,0,1,1,367.6,1,4,1,626,0,0,0,0,0,1,0,0
green,0,1,1,404.6,1,4,1,627,0,0,0,0,0,1,0,0
red,1,1,0,491.6,1,4,0,628,0,0,0,0,0,1,0,0
red,1,1,0,416.6,1,4,0,629,0,0,0,0,0,1,0,0
red,1,1,0,393.7,1,4,0,630,0,0,0,0,0,1,0,0
red,1,1,0,340.5,1,4,0,631,0,0,0,0,0,1,0,0
red,1,1,0,427.5,1,4,0,632,0,0,0,0,0,1,0,0
green,0,1,1,378.5,1,4,1,633,0,0,0,0,0,1,0,0
red,1,1,0,465.4,1,4,0,634,0,0,0,0,0,1,0,0
green,1,1,1,368.3,0,4,1,635,0,0,0,0,0,1,0,0
green,0,1,1,405.3,1,4,1,636,0,0,0,0,0,1,0,0
red,0,1,0,532.3,0,4,0,637,0,0,0,0,0,1,0,0
green,0,1,1,473.2,1,4,1,638,0,0,0,0,0,1,0,0
red,1,1,0,502.2,1,4,0,639,0,0,0,0,0,1,0,0
red,0,1,0,515.1,0,4,0,640,0,0,0,0,0,1,0,0
red,1,1,0,551.2,1,5,0,641,0,0,0,0,0,0,1,0
red,1,1,0,372.1,1,5,0,642,0,0,0,0,0,0,1,0
green,0,1,1,369.1,1,5,1,643,0,0,0,0,0,0,1,0
red,1,1,0,430.1,1,5,0,644,0,0,0,0,0,0,1,0
green,0,1,1,331.2,1,5,1,645,0,0,0,0,0,0,1,0
green,1,1,1,736.1,0,5,1,646,0,0,0,0,0,0,1,0
green,0,1,1,511,1,5,1,647,0,0,0,0,0,0,1,0
red,1,1,0,404,1,5,0,648,0,0,0,0,0,0,1,0
red,1,1,0,441,1,5,0,649,0,0,0,0,0,0,1,0
green,0,1,1,447.9,1,5,1,650,0,0,0,0,0,0,1,0
red,1,1,0,365.1,1,5,0,651,0,0,0,0,0,0,1,0
green,1,1,1,396.3,0,5,1,652,0,0,0,0,0,0,1,0
green,0,1,1,450.9,1,5,1,653,0,0,0,0,0,0,1,0
green,0,1,1,399.9,1,5,1,654,0,0,0,0,0,0,1,0
red,1,1,0,406.8,1,5,0,655,0,0,0,0,0,0,1,0
red,0,1,0,405.9,0,5,0,656,0,0,0,0,0,0,1,0
red,1,1,0,434.9,1,5,0,657,0,0,0,0,0,0,1,0
green,0,1,1,479.9,1,5,1,658,0,0,0,0,0,0,1,0
red,0,1,0,452.9,0,5,0,659,0,0,0,0,0,0,1,0
green,0,1,1,371.9,1,5,1,660,0,0,0,0,0,0,1,0
red,1,1,0,496.8,1,5,0,661,0,0,0,0,0,0,1,0
green,1,1,1,343.9,0,5,1,662,0,0,0,0,0,0,1,0
green,1,1,1,430.8,0,5,1,663,0,0,0,0,0,0,1,0
red,1,1,0,411.8,1,5,0,664,0,0,0,0,0,0,1,0
green,0,1,1,432.8,1,5,1,665,0,0,0,0,0,0,1,0
green,0,1,1,359.8,1,5,1,666,0,0,0,0,0,0,1,0
green,0,1,1,372.8,1,5,1,667,0,0,0,0,0,0,1,0
green,0,1,1,425.8,1,5,1,668,0,0,0,0,0,0,1,0
red,0,1,0,446.8,0,5,0,669,0,0,0,0,0,0,1,0
red,1,1,0,805.8,1,5,0,670,0,0,0,0,0,0,1,0
red,1,1,0,482.8,1,5,0,671,0,0,0,0,0,0,1,0
red,0,1,0,461.7,0,5,0,672,0,0,0,0,0,0,1,0
green,0,1,1,482.7,1,5,1,673,0,0,0,0,0,0,1,0
red,1,1,0,461.6,1,5,0,674,0,0,0,0,0,0,1,0
green,0,1,1,388.6,1,5,1,675,0,0,0,0,0,0,1,0
green,0,1,1,441.5,1,5,1,676,0,0,0,0,0,0,1,0
red,1,1,0,390.6,1,5,0,677,0,0,0,0,0,0,1,0
red,1,1,0,415.5,1,5,0,678,0,0,0,0,0,0,1,0
red,1,1,0,488.6,1,5,0,679,0,0,0,0,0,0,1,0
green,0,1,1,389.5,1,5,1,680,0,0,0,0,0,0,1,0
red,1,1,0,324.5,1,5,0,681,0,0,0,0,0,0,1,0
red,1,1,0,377.4,1,5,0,682,0,0,0,0,0,0,1,0
red,1,1,0,320.4,1,5,0,683,0,0,0,0,0,0,1,0
green,1,1,1,439.4,0,5,1,684,0,0,0,0,0,0,1,0
red,0,1,0,396.4,0,5,0,685,0,0,0,0,0,0,1,0
red,1,1,0,425.4,1,5,0,686,0,0,0,0,0,0,1,0
green,0,1,1,438.4,1,5,1,687,0,0,0,0,0,0,1,0
red,1,1,0,431.4,1,5,0,688,0,0,0,0,0,0,1,0
red,1,1,0,372.3,1,5,0,689,0,0,0,0,0,0,1,0
red,1,1,0,329.2,1,5,0,690,0,0,0,0,0,0,1,0
green,0,1,1,646.3,1,5,1,691,0,0,0,0,0,0,1,0
green,0,1,1,483.2,1,5,1,692,0,0,0,0,0,0,1,0
green,0,1,1,608.3,1,5,1,693,0,0,0,0,0,0,1,0
green,0,1,1,743.2,1,5,1,694,0,0,0,0,0,0,1,0
green,0,1,1,502.3,1,5,1,695,0,0,0,0,0,0,1,0
green,1,1,1,493.6,0,5,1,696,0,0,0,0,0,0,1,0
green,0,1,1,362.2,1,5,1,697,0,0,0,0,0,0,1,0
green,1,1,1,345.2,0,5,1,698,0,0,0,0,0,0,1,0
red,1,1,0,622.2,1,5,0,699,0,0,0,0,0,0,1,0
red,1,1,0,437.2,1,5,0,700,0,0,0,0,0,0,1,0
red,0,1,0,354.1,0,5,0,701,0,0,0,0,0,0,1,0
red,0,1,0,361.1,0,5,0,702,0,0,0,0,0,0,1,0
green,0,1,1,502.2,1,5,1,703,0,0,0,0,0,0,1,0
red,1,1,0,499.3,1,5,0,704,0,0,0,0,0,0,1,0
red,1,1,0,480.2,1,5,0,705,0,0,0,0,0,0,1,0
green,0,1,1,453.2,1,5,1,706,0,0,0,0,0,0,1,0
green,1,1,1,530.2,0,5,1,707,0,0,0,0,0,0,1,0
red,1,1,0,451.1,1,5,0,708,0,0,0,0,0,0,1,0
red,0,1,0,434.1,0,5,0,709,0,0,0,0,0,0,1,0
green,0,1,1,407,1,5,1,710,0,0,0,0,0,0,1,0
red,1,1,0,430,1,5,0,711,0,0,0,0,0,0,1,0
green,0,1,1,411.1,1,5,1,712,0,0,0,0,0,0,1,0
green,0,1,1,530,1,5,1,713,0,0,0,0,0,0,1,0
green,0,1,1,359,1,5,1,714,0,0,0,0,0,0,1,0
red,1,1,0,418,1,5,0,715,0,0,0,0,0,0,1,0
green,0,1,1,367,1,5,1,716,0,0,0,0,0,0,1,0
red,1,1,0,749.9,1,5,0,717,0,0,0,0,0,0,1,0
green,0,1,1,402.9,1,5,1,718,0,0,0,0,0,0,1,0
green,0,1,1,521.9,1,5,1,719,0,0,0,0,0,0,1,0
red,1,1,0,398.9,1,5,0,720,0,0,0,0,0,0,1,0
red,1,1,0,497.8,1,5,0,721,0,0,0,0,0,0,1,0
red,0,1,0,410.8,0,5,0,722,0,0,0,0,0,0,1,0
red,0,1,0,439.9,0,5,0,723,0,0,0,0,0,0,1,0
green,1,1,1,378.9,0,5,1,724,0,0,0,0,0,0,1,0
green,0,1,1,631.7,1,5,1,725,0,0,0,0,0,0,1,0
red,0,1,0,438.7,0,5,0,726,0,0,0,0,0,0,1,0
green,1,1,1,459.8,0,5,1,727,0,0,0,0,0,0,1,0
green,1,1,1,496.7,0,5,1,728,0,0,0,0,0,0,1,0
green,0,1,1,1037.7,1,5,1,729,0,0,0,0,0,0,1,0
green,1,1,1,370.8,0,5,1,730,0,0,0,0,0,0,1,0
red,1,1,0,505.7,1,5,0,731,0,0,0,0,0,0,1,0
green,1,1,1,406.7,0,5,1,732,0,0,0,0,0,0,1,0
green,1,1,1,371.7,0,5,1,733,0,0,0,0,0,0,1,0
red,0,1,0,552.7,0,5,0,734,0,0,0,0,0,0,1,0
green,1,1,1,517.7,0,5,1,735,0,0,0,0,0,0,1,0
red,0,1,0,396.8,0,5,0,736,0,0,0,0,0,0,1,0
green,0,1,1,513.7,1,5,1,737,0,0,0,0,0,0,1,0
red,0,1,0,432.7,0,5,0,738,0,0,0,0,0,0,1,0
red,0,1,0,479.7,0,5,0,739,0,0,0,0,0,0,1,0
red,0,1,0,436.7,0,5,0,740,0,0,0,0,0,0,1,0
green,1,1,1,463.5,0,5,1,741,0,0,0,0,0,0,1,0
red,1,1,0,500.5,1,5,0,742,0,0,0,0,0,0,1,0
red,0,1,0,355.5,0,5,0,743,0,0,0,0,0,0,1,0
red,1,1,0,432.5,1,5,0,744,0,0,0,0,0,0,1,0
green,1,1,1,565.5,0,5,1,745,0,0,0,0,0,0,1,0
green,1,1,1,382.5,0,5,1,746,0,0,0,0,0,0,1,0
red,0,1,0,547.4,0,5,0,747,0,0,0,0,0,0,1,0
green,1,1,1,370.4,0,5,1,748,0,0,0,0,0,0,1,0
green,1,1,1,353.4,0,5,1,749,0,0,0,0,0,0,1,0
red,0,1,0,350.4,0,5,0,750,0,0,0,0,0,0,1,0
red,0,1,0,323.3,0,5,0,751,0,0,0,0,0,0,1,0
red,0,1,0,336.3,0,5,0,752,0,0,0,0,0,0,1,0
green,1,1,1,495.7,0,5,1,753,0,0,0,0,0,0,1,0
green,1,1,1,390.3,0,5,1,754,0,0,0,0,0,0,1,0
green,1,1,1,411.2,0,5,1,755,0,0,0,0,0,0,1,0
red,0,1,0,402.2,0,5,0,756,0,0,0,0,0,0,1,0
red,0,1,0,353.2,0,5,0,757,0,0,0,0,0,0,1,0
green,0,1,1,494.2,1,5,1,758,0,0,0,0,0,0,1,0
red,0,1,0,371.4,0,5,0,759,0,0,0,0,0,0,1,0
green,1,1,1,362.2,0,5,1,760,0,0,0,0,0,0,1,0
green,1,1,1,439.2,0,5,1,761,0,0,0,0,0,0,1,0
green,1,1,1,356.1,0,5,1,762,0,0,0,0,0,0,1,0
red,0,1,0,411.1,0,5,0,763,0,0,0,0,0,0,1,0
red,1,1,0,472,1,5,0,764,0,0,0,0,0,0,1,0
green,1,1,1,415.1,0,5,1,765,0,0,0,0,0,0,1,0
red,0,1,0,380.1,0,5,0,766,0,0,0,0,0,0,1,0
green,1,1,1,499,0,5,1,767,0,0,0,0,0,0,1,0
red,0,1,0,352.2,0,5,0,768,0,0,0,0,0,0,1,0
green,1,1,1,431,0,5,1,769,0,0,0,0,0,0,1,0
green,1,1,1,404,0,5,1,770,0,0,0,0,0,0,1,0
red,0,1,0,365,0,5,0,771,0,0,0,0,0,0,1,0
red,0,1,0,378,0,5,0,772,0,0,0,0,0,0,1,0
green,1,1,1,423,0,5,1,773,0,0,0,0,0,0,1,0
red,0,1,0,373.9,0,5,0,774,0,0,0,0,0,0,1,0
red,0,1,0,363,0,5,0,775,0,0,0,0,0,0,1,0
green,1,1,1,405.9,0,5,1,776,0,0,0,0,0,0,1,0
red,0,1,0,754.8,0,5,0,777,0,0,0,0,0,0,1,0
red,0,1,0,368,0,5,0,778,0,0,0,0,0,0,1,0
green,1,1,1,358.8,0,5,1,779,0,0,0,0,0,0,1,0
green,0,1,1,507.8,1,5,1,780,0,0,0,0,0,0,1,0
red,1,1,0,474.8,1,5,0,781,0,0,0,0,0,0,1,0
red,0,1,0,601.8,0,5,0,782,0,0,0,0,0,0,1,0
green,1,1,1,494.8,0,5,1,783,0,0,0,0,0,0,1,0
red,0,1,0,403.8,0,5,0,784,0,0,0,0,0,0,1,0
green,1,1,1,478.7,0,5,1,785,0,0,0,0,0,0,1,0
red,1,1,0,499.6,1,5,0,786,0,0,0,0,0,0,1,0
green,1,1,1,580.7,0,5,1,787,0,0,0,0,0,0,1,0
green,1,1,1,361.7,0,5,1,788,0,0,0,0,0,0,1,0
red,0,1,0,352.6,0,5,0,789,0,0,0,0,0,0,1,0
green,0,0,0,399.6,1,5,0,790,0,0,0,0,0,0,1,0
red,0,1,0,460.6,0,5,0,791,0,0,0,0,0,0,1,0
red,0,1,0,441.6,0,5,0,792,0,0,0,0,0,0,1,0
red,0,1,0,672.6,0,5,0,793,0,0,0,0,0,0,1,0
green,0,1,1,509.7,1,5,1,794,0,0,0,0,0,0,1,0
green,0,1,1,426.6,1,5,1,795,0,0,0,0,0,0,1,0
red,0,1,0,511.5,0,5,0,796,0,0,0,0,0,0,1,0
green,1,1,1,358.5,0,5,1,797,0,0,0,0,0,0,1,0
green,1,1,1,379.5,0,5,1,798,0,0,0,0,0,0,1,0
green,1,1,1,392.6,0,5,1,799,0,0,0,0,0,0,1,0
red,1,1,0,421.5,1,5,0,800,0,0,0,0,0,0,1,0
green,0,1,1,563.3,1,6,1,801,0,0,0,0,0,0,0,1
green,1,1,1,538.3,0,6,1,802,0,0,0,0,0,0,0,1
red,0,1,0,383.4,0,6,0,803,0,0,0,0,0,0,0,1
red,0,1,0,366.2,0,6,0,804,0,0,0,0,0,0,0,1
green,1,1,1,365.2,0,6,1,805,0,0,0,0,0,0,0,1
green,1,1,1,370.2,0,6,1,806,0,0,0,0,0,0,0,1
green,1,1,1,327.2,0,6,1,807,0,0,0,0,0,0,0,1
red,0,1,0,364.2,0,6,0,808,0,0,0,0,0,0,0,1
red,1,1,0,425.2,1,6,0,809,0,0,0,0,0,0,0,1
green,1,1,1,358.2,0,6,1,810,0,0,0,0,0,0,0,1
green,1,1,1,423.2,0,6,1,811,0,0,0,0,0,0,0,1
green,0,1,1,452.1,1,6,1,812,0,0,0,0,0,0,0,1
green,1,1,1,467.1,0,6,1,813,0,0,0,0,0,0,0,1
red,0,1,0,392.1,0,6,0,814,0,0,0,0,0,0,0,1
red,0,1,0,505,0,6,0,815,0,0,0,0,0,0,0,1
red,1,1,0,550,1,6,0,816,0,0,0,0,0,0,0,1
red,0,1,0,379,0,6,0,817,0,0,0,0,0,0,0,1
green,1,1,1,418,0,6,1,818,0,0,0,0,0,0,0,1
red,0,1,0,377,0,6,0,819,0,0,0,0,0,0,0,1
red,0,1,0,318,0,6,0,820,0,0,0,0,0,0,0,1
green,1,1,1,410.9,0,6,1,821,0,0,0,0,0,0,0,1
red,1,1,0,705.9,1,6,0,822,0,0,0,0,0,0,0,1
green,1,1,1,382.9,0,6,1,823,0,0,0,0,0,0,0,1
red,0,1,0,323.9,0,6,0,824,0,0,0,0,0,0,0,1
red,0,1,0,346.9,0,6,0,825,0,0,0,0,0,0,0,1
green,1,1,1,469.8,0,6,1,826,0,0,0,0,0,0,0,1
red,0,1,0,362.8,0,6,0,827,0,0,0,0,0,0,0,1
green,1,1,1,425.8,0,6,1,828,0,0,0,0,0,0,0,1
red,0,1,0,400.7,0,6,0,829,0,0,0,0,0,0,0,1
green,1,1,1,429.7,0,6,1,830,0,0,0,0,0,0,0,1
red,0,1,0,363,0,6,0,831,0,0,0,0,0,0,0,1
green,1,1,1,391.7,0,6,1,832,0,0,0,0,0,0,0,1
red,0,1,0,388.7,0,6,0,833,0,0,0,0,0,0,0,1
green,1,1,1,473.7,0,6,1,834,0,0,0,0,0,0,0,1
red,0,1,0,372.6,0,6,0,835,0,0,0,0,0,0,0,1
green,1,1,1,369.6,0,6,1,836,0,0,0,0,0,0,0,1
green,0,1,1,494.6,1,6,1,837,0,0,0,0,0,0,0,1
green,0,1,1,549.6,1,6,1,838,0,0,0,0,0,0,0,1
red,1,1,0,378.6,1,6,0,839,0,0,0,0,0,0,0,1
red,0,1,0,393.6,0,6,0,840,0,0,0,0,0,0,0,1
red,1,1,0,448.6,1,6,0,841,0,0,0,0,0,0,0,1
red,1,1,0,445.6,1,6,0,842,0,0,0,0,0,0,0,1
green,1,1,1,628.7,0,6,1,843,0,0,0,0,0,0,0,1
red,1,1,0,427.5,1,6,0,844,0,0,0,0,0,0,0,1
red,0,1,0,618.4,0,6,0,845,0,0,0,0,0,0,0,1
red,0,1,0,527.4,0,6,0,846,0,0,0,0,0,0,0,1
green,0,1,1,534.4,1,6,1,847,0,0,0,0,0,0,0,1
red,1,1,0,493.4,1,6,0,848,0,0,0,0,0,0,0,1
green,0,1,1,458.3,1,6,1,849,0,0,0,0,0,0,0,1
red,1,1,0,689.5,1,6,0,850,0,0,0,0,0,0,0,1
red,1,1,0,514.3,1,6,0,851,0,0,0,0,0,0,0,1
red,1,1,0,471.4,1,6,0,852,0,0,0,0,0,0,0,1
green,0,1,1,418.3,1,6,1,853,0,0,0,0,0,0,0,1
red,1,1,0,561.2,1,6,0,854,0,0,0,0,0,0,0,1
green,0,1,1,390.3,1,6,1,855,0,0,0,0,0,0,0,1
green,0,1,1,403.2,1,6,1,856,0,0,0,0,0,0,0,1
green,0,1,1,434.2,1,6,1,857,0,0,0,0,0,0,0,1
green,0,1,1,447.2,1,6,1,858,0,0,0,0,0,0,0,1
red,0,1,0,412.2,0,6,0,859,0,0,0,0,0,0,0,1
green,1,1,1,377.2,0,6,1,860,0,0,0,0,0,0,0,1
green,1,1,1,406.2,0,6,1,861,0,0,0,0,0,0,0,1
green,0,1,1,517.2,1,6,1,862,0,0,0,0,0,0,0,1
red,1,1,0,474.2,1,6,0,863,0,0,0,0,0,0,0,1
red,1,1,0,439.3,1,6,0,864,0,0,0,0,0,0,0,1
red,0,1,0,436.2,0,6,0,865,0,0,0,0,0,0,0,1
red,1,1,0,329.2,1,6,0,866,0,0,0,0,0,0,0,1
green,0,1,1,446.1,1,6,1,867,0,0,0,0,0,0,0,1
red,1,1,0,451.1,1,6,0,868,0,0,0,0,0,0,0,1
green,0,1,1,394.1,1,6,1,869,0,0,0,0,0,0,0,1
red,1,1,0,507.1,1,6,0,870,0,0,0,0,0,0,0,1
red,1,1,0,434.1,1,6,0,871,0,0,0,0,0,0,0,1
green,0,1,1,399.1,1,6,1,872,0,0,0,0,0,0,0,1
green,0,1,1,372.1,1,6,1,873,0,0,0,0,0,0,0,1
green,1,1,1,641,0,6,1,874,0,0,0,0,0,0,0,1
green,0,1,1,446,1,6,1,875,0,0,0,0,0,0,0,1
green,0,1,1,453.1,1,6,1,876,0,0,0,0,0,0,0,1
red,1,1,0,538,1,6,0,877,0,0,0,0,0,0,0,1
green,0,1,1,844.9,1,6,1,878,0,0,0,0,0,0,0,1
red,1,1,0,585.9,1,6,0,879,0,0,0,0,0,0,0,1
green,0,1,1,425,1,6,1,880,0,0,0,0,0,0,0,1
red,1,1,0,485.9,1,6,0,881,0,0,0,0,0,0,0,1
red,1,1,0,498.9,1,6,0,882,0,0,0,0,0,0,0,1
red,1,1,0,503.9,1,6,0,883,0,0,0,0,0,0,0,1
green,1,1,1,468.9,0,6,1,884,0,0,0,0,0,0,0,1
red,0,1,0,353.9,0,6,0,885,0,0,0,0,0,0,0,1
red,1,1,0,478.8,1,6,0,886,0,0,0,0,0,0,0,1
red,1,1,0,537.8,1,6,0,887,0,0,0,0,0,0,0,1
red,1,1,0,390.8,1,6,0,888,0,0,0,0,0,0,0,1
green,0,1,1,421.8,1,6,1,889,0,0,0,0,0,0,0,1
red,0,1,0,426.8,0,6,0,890,0,0,0,0,0,0,0,1
green,0,1,1,465.8,1,6,1,891,0,0,0,0,0,0,0,1
green,0,1,1,606.8,1,6,1,892,0,0,0,0,0,0,0,1
red,1,1,0,387.8,1,6,0,893,0,0,0,0,0,0,0,1
green,0,1,1,442.8,1,6,1,894,0,0,0,0,0,0,0,1
red,1,1,0,369.7,1,6,0,895,0,0,0,0,0,0,0,1
green,0,1,1,342.7,1,6,1,896,0,0,0,0,0,0,0,1
green,0,1,1,421.7,1,6,1,897,0,0,0,0,0,0,0,1
red,1,1,0,530.6,1,6,0,898,0,0,0,0,0,0,0,1
green,1,1,1,367.6,0,6,1,899,0,0,0,0,0,0,0,1
green,0,1,1,472.5,1,6,1,900,0,0,0,0,0,0,0,1
green,0,1,1,397.5,1,6,1,901,0,0,0,0,0,0,0,1
green,0,1,1,778.4,1,6,1,902,0,0,0,0,0,0,0,1
green,0,1,1,343.5,1,6,1,903,0,0,0,0,0,0,0,1
green,0,1,1,366.5,1,6,1,904,0,0,0,0,0,0,0,1
green,0,1,1,341.5,1,6,1,905,0,0,0,0,0,0,0,1
red,1,1,0,402.5,1,6,0,906,0,0,0,0,0,0,0,1
red,0,1,0,375.6,0,6,0,907,0,0,0,0,0,0,0,1
green,0,1,1,396.5,1,6,1,908,0,0,0,0,0,0,0,1
green,0,1,1,331.8,1,6,1,909,0,0,0,0,0,0,0,1
red,1,1,0,808.4,1,6,0,910,0,0,0,0,0,0,0,1
green,0,1,1,431.4,1,6,1,911,0,0,0,0,0,0,0,1
red,1,1,0,390.4,1,6,0,912,0,0,0,0,0,0,0,1
green,1,1,1,411.4,0,6,1,913,0,0,0,0,0,0,0,1
red,1,0,1,354.3,1,6,1,914,0,0,0,0,0,0,0,1
green,0,1,1,453.4,1,6,1,915,0,0,0,0,0,0,0,1
red,0,1,0,436.5,0,6,0,916,0,0,0,0,0,0,0,1
red,1,1,0,497.3,1,6,0,917,0,0,0,0,0,0,0,1
red,1,1,0,440.5,1,6,0,918,0,0,0,0,0,0,0,1
green,1,1,1,449.3,0,6,1,919,0,0,0,0,0,0,0,1
red,1,1,0,534.3,1,6,0,920,0,0,0,0,0,0,0,1
red,1,1,0,435.3,1,6,0,921,0,0,0,0,0,0,0,1
green,0,1,1,420.2,1,6,1,922,0,0,0,0,0,0,0,1
red,0,1,0,571.2,0,6,0,923,0,0,0,0,0,0,0,1
red,1,1,0,400.2,1,6,0,924,0,0,0,0,0,0,0,1
red,1,1,0,461.2,1,6,0,925,0,0,0,0,0,0,0,1
red,0,1,0,458.2,0,6,0,926,0,0,0,0,0,0,0,1
green,1,1,1,399.2,0,6,1,927,0,0,0,0,0,0,0,1
red,1,1,0,542.1,1,6,0,928,0,0,0,0,0,0,0,1
green,0,1,1,443.1,1,6,1,929,0,0,0,0,0,0,0,1
green,0,1,1,480.1,1,6,1,930,0,0,0,0,0,0,0,1
red,0,1,0,639,0,6,0,931,0,0,0,0,0,0,0,1
red,1,1,0,530,1,6,0,932,0,0,0,0,0,0,0,1
red,1,1,0,511,1,6,0,933,0,0,0,0,0,0,0,1
red,1,1,0,404,1,6,0,934,0,0,0,0,0,0,0,1
green,0,1,1,385,1,6,1,935,0,0,0,0,0,0,0,1
green,0,1,1,439.9,1,6,1,936,0,0,0,0,0,0,0,1
red,1,1,0,391,1,6,0,937,0,0,0,0,0,0,0,1
green,0,1,1,907.9,1,6,1,938,0,0,0,0,0,0,0,1
green,1,1,1,377,0,6,1,939,0,0,0,0,0,0,0,1
red,1,1,0,391.9,1,6,0,940,0,0,0,0,0,0,0,1
red,1,1,0,516.9,1,6,0,941,0,0,0,0,0,0,0,1
red,1,1,0,475.9,1,6,0,942,0,0,0,0,0,0,0,1
green,0,1,1,481,1,6,1,943,0,0,0,0,0,0,0,1
red,1,1,0,641.9,1,6,0,944,0,0,0,0,0,0,0,1
green,0,1,1,376.9,1,6,1,945,0,0,0,0,0,0,0,1
red,1,1,0,413.8,1,6,0,946,0,0,0,0,0,0,0,1
green,0,1,1,364.8,1,6,1,947,0,0,0,0,0,0,0,1
green,0,1,1,497.8,1,6,1,948,0,0,0,0,0,0,0,1
green,1,1,1,788.8,0,6,1,949,0,0,0,0,0,0,0,1
red,1,1,0,441.8,1,6,0,950,0,0,0,0,0,0,0,1
red,1,1,0,470.9,1,6,0,951,0,0,0,0,0,0,0,1
green,1,1,1,411.7,0,6,1,952,0,0,0,0,0,0,0,1
green,0,1,1,506.7,1,6,1,953,0,0,0,0,0,0,0,1
green,0,1,1,407.8,1,6,1,954,0,0,0,0,0,0,0,1
green,0,1,1,524.7,1,6,1,955,0,0,0,0,0,0,0,1
green,0,1,1,449.7,1,6,1,956,0,0,0,0,0,0,0,1
green,0,1,1,360.7,1,6,1,957,0,0,0,0,0,0,0,1
red,1,1,0,509.7,1,6,0,958,0,0,0,0,0,0,0,1
red,0,1,0,380.6,0,6,0,959,0,0,0,0,0,0,0,1
green,0,1,1,467.7,1,6,1,960,0,0,0,0,0,0,0,1