P_diff,congruency,hand,postError,block1,block2,block3,P,congruency.1,hand.1,postError.1,block1.1,block2.1,block3.1,p_DIFF,CONGRUENCY,HAND,POSTeRROR,BLOCK1,BLOCK2,BLOCK3,p,CONGRUENCY.1,HAND.1,POSTeRROR.1,BLOCK1.1,BLOCK2.1,BLOCK3.1,rSquared,LLH,AIC,BIC,MSE,model,alpha,subject
-12.701993764529838,9.882442069156346,2.635612604485732,14.172618363795285,175.1260066971112,182.19298455377324,186.02905084930103,-12.70199376452974,9.882442069156225,2.6356126044857886,14.172618363795273,175.1260066971112,182.19298455377358,186.0290508493013,8.773418965017212e-10,3.4895259609086664e-09,0.05901984077019633,0.040527572806630115,0.0,0.0,0.0,8.773418965019705e-10,3.489525960910079e-09,0.059019840770190776,0.04052757280663037,0.0,0.0,0.0,0.1146634299936039,-6710.619227934093,13423.238455868186,13428.378908911289,2433.3366441371804,AB_Q_WOB,0.5712464292819753,sub01
-28.471873034509283,-3.839313594140697,-2.5724481474102285,42.28953663436771,191.93857880629383,186.33025166116641,180.74381776091667,-28.47187303450934,-3.839313594140637,-2.572448147410232,42.28953663436771,191.93857880629372,186.33025166116641,180.7438177609169,5.523660331850684e-22,0.0372924639707737,0.09639242943979227,1.4746796709927931e-06,0.0,0.0,0.0,5.523660331849376e-22,0.037292463970776485,0.096392429439792,1.4746796709927959e-06,0.0,0.0,0.0,0.11482261996764898,-6883.163986048518,13768.327972097037,13773.473956564749,3011.5937731216945,AB_Q_WOB,0.28208799254277844,sub02
5.968251085036008,11.94982228328007,18.640707749894663,7.821287436618036,185.49740743234744,183.57849424120639,190.33302987779868,5.968251085035903,11.94982228328011,18.640707749894634,7.821287436617857,185.4974074323471,183.57849424120627,190.33302987779857,0.3258399643034323,4.3799442294896964e-06,1.4838179455301375e-19,0.15138803022751274,0.0,0.0,0.0,0.3258399643034404,4.379944229489388e-06,1.4838179455303612e-19,0.1513880302275224,0.0,0.0,0.0,0.08584111564281449,-6948.190476982958,13898.380953965916,13903.490833428987,4990.919030007172,AB_Q_WOB,0.012367610470592951,sub04
-20.290745882599506,8.56255760094281,-3.6983663860200497,9.77739782262008,183.29571290665334,173.3430276414503,173.69241535062162,-20.29074588259966,8.562557600942746,-3.6983663860200555,9.777397822620108,183.2957129066535,173.34302764145062,173.69241535062153,3.757815639877945e-09,0.0004943956581623318,0.06726061215248831,0.05068315842086265,0.0,0.0,0.0,3.757815639876944e-09,0.000494395658162374,0.06726061215248799,0.050683158420862025,0.0,0.0,0.0,0.06665215606901997,-6888.262478097395,13778.52495619479,13783.627455550564,4918.833074071009,AB_Q_WOB,0.4105398252586739,sub13
-21.332142105954386,-13.052630726394847,-6.354209601659735,9.621935833712737,212.25079454302363,201.7721960539719,203.9983716452412,-21.33214210595422,-13.052630726394876,-6.354209601659676,9.621935833712712,212.2507945430236,201.77219605397175,203.9983716452417,3.3150027395590234e-06,1.6142094691071853e-06,0.004864933341334084,0.04249264544500545,0.0,0.0,0.0,3.315002739559569e-06,1.6142094691070782e-06,0.004864933341334462,0.042492645445005715,0.0,0.0,0.0,0.07039948266571228,-6888.589919282143,13779.179838564285,13784.264902858235,6007.713557867498,AB_Q_WOB,0.2546076945465481,sub14
-18.39157964160071,5.896439441928144,7.98675260029573,29.337313314525925,199.85855021002155,214.69320844726624,236.96107012459683,-18.391579641600774,5.89643944192812,7.986752600295677,29.337313314526092,199.85855021002172,214.6932084472664,236.96107012459703,0.000280350197306045,0.08155374680788254,0.0047857699744579,0.011500642659094007,0.0,0.0,0.0,0.0002803501973060267,0.08155374680788396,0.004785769974458173,0.011500642659093764,0.0,0.0,0.0,0.1067974361626448,-7537.77550564529,15077.55101129058,15082.68350884224,9929.822312553912,AB_Q_WOB,0.3453013445832434,sub15
-38.562129640789735,12.587637463425894,6.606348576431242,17.828668135369274,166.39757590165638,160.85181198171406,184.7823060450504,-38.56212964078973,12.587637463425848,6.606348576431357,17.828668135369266,166.39757590165618,160.85181198171395,184.78230604505023,4.080899846079908e-17,8.761165829655144e-05,0.011793298143893485,0.009015445373283776,0.0,4.3541807368102693e-252,0.0,4.0808998460797897e-17,8.761165829655647e-05,0.011793298143891916,0.009015445373283812,0.0,4.3541807368102693e-252,0.0,0.12128778510381287,-7262.915755022826,14527.831510045651,14532.941389508724,8352.544540282106,AB_Q_WOB,0.35763236592004044,sub16
-12.159932310232838,6.974402292855974,10.325011614222145,-0.9572598599122549,174.87219343064854,168.35411142637156,182.11538228198532,-12.159932310232813,6.974402292855981,10.325011614222161,-0.9572598599122408,174.87219343064842,168.3541114263713,182.1153822819854,4.3007659235445696e-05,0.0121625030660903,9.874667843380968e-06,0.8964335941679842,0.0,0.0,0.0,4.3007659235446665e-05,0.0121625030660903,9.874667843380694e-06,0.8964335941679857,0.0,0.0,0.0,0.0485081621049549,-7249.452792677143,14500.905585354287,14506.03247616319,6686.395582813192,AB_Q_WOB,0.7574886815870635,sub33
-20.25658420973861,2.7348226326882696,-4.7832283037428835,16.26258635899791,193.43385207184102,198.6761857637022,200.58881938375188,-20.256584209738588,2.734822632688319,-4.783228303743104,16.262586358997904,193.43385207184096,198.67618576370214,200.58881938375183,1.2395207233743556e-10,0.2984099277439081,0.03235469547287026,0.016001972539343434,0.0,0.0,0.0,1.2395207233744187e-10,0.2984099277438994,0.032354695472862516,0.016001972539343476,0.0,0.0,0.0,0.05087734770983965,-7155.0684258273905,14312.136851654781,14317.258104108025,6131.356125916712,AB_Q_WOB,0.6275197961110309,sub34
-23.385892812358584,6.377062445103923,11.403003753926455,24.3747788701616,190.75172520040698,192.00048518620054,189.4731947355984,-23.385892812358566,6.377062445103955,11.403003753926495,24.374778870161663,190.75172520040692,192.00048518620065,189.4731947355984,3.725891187111269e-10,0.0291720383753123,3.8907237536506636e-06,0.004028125018391654,0.0,0.0,0.0,3.725891187111391e-10,0.029172038375311463,3.890723753650348e-06,0.004028125018391561,0.0,0.0,0.0,0.06658265815712072,-7344.9113566844835,14691.822713368967,14696.952811879097,7505.490647250124,AB_Q_WOB,0.5417479001500898,sub35
-34.921861253915466,-4.854639686357671,5.747351714445816,-5.3958157154786015,238.63249913449891,251.48274168079251,230.420960717756,-34.92186125391555,-4.854639686357547,5.747351714445786,-5.395815715478624,238.63249913449883,251.4827416807928,230.4209607177561,4.821122269913793e-06,0.4170378623309965,0.25742231385507264,0.8117113632092012,1.1174006900531824e-230,5.6565186301016695e-195,6.780596436128924e-219,4.8211222699135594e-06,0.417037862331008,0.2574223138550749,0.8117113632092002,1.1174006900533094e-230,5.6565186300962004e-195,6.780596436131239e-219,0.02491378388315169,-8249.626025402169,16501.252050804338,16506.382149314464,31955.275068303185,AB_Q_WOB,0.5547493801166885,sub36
-24.262721806425358,11.857551415846592,10.337403732928317,-3.2272978567999036,184.98545689841296,183.07355877076157,179.33549905507735,-24.262721806425372,11.857551415846656,10.337403732928317,-3.2272978567998414,184.98545689841282,183.07355877076137,179.33549905507735,1.192213036930392e-09,1.8916808376706187e-05,5.263029316688556e-06,0.5546302373147939,0.0,0.0,0.0,1.192213036930318e-09,1.8916808376703294e-05,5.263029316688614e-06,0.5546302373148018,0.0,0.0,0.0,0.08336387369027165,-7042.566742208514,14087.133484417029,14092.238449865295,6162.71025010296,AB_Q_WOB,0.3644476770045829,sub37
-17.515700548592793,7.976504915520628,5.1823372191792165,-13.552845680275945,187.36085201968498,192.72081397885376,192.15885423280326,-17.51570054859276,7.976504915520524,5.18233721917914,-13.55284568027596,187.36085201968476,192.72081397885339,192.15885423280344,1.8411171634483174e-09,0.006816121977903857,0.033509845271379166,0.0153692096902611,0.0,0.0,0.0,1.841117163448492e-09,0.006816121977904602,0.033509845271381906,0.015369209690260906,0.0,0.0,0.0,0.05955817207761582,-6867.103295406621,13736.206590813244,13741.276464941699,6910.89754924333,AB_Q_WOB,0.8542923703441914,sub38
-31.435159978789486,0.6316534095103352,17.16678838307483,14.75530631048107,179.0089781863319,170.9235609941365,159.50238513650032,-31.43515997878954,0.6316534095102311,17.166788383074884,14.75530631048115,179.00897818633197,170.9235609941367,159.50238513650032,4.616966721722921e-19,0.8149117977612561,7.822415234949453e-14,0.06865546826373284,0.0,0.0,0.0,4.616966721722125e-19,0.8149117977612857,7.822415234947955e-14,0.06865546826373141,0.0,0.0,0.0,0.1340633255220648,-7220.409238986214,14442.818477972429,14447.945368781327,6381.598669822192,AB_Q_WOB,0.5164934404501466,sub39
-25.68753095710186,1.3032346263062549,-7.927812756168527,2.3112712222800504,183.6588688233764,198.5665002573382,186.59735210158178,-25.687530957102,1.3032346263062289,-7.927812756168518,2.31127122227998,183.65886882337622,198.56650025733813,186.59735210158172,5.410946636205892e-10,0.5607805752878121,1.453024180143613e-05,0.634988372005576,0.0,0.0,0.0,5.410946636204729e-10,0.5607805752878199,1.4530241801436373e-05,0.6349883720055862,0.0,0.0,0.0,0.09016987388959784,-6878.812362382914,13759.624724765828,13764.742740970292,4068.084023562331,AB_Q_WOB,0.10315460158563312,sub40
-23.296497247431397,-5.149515641940008,-5.096972315176538,14.511100875255046,202.1859320974096,204.4673897946824,195.978269141416,-23.296497247431393,-5.149515641940072,-5.096972315176581,14.511100875254845,202.1859320974096,204.4673897946823,195.9782691414159,1.8814987583457267e-20,0.028064460845610845,0.009991942059909827,0.03344435911895773,0.0,0.0,0.0,1.8814987583457543e-20,0.028064460845608933,0.00999194205990916,0.03344435911896022,0.0,0.0,0.0,0.0996339781962624,-7083.941337775774,14169.882675551547,14175.014374062017,4853.072572376589,AB_Q_WOB,0.7761986101053865,sub09
-17.663681896434852,4.599366829655232,7.16081924196497,26.53213024705124,199.39368543081082,196.85277716907424,185.44986390828856,-17.663681896434923,4.599366829655127,7.160819241964827,26.532130247051054,199.39368543081054,196.85277716907453,185.4498639082885,1.0264607617456873e-07,0.0900907248027634,0.001868299669870661,0.08966391034111339,0.0,0.0,3e-323,1.0264607617455477e-07,0.090090724802771,0.0018682996698710624,0.08966391034111533,0.0,0.0,3e-323,0.05117085989212744,-7398.641785670106,14799.283571340213,14804.4311306114,6663.230014068031,AB_Q_WOB,0.609544743192558,sub10
-24.470957357053962,-4.629758972793557,-6.2677519460844735,0.5045886379822209,205.9090356035431,201.66266731084787,197.55411427952262,-24.47095735705423,-4.629758972793742,-6.2677519460842825,0.5045886379822647,205.90903560354312,201.66266731084758,197.5541142795225,3.673113537454756e-05,0.1979019870059259,0.02954844314999581,0.9233356713674132,8.867297080553546e-231,1.0375243031739584e-300,1.0907955920814015e-219,3.6731135374539904e-05,0.19790198700590872,0.029548443150000676,0.9233356713674066,8.86729708055254e-231,1.0375243031745484e-300,1.090795592081587e-219,0.031097577743992463,-6927.460780218106,13856.921560436213,13861.97341605917,9487.458203441,AB_Q_WOB,0.2229308122435554,sub11
-10.81167996209914,-2.9372952195283224,12.638276400753098,-1.4809860489669109,185.39965644843886,178.2468084820097,180.18159566634284,-10.8116799620992,-2.9372952195282944,12.638276400753277,-1.4809860489669024,185.39965644843886,178.24680848200958,180.1815956663429,0.00033218844133661984,0.2459666415189141,4.464313014724008e-09,0.8427459737299421,0.0,0.0,0.0,0.00033218844133658774,0.2459666415189184,4.464313014721839e-09,0.8427459737299431,0.0,0.0,0.0,0.0451665356279114,-7095.980640324809,14193.961280649619,14199.081725022012,5625.189882290962,AB_Q_WOB,0.6237984026348806,sub12
-13.442431458530862,3.0735441432370334,2.70540000758062,-5.4015833134878966,155.85094315257876,163.61783967977547,161.34722888583678,-13.44243145853084,3.073544143237002,2.7054000075804927,-5.401583313487958,155.85094315257876,163.6178396797756,161.3472288858367,9.261408334105777e-06,0.09002958377091977,0.06934193389376697,0.1844147901081535,0.0,0.0,0.0,9.261408334105986e-06,0.09002958377092306,0.06934193389378017,0.18441479010814846,0.0,0.0,0.0,0.03003505762451641,-6629.574389830577,13261.148779661155,13266.266795865622,2716.564952672529,AB_Q_WOB,0.2211058408453346,sub17
-14.534435258936815,0.0009065431995340377,-1.7595310724897535,-3.83773990094251,211.38446739638425,229.98578818177296,213.0616599026488,-14.534435258936627,0.0009065431994033647,-1.7595310724896218,-3.8377399009426933,211.38446739638408,229.98578818177316,213.06165990264856,0.01504647777481569,0.9998272645827132,0.6103105342146674,0.5963095173206672,5.31490288094318e-206,4.1488976749379444e-298,1.0154864324093954e-204,0.015046477774817043,0.9998272645827382,0.6103105342146942,0.5963095173206494,5.314902880942274e-206,4.1488976749379444e-298,1.0154864324093954e-204,0.025172762688675517,-7256.9729004122,14515.9458008244,14521.013120673051,13842.215039452154,AB_Q_WOB,0.4136281236903783,sub18
-31.25452447447012,0.6516068069118748,20.59036019558456,-10.03640051924046,180.75609814986112,178.51872205595242,185.7823880049455,-31.254524474470106,0.6516068069118159,20.59036019558448,-10.036400519240331,180.75609814986115,178.5187220559521,185.78238800494546,3.415173770432594e-05,0.8614062925364707,2.2811072563582564e-11,0.04980263600780312,1.869598027412554e-166,1.2622374033191298e-226,5.320075157191144e-173,3.415173770432634e-05,0.8614062925364829,2.2811072563587114e-11,0.04980263600780587,1.869598027412554e-166,1.2622374033201352e-226,5.320075157188722e-173,0.05847163851958492,-6902.836770341014,13807.673540682028,13812.713201031893,10542.81772472064,AB_Q_WOB,0.057471308492193715,sub19
-18.338029765380565,0.06549632217697643,3.635467523873297,19.8292378168872,198.07683643618333,202.94204333713313,210.98360761830426,-18.33802976538065,0.06549632217693148,3.6354675238733924,19.82923781688731,198.07683643618327,202.94204333713301,210.98360761830443,2.0921433524605133e-09,0.9824314813848098,0.14800253549266632,0.0016625426422430345,0.0,0.0,0.0,2.092143352460155e-09,0.982431481384822,0.14800253549265574,0.001662542642242942,0.0,0.0,0.0,0.054304496313308914,-7216.642890797645,14435.28578159529,14440.396477718268,7668.56735134925,AB_Q_WOB,0.8210834057716824,sub20
-15.31186765987514,3.8669172634078697,-1.0384845869810122,8.191212843409621,206.20397405624308,211.90477935025157,203.92185121637058,-15.31186765987515,3.8669172634079465,-1.038484586981077,8.191212843409609,206.20397405624303,211.90477935025186,203.92185121637073,7.936764971880566e-09,0.16955354403522596,0.6681031640638044,0.4631209927745492,0.0,0.0,0.0,7.936764971880334e-09,0.1695535440352171,0.6681031640637851,0.46312099277455004,0.0,0.0,0.0,0.030982831454769544,-7363.781283430945,14729.56256686189,14734.697457713457,7325.941799549847,AB_Q_WOB,0.9514999607113728,sub41
-9.268799636441717,0.4325127443541032,9.230373502067225,19.60286216256928,197.8892610835502,223.30706822458686,220.49735418432803,-9.268799636441923,0.4325127443541004,9.230373502067382,19.602862162569327,197.8892610835501,223.30706822458697,220.49735418432797,0.00827798709209231,0.9027051892445008,0.0017774106666128265,0.004038172413658746,1.0045695019324543e-258,0.0,2.3889785311683767e-295,0.008277987092090834,0.9027051892445016,0.0017774106666125031,0.004038172413658663,1.004569501932683e-258,0.0,2.3889785311675627e-295,0.07037061562121605,-7182.897968718163,14367.795937436324,14372.87764602243,10240.893399553572,AB_Q_WOB,0.8420429702316184,sub42
-11.745087270683408,3.271868368508964,-0.6609855374338935,3.3187054324033785,214.47708289870758,202.30566811092683,204.86306672780108,-11.7450872706833,3.271868368508992,-0.660985537433878,3.318705432403444,214.4770828987075,202.30566811092672,204.86306672780097,0.0038069946818883923,0.40483542761034175,0.842085571661708,0.5751511008448239,3.827712932999071e-252,9.820108951799645e-308,3.476238885959785e-234,0.00380699468188871,0.404835427610338,0.8420855716617118,0.5751511008448165,3.827712932999071e-252,9.820108951802997e-308,3.476238885959785e-234,0.018458446867418155,-7045.626057981171,14093.252115962341,14098.297892539218,12540.676883495571,AB_Q_WOB,0.819551944995662,sub43
-21.15363991587537,1.4741939642512,9.246451037063869,39.53442444390989,203.78835045951075,219.79239699277062,215.03159576757344,-21.153639915875456,1.4741939642512294,9.246451037063846,39.53442444390983,203.78835045951084,219.79239699277056,215.03159576757358,0.0007221892983367067,0.6493925460690868,0.00042929788367467963,1.828208883710662e-05,2.047179217580339e-250,0.0,1.632995800622684e-268,0.0007221892983366691,0.6493925460690801,0.0004292978836746925,1.8282088837107337e-05,2.047179217580339e-250,0.0,1.6329958006224985e-268,0.05194149795700853,-7455.615961364793,14913.231922729587,14918.366016450782,8561.997992424243,AB_Q_WOB,0.03499046887174527,sub44
-12.633018156541555,-2.112950600464739,6.310498975831113,18.614670882709166,190.58410343058372,192.3824785836952,195.35442186388087,-12.633018156541507,-2.1129506004647567,6.310498975831141,18.614670882709067,190.58410343058358,192.3824785836952,195.35442186388082,4.7101153392275495e-08,0.3197296801667064,0.00045633080208645066,0.0003214903750945684,0.0,0.0,0.0,4.710115339228082e-08,0.31972968016670256,0.0004563308020864258,0.0003214903750945924,0.0,0.0,0.0,0.053494353870749634,-6847.002390837056,13696.004781674112,13701.121175818203,3933.8974418830817,AB_Q_WOB,0.7485655965546657,sub45
-23.653601780773286,-5.1890331365978986,3.6714154332746833,13.368942469326091,235.70823422360692,245.73980554319508,238.89397792197929,-23.653601780773162,-5.189033136597992,3.6714154332746034,13.36894246932613,235.70823422360715,245.7398055431952,238.89397792197903,3.1829838819027756e-05,0.15485036001169597,0.22825573543248,0.21933035615470944,7.201407740787695e-280,0.0,2.8383725479373486e-284,3.182983881903098e-05,0.15485036001168853,0.22825573543249006,0.2193303561547085,7.201407740787695e-280,0.0,2.8383725479373486e-284,0.030318943767269287,-7610.77694656221,15223.55389312442,15228.683991634543,11488.658867349826,AB_Q_WOB,0.30822945884215786,sub46
-8.240450643643033,-1.9065836734609956,2.2723205837828653,-7.441480705637122,209.3903929282357,191.94509477216,191.79637591975856,-8.240450643643106,-1.9065836734609083,2.272320583782861,-7.441480705637232,209.39039292823585,191.9450947721598,191.79637591975862,0.00411321147322229,0.41737022921948985,0.25491395314656234,0.2109947836449955,0.0,0.0,0.0,0.00411321147322202,0.4173702292195113,0.2549139531465633,0.21099478364498966,0.0,0.0,0.0,0.057088070651670535,-7009.109047038401,14020.2180940768,14025.338538449194,4888.101151405616,AB_Q_WOB,0.6008456529801733,sub47
-26.767916544935947,-1.8092436900528168,8.40472888626371,23.664980533520694,196.14846864329868,196.95663272448056,218.6964607816088,-26.767916544936032,-1.809243690052762,8.404728886263825,23.664980533520623,196.1484686432986,196.95663272448056,218.69646078160844,1.2489129466645812e-12,0.5865686112555017,0.0027537040658569714,0.020282217797126988,4.5658368790439193e-278,0.0,3.5303085e-317,1.2489129466643326e-12,0.5865686112555131,0.0027537040658565967,0.02028221779712731,4.5658368790454776e-278,0.0,3.5303085e-317,0.0859996495170473,-7474.893651376678,14951.787302753351,14956.913390026653,9701.134298193832,AB_Q_WOB,0.6927963447218807,sub48
-49.46777678109401,6.947783004177484,-8.05949539909253,8.781065630093964,203.64203463289311,196.48513524823582,193.42356051440294,-49.467776781094024,6.947783004177389,-8.059495399092718,8.781065630093968,203.64203463289311,196.4851352482359,193.42356051440305,9.0615425757284e-05,0.0002484732638542792,2.091014667433464e-05,0.461985543603068,1.1586749343165611e-153,4.0392841321101746e-147,3.1549188661590764e-143,9.061542575728355e-05,0.0002484732638543293,2.0910146674325586e-05,0.4619855436030677,1.1586749343169567e-153,4.039284132107188e-147,3.154918866155844e-143,0.053212562265231855,-7112.1497617211135,14226.299523442223,14231.442350843388,4476.641979231523,AB_Q_WOB,0.06357700004969608,sub05
-4.305512101010379,0.004623139587419223,5.9140756873749165,7.421249877918669,181.34493956979915,181.3118474660109,183.7168359569352,-4.305512101010273,0.004623139587401626,5.914075687374942,7.421249877918589,181.34493956979918,181.31184746601085,183.71683595693506,0.010812706163987234,0.99771817425486,0.0002629373429566849,0.32146496089350873,0.0,0.0,0.0,0.01081270616398925,0.9977181742548688,0.00026293734295667346,0.3214649608935145,0.0,0.0,0.0,0.017716908879870985,-6892.370286077714,13786.740572155428,13791.880232491392,3277.412111419509,AB_Q_WOB,0.9587763371512248,sub06
-4.7282019803716535,5.131511905159681,27.375511189147588,12.087926196899204,200.33057698694302,220.01154983912068,227.60274535482597,-4.7282019803716215,5.131511905159808,27.375511189147662,12.087926196899176,200.3305769869431,220.01154983912076,227.60274535482586,0.2449963630694155,0.10685972152741263,2.2121285303543673e-17,0.15748648507686988,4.4254714753540026e-290,0.0,0.0,0.24499636306941855,0.10685972152740376,2.2121285303539846e-17,0.15748648507687016,4.425471475353501e-290,0.0,0.0,0.09809621685032943,-7512.674804783842,15027.349609567684,15032.46112168418,12304.371574509963,AB_Q_WOB,0.7686480567778503,sub07
-8.425216768922478,14.970142688543028,2.5623488986391534,16.740458197112922,176.8757649850799,177.91821176033162,181.6012585792152,-8.425216768922423,14.970142688542992,2.562348898639121,16.740458197112993,176.87576498507997,177.91821176033181,181.60125857921506,0.08130862104682457,5.540129432035532e-06,0.4350470194531122,0.019964212464894143,1.3039108033633592e-220,1.5970082648064706e-225,2.0096976574190151e-237,0.08130862104682676,5.540129432035778e-06,0.4350470194531176,0.01996421246489364,1.3039108033632849e-220,1.5970082648057432e-225,2.0096976574194718e-237,0.02625401317091036,-7079.238682761561,14160.477365523122,14165.529221146078,12339.184427675187,AB_Q_WOB,0.6201575803028806,sub08
-12.603729394651674,4.716727212363356,5.026665275386208,17.523128701406613,194.74553522950276,186.8434422883054,189.72867890326,-12.603729394651618,4.716727212363387,5.0266652753862635,17.523128701406606,194.74553522950268,186.8434422883056,189.7286789032601,6.935354230653401e-11,0.006855459758155926,0.003997586736824096,0.002548829958366159,0.0,0.0,0.0,6.935354230654736e-11,0.0068554597581555535,0.0039975867368236325,0.002548829958366153,0.0,0.0,0.0,0.061895349371248964,-6920.360771841374,13842.721543682748,13847.852442513047,3769.509509372758,AB_Q_WOB,0.9050222256259532,sub21
-13.748141563317757,-0.3970552112677868,-7.394958727857138,6.836289189216883,204.82953888657738,205.84098141914237,211.71169118973899,-13.748141563317681,-0.3970552112678508,-7.394958727857244,6.836289189216847,204.8295388865773,205.84098141914262,211.71169118973907,2.3216990016628142e-08,0.8569521472105215,0.0008073090991621013,0.4374644296793812,0.0,0.0,0.0,2.321699001663252e-08,0.8569521472104986,0.0008073090991619693,0.43746442967938337,0.0,0.0,0.0,0.03817363658657536,-7231.952748054924,14465.905496109848,14471.038792064744,6036.47873985248,AB_Q_WOB,0.8950874487972731,sub22
-19.828822258141845,0.1366987027405399,6.5772668494479545,7.040565492912152,159.4893659851011,153.04234079328626,148.25918572177656,-19.82882225814177,0.13669870274055745,6.577266849448044,7.040565492912059,159.489365985101,153.04234079328614,148.25918572177653,0.0075077825043472985,0.9261320382265692,8.878772687077603e-06,0.07716563955147407,2.902274047016627e-215,1.7834303900282412e-206,5.454983734742714e-194,0.007507782504347578,0.9261320382265598,8.878772687075063e-06,0.07716563955147829,2.902274047017287e-215,1.7834303900279366e-206,5.454983734739922e-194,0.05217957901067527,-6611.627869916534,13225.255739833072,13230.372945336232,2661.241328568532,AB_Q_WOB,0.0959558347937524,sub23
-18.28814513130859,6.972937098062411,-3.309970142365503,4.588667959548644,180.5781484429015,178.5122383559955,172.57230204425304,-18.288145131308568,6.972937098062356,-3.3099701423654904,4.588667959548701,180.5781484429014,178.51223835599538,172.5723020442529,1.159453879932518e-07,0.0004992880165241028,0.0972342573972619,0.32174856464278234,0.0,0.0,0.0,1.1594538799325733e-07,0.0004992880165241557,0.09723425739726316,0.3217485646427761,0.0,0.0,0.0,0.04725082986280293,-6822.847894557759,13647.695789115518,13652.791682336616,4758.023107753065,AB_Q_WOB,0.4997389500838211,sub24
-5.51497570422038,0.9832937980864234,-5.101142902965991,-1.7266467557815195,182.38731089768888,175.49096644471106,189.44261803120492,-5.51497570422026,0.9832937980865796,-5.101142902966096,-1.7266467557816425,182.38731089768925,175.4909664447107,189.442618031205,0.11764247042476388,0.5194769838527371,0.0008506855462785122,0.6972377353920831,0.0,0.0,0.0,0.11764247042477212,0.5194769838526705,0.0008506855462783046,0.6972377353920629,0.0,0.0,0.0,0.05458911684360257,-6719.140347239996,13440.280694479992,13445.40678175329,2877.276241410926,AB_Q_WOB,0.3414457797743618,sub25
-41.245418719398494,6.890249651861971,10.191899531675434,19.09276434896075,199.29350285541597,180.31113327045955,176.87294489103195,-41.24541871939846,6.890249651861999,10.19189953167564,19.092764348960785,199.293502855416,180.31113327045964,176.8729448910316,0.027304452862977648,0.020963234598291462,0.0006488322989657773,0.04021471634149917,2.809657317415541e-78,8.293099853073951e-66,3.468545696392072e-63,0.027304452862977703,0.02096323459829093,0.0006488322989656081,0.04021471634149875,2.8096573174157e-78,8.293099853073007e-66,3.468545696390489e-63,0.05311444531716003,-7565.015457221963,15132.030914443929,15137.158608143274,11015.08861795245,AB_Q_WOB,0.05475093086843489,sub26
-10.872733009465325,10.005821180383432,2.0784868692602423,5.342193069790197,207.45071032388802,212.54387029637329,204.66730944355666,-10.872733009465403,10.005821180383368,2.078486869260054,5.342193069790209,207.45071032388802,212.54387029637314,204.6673094435566,0.00040899710267513036,0.0005076473894246674,0.4691977112692435,0.6178941573717966,0.0,0.0,0.0,0.0004089971026750819,0.0005076473894247019,0.4691977112692843,0.6178941573717954,0.0,0.0,0.0,0.02431928104726655,-7583.959941701941,15169.919883403882,15175.055570750908,10286.060863307297,AB_Q_WOB,0.9335979949002567,sub27
-15.575525119082213,-0.6885903356599021,-8.238372731559151,10.904176994648733,216.58113238682,209.88184683211944,195.70899459244882,-15.575525119082346,-0.6885903356599155,-8.238372731559313,10.904176994648743,216.58113238682003,209.8818468321193,195.70899459244842,1.6777999286473307e-05,0.7409023029674175,8.015183175796399e-05,0.1213156887399377,0.0,0.0,0.0,1.6777999286470265e-05,0.7409023029674124,8.015183175793897e-05,0.1213156887399372,0.0,0.0,0.0,0.07938832456801348,-7124.588008628003,14251.176017256006,14256.304513201687,5371.7498248253705,AB_Q_WOB,0.4973093970134603,sub28
-14.235714563484823,5.947643747189826,-1.7660885579091865,10.110862573387184,145.5439004393657,147.69846677317332,146.54913188317732,-14.235714563484875,5.947643747189798,-1.7660885579092949,10.110862573387164,145.54390043936561,147.69846677317304,146.54913188317744,1.0963432321789868e-05,1.3268758184797607e-08,0.08992431510218232,0.025628422291517083,0.0,0.0,0.0,1.0963432321788908e-05,1.3268758184799256e-08,0.0899243151021631,0.025628422291517364,0.0,0.0,0.0,0.048004569746874386,-6308.264721236988,12618.529442473977,12623.665129821004,1349.0099207009478,AB_Q_WOB,0.19586740997394375,sub29
-31.56754081554759,0.2307021969445268,0.9785526364151658,-10.888175704960261,183.14115140012512,175.3223496205238,178.6454200639214,-31.567540815547535,0.2307021969444508,0.9785526364153934,-10.888175704960322,183.1411514001249,175.32234962052394,178.6454200639213,8.765676294156729e-05,0.92303584775517,0.6821279330730428,0.08226749460018654,4.0441445584386674e-212,1.8396881160529723e-201,6.692746146448827e-204,8.765676294156912e-05,0.9230358477551952,0.6821279330729726,0.0822674946001849,4.044144558439358e-212,1.8396881160530778e-201,6.692746146451872e-204,0.021038284043608857,-7090.291844848784,14182.583689697569,14187.686189053342,6859.46843411054,AB_Q_WOB,0.16776710431185266,sub30
-14.850994315888913,1.5648788114953396,0.4642349474301309,3.6584309643413473,198.73760620390664,196.43846145899016,195.1695895897657,-14.850994315889055,1.5648788114954186,0.4642349474301642,3.658430964341275,198.73760620390667,196.4384614589904,195.1695895897653,0.2074403330427244,0.4447446263037109,0.820325484002721,0.7773289851285767,9.113448187583704e-161,1.0760120565060984e-157,2.0503091652113408e-155,0.20744033304271964,0.4447446263036881,0.8203254840027083,0.7773289851285813,9.11344818758059e-161,1.0760120565072617e-157,2.0503091652092417e-155,0.003468130776978051,-7237.860042271766,14477.720084543533,14482.866069011248,5267.422857087769,AB_Q_WOB,0.07010269744309015,sub31
-6.986461363062415,4.462754633787951,15.496207688947376,6.959569622679425,175.58326495626227,178.98861459986102,174.50602687208888,-6.986461363062447,4.462754633787823,15.496207688947447,6.959569622679446,175.58326495626224,178.98861459986114,174.5060268720891,0.3431478872316001,0.007037426815814961,3.4016812924181886e-20,0.29417994514822315,3.7976995367439946e-250,1.6749605997484136e-254,5.161800187316363e-243,0.3431478872315981,0.0070374268158165856,3.4016812924169903e-20,0.2941799451482217,3.7976995367435616e-250,1.6749605997482231e-254,5.161800187318712e-243,0.07525922891890202,-6945.006463852011,13892.012927704021,13897.155755105181,3441.981545323308,AB_Q_WOB,0.09910777106126828,sub32
