P_diff,congruency,hand,postError,nblock_1,nblock_2,nblock_3,nblock_4,nblock_5,nblock_6,nblock_7,nblock_8,nblock_9,nblock_10,nblock_11,nblock_12,nblock_13,nblock_14,P,congruency.1,hand.1,postError.1,nblock_1.1,nblock_2.1,nblock_3.1,nblock_4.1,nblock_5.1,nblock_6.1,nblock_7.1,nblock_8.1,nblock_9.1,nblock_10.1,nblock_11.1,nblock_12.1,nblock_13.1,nblock_14.1,p_DIFF,CONGRUENCY,HAND,POSTeRROR,NBLOCK_1,NBLOCK_2,NBLOCK_3,NBLOCK_4,NBLOCK_5,NBLOCK_6,NBLOCK_7,NBLOCK_8,NBLOCK_9,NBLOCK_10,NBLOCK_11,NBLOCK_12,NBLOCK_13,NBLOCK_14,p,CONGRUENCY.1,HAND.1,POSTeRROR.1,NBLOCK_1.1,NBLOCK_2.1,NBLOCK_3.1,NBLOCK_4.1,NBLOCK_5.1,NBLOCK_6.1,NBLOCK_7.1,NBLOCK_8.1,NBLOCK_9.1,NBLOCK_10.1,NBLOCK_11.1,NBLOCK_12.1,NBLOCK_13.1,NBLOCK_14.1,rSquared,LLH,AIC,BIC,MSE,model,alpha,decay,alpha_error,ccc,alpha_ccc,alpha_v,subject
-65.26037100942258,-18.12704692830217,-6.053256722175764,17.24834963531541,204.16214760298234,226.0106009196769,235.10500801571686,216.14811842893718,222.10906339211002,206.99083479409228,216.24914896180744,214.29710562532856,202.96990916751517,199.22714229111014,203.78530893178424,200.77020874037154,203.89622737878997,206.69741919343463,-65.26037100942247,-18.127046928302207,-6.053256722176098,17.248349635315698,204.1621476029817,226.01060091967707,235.1050080157167,216.1481184289373,222.1090633921101,206.99083479409225,216.24914896180718,214.29710562532856,202.96990916751494,199.22714229111008,203.7853089317841,200.7702087403716,203.89622737878932,206.6974191934346,5.841826776555088e-34,7.588279760917386e-10,0.008845618949673667,0.17225395582412692,7.769128986036948e-150,8.384422369159151e-182,8.837540577749554e-182,4.6513552502029255e-241,6.376978756080986e-169,2.178283476601809e-162,6.111468907456536e-218,5.019059837278249e-166,2.4467492559901415e-147,2.235165371712264e-159,3.517730470695982e-223,5.834918515976015e-258,3.926103604795498e-224,9.568642766468643e-266,5.841826776556677e-34,7.588279760916723e-10,0.008845618949670002,0.17225395582412034,7.769128986046673e-150,8.38442236916106e-182,8.837540577749554e-182,4.6513552502029255e-241,6.376978756080986e-169,2.1782834766023046e-162,6.111468907459665e-218,5.01905983727939e-166,2.4467492559904204e-147,2.235165371712772e-159,3.517730470697582e-223,5.834918515976015e-258,3.9261036047979545e-224,9.568642766466468e-266,0.2314725376028498,-5284.332069901743,10580.664139803486,10609.694571008571,4864.587643775356,SR_Q_D_E_alphaCCC_V_WOB,0.32174780578065937,0.29112799781662463,0.9999999733614536,-0.9377586436998688,0.022941656004553,0.5449085384582055,sub_1
-123.25242908297145,-9.316090111091976,8.231815105678999,21.33516238140861,225.77767551320224,189.90543226351025,177.84141716975427,161.17403252119982,172.66242069879172,159.22951019597332,171.45160014283854,149.8608227066718,158.02413446111538,148.38122739767084,162.90399827909803,156.79155137500413,163.1678172272904,151.7473105274129,-123.25242908297176,-9.31609011109192,8.23181510567862,21.335162381408697,225.77767551320287,189.90543226351025,177.8414171697543,161.1740325211999,172.66242069879138,159.22951019597357,171.45160014283869,149.86082270667168,158.02413446111552,148.3812273976711,162.9039982790984,156.7915513750043,163.16781722729,151.7473105274131,1.8927720507579794e-67,0.0015320038351239636,0.0004326298059920613,0.005660577827309352,1.3548124332513486e-155,1.7697417548235698e-118,1.5579358253478542e-117,3.5846292933466955e-128,1.3212042327672352e-118,8.472805650136061e-94,3.961505588318702e-159,6.245678356667411e-85,1.3767936401453116e-100,3.787673166393753e-85,1.857155073705587e-175,1.3406962863391435e-140,1.0877743606864703e-174,2.3056057814760294e-139,1.8927720507565763e-67,0.0015320038351240358,0.0004326298059923296,0.005660577827309165,1.3548124332508859e-155,1.7697417548235698e-118,1.557935825348386e-117,3.584629293345675e-128,1.3212042327680624e-118,8.472805650133409e-94,3.9615055883173496e-159,6.245678356667411e-85,1.3767936401451152e-100,3.787673166392891e-85,1.8571550737049524e-175,1.3406962863387618e-140,1.0877743606867798e-174,2.305605781475374e-139,0.3974134636250868,-5230.7558193488485,10473.5116386977,10502.477414104716,4896.96904060135,SR_Q_D_E_alphaCCC_V_WOB,0.4008990305715111,0.7092194410453528,0.0461577378362008,-0.3418027745108003,0.5627966743693877,0.3701310613060233,sub_2
-59.947297077583656,14.029331402368387,25.126824144708905,-6.575665414958564,243.58495257383163,204.85687173794602,206.81068353428518,212.895363454974,217.89143696360497,281.63358571484054,248.22093959008282,271.0530471567409,248.39387809860733,263.80334357547736,245.72602086552246,220.77620129018985,260.88752459490127,,-59.947297077583954,14.029331402367882,25.126824144708706,-6.5756654149585145,243.5849525738313,204.85687173794557,206.81068353428586,212.89536345497442,217.891436963605,281.63358571484036,248.22093959008282,271.0530471567409,248.39387809860713,263.80334357547713,245.72602086552268,220.77620129018985,260.88752459490195,,1.133235979247668e-07,0.02615947736113481,5.639773792538612e-07,0.5820656069735253,2.7143077537161604e-95,8.861543287976745e-90,2.991375174983721e-72,1.0677086078781424e-102,1.4929501292214086e-44,2.2301413872594247e-59,1.281011436058869e-76,7.343820494188467e-48,3.2588714204676514e-42,6.15334105737396e-109,2.441277637517485e-61,2.1680415570387296e-57,5.170750882376919e-66,,1.1332359792475245e-07,0.02615947736114021,5.639773792539786e-07,0.5820656069735286,2.7143077537161604e-95,8.861543287979774e-90,2.991375174982186e-72,1.0677086078781424e-102,1.4929501292215152e-44,2.2301413872594247e-59,1.281011436058869e-76,7.34382049418878e-48,3.2588714204678846e-42,6.153341057374659e-109,2.4412776375171368e-61,2.1680415570390083e-57,5.170750882375297e-66,,0.15089285089999727,-5186.142123730331,10384.284247460662,10412.503376140108,19709.421942916146,SR_Q_D_E_alphaCCC_V_WOB,0.2585784949376753,0.4487754213633423,0.8859789726449874,-0.6339393768491228,9.9999999999989e-05,0.6253211341457474,sub_3
-27.12214319757464,-22.40067957761455,0.2274448714407193,15.292663390910244,215.0718210305354,228.110020676738,215.9567572796442,218.42300077566009,219.0523179669696,214.8138887682698,220.0970044907019,212.651414016012,209.2955452641211,224.95502356589336,202.91624576386468,206.55438682851872,205.97499334873626,,-27.122143197574463,-22.400679577614184,0.2274448714404489,15.292663390910576,215.0718210305358,228.11002067673783,215.95675727964402,218.4230007756597,219.05231796696944,214.8138887682697,220.09700449070152,212.65141401601196,209.2955452641214,224.955023565893,202.9162457638646,206.5543868285187,205.97499334873595,,2.0387001089051486e-13,2.552635034213742e-14,0.9200418524290224,0.16691425946152372,2.4790574e-317,1.418806529720172e-284,3.9103497e-317,9.076237069154466e-287,5.061680301519062e-190,5.2192233827323393e-163,1.2765727243042839e-269,1.0964143959221018e-161,3.962884121629976e-173,1.3752532539531377e-244,5.684472071959314e-172,4.624960896111192e-157,3.65553841352437e-171,,2.0387001089058348e-13,2.5526350342159542e-14,0.9200418524291174,0.16691425946151545,2.4790574e-317,1.4188065297203336e-284,3.9103497e-317,9.07623706916169e-287,5.061680301519062e-190,5.219223382731449e-163,1.2765727243048644e-269,1.0964143959221018e-161,3.962884121629525e-173,1.3752532539531377e-244,5.684472071961578e-172,4.624960896111192e-157,3.655538413526866e-171,,0.1404589684606493,-5200.061483811679,10412.122967623358,10441.082238964698,4638.205238301007,SR_Q_D_E_alphaCCC_V_WOB,0.3791708942795951,0.0563801077600811,0.9501738201600108,-0.7947061556813133,0.010252417054945808,0.34374515884324724,sub_4
255.73420067929518,-4.22599374299062,-15.502300691089538,42.79491245942768,409.80197393842866,431.0341926430148,407.45877718209323,409.61406222312036,414.01836908595374,439.00751193038286,420.63482190450503,431.5006840537004,382.7662648524891,412.2544731282098,390.71787270118995,410.2104934011058,381.0201069945775,387.0674473664386,255.73420067929436,-4.2259937429916254,-15.50230069109282,42.79491245942593,409.80197393842866,431.03419264302016,407.45877718209846,409.614062223123,414.0183690859528,439.0075119303849,420.6348219045058,431.5006840536995,382.7662648524891,412.25447312820916,390.71787270118864,410.2104934011084,381.02010699457816,387.0674473664358,0.0003244659037023215,0.4874664376383863,0.2052705452239112,0.19833569868793427,2.1794477654406363e-20,6.42565942608229e-22,7.135855849260818e-21,2.3461659346026936e-20,6.445638157440029e-21,5.618624925883807e-23,2.9398728323330836e-22,3.513065360597743e-22,4.0967453657487515e-18,6.424813528603606e-21,1.7376847246422386e-19,1.4430292802197985e-21,3.197339108095674e-18,3.788907000346771e-20,0.00032446590370233016,0.4874664376382842,0.20527054522382804,0.19833569868795306,2.179447765440573e-20,6.425659426083582e-22,7.13585584926133e-21,2.3461659346026936e-20,6.445638157439797e-21,5.618624925884007e-23,2.9398728323331687e-22,3.513065360597743e-22,4.096745365748693e-18,6.424813528603652e-21,1.7376847246422386e-19,1.4430292802198498e-21,3.197339108095651e-18,3.7889070003466886e-20,0.0916887167792828,-5948.198445205696,11908.396890411392,11937.407997928276,21035.09580627459,SR_Q_D_E_alphaCCC_V_WOB,0.0028589607644437104,0.0068493267031380185,0.06875352923025256,-0.04102926753109482,0.0001808776278853552,0.00410126144890265,sub_5
-259.54874505247324,-33.84114016372513,-8.077117163579679,-81.3984834587555,203.34277260698278,373.0537788058058,570.649114206717,435.0915269277604,404.3081181979461,429.98589279296084,358.41651526860636,321.71157105571547,287.7292549928302,259.8148427336504,339.90990262793787,335.70883031057207,258.3993020368247,264.4766659260144,-259.54874505247443,-33.841140163725164,-8.077117163579437,-81.39848345875313,203.3427726069828,373.0537788058029,570.6491142067182,435.09152692776155,404.30811819794576,429.98589279296186,358.4165152686068,321.71157105571604,287.72925499283025,259.81484273365004,339.90990262793787,335.70883031057133,258.3993020368231,264.47666592601263,0.018585554372768997,0.019194061692828324,0.5155815769770048,0.3024940782914677,0.0004804221574413212,1.3522815914876364e-09,1.1591917889663593e-18,2.044804839001013e-13,1.244787663704348e-10,1.068051496939828e-11,5.213635370532939e-10,1.6291828110976072e-07,1.3236639528882663e-06,1.5583602276362453e-05,3.2912046678416445e-09,3.2599918540967057e-09,2.484871470399597e-06,4.973737476281533e-06,0.01858555437276821,0.01919406169282824,0.5155815769770171,0.30249407829148306,0.00048042215744132353,1.3522815914875725e-09,1.1591917889664671e-18,2.0448048390012795e-13,1.244787663704348e-10,1.0680514969398664e-11,5.213635370533145e-10,1.6291828110976008e-07,1.3236639528882322e-06,1.558360227636254e-05,3.2912046678417165e-09,3.259991854096553e-09,2.484871470399551e-06,4.97373747628158e-06,0.2532529629714849,-3672.861624928155,7357.723249856311,7383.326453147559,66229.19971256307,SR_Q_D_E_alphaCCC_V_WOB,0.0332564462094169,0.44917730246188775,0.96623298333327,-0.031122078409146825,0.0332564462094169,0.03300009484218235,sub_6
-61.86640176535296,-3.4281456743913097,14.41790591833007,10.052676605339409,186.60892776382948,195.31581812287533,185.49806209172925,190.45728641128483,189.45517730495246,179.78950843795033,201.26509239158517,196.00891329770343,184.50961112217837,181.0739888451486,192.5949263791433,190.47596304831112,204.6210134186799,,-61.86640176535256,-3.428145674391569,14.417905918330238,10.05267660533925,186.6089277638288,195.31581812287612,185.4980620917292,190.45728641128468,189.4551773049521,179.7895084379504,201.26509239158506,196.0089132977033,184.50961112217843,181.0739888451484,192.59492637914357,190.47596304831103,204.62101341867972,,2.030937279016798e-21,0.2811241755781238,1.4444400600309169e-08,0.5270738803963282,2.829297939498289e-174,1.422285857795954e-212,1.7821720699745986e-170,8.261858559147075e-228,2.961933911553354e-111,6.237420233444813e-115,1.981625230205015e-169,3.8301406894845886e-131,2.025429444017518e-111,3.971393387522356e-170,1.6457200820420954e-114,1.3150207622107475e-125,1.8217640262383877e-120,,2.030937279018067e-21,0.2811241755780877,1.4444400600303566e-08,0.5270738803963348,2.8292979395010254e-174,1.4222858577936082e-212,1.7821720699745986e-170,8.261858559142378e-228,2.9619339115549555e-111,6.237420233444813e-115,1.9816252302059168e-169,3.830140689485897e-131,2.0254294440174603e-111,3.971393387523486e-170,1.6457200820414394e-114,1.315020762211047e-125,1.8217640262385958e-120,,0.14624293911772734,-5378.400773985385,10768.80154797077,10797.844827146502,5806.443449596495,SR_Q_D_E_alphaCCC_V_WOB,0.26701442280299503,0.3921002647086235,0.14525659660460674,-0.5941930341491575,0.8433880754306433,0.43289047770589417,sub_7
-53.510975265586005,18.29131471418705,13.940595462604756,37.048174236619296,369.7200169630626,334.78988583830113,324.2661325753424,280.91459340249406,248.96236140063567,274.681098646894,321.4781038336172,322.2065428776549,315.07069138688496,300.4587107827645,313.52193754372274,333.7471833865967,285.8828229987235,,-53.51097526558575,18.291314714187546,13.940595462604305,37.04817423661915,369.7200169630625,334.789885838301,324.266132575343,280.91459340249406,248.96236140063544,274.6810986468938,321.47810383361735,322.206542877655,315.07069138688513,300.4587107827641,313.5219375437227,333.74718338659665,285.88282299872355,,1.0633017733438515e-10,0.003217667490440619,0.005470403274802605,0.015870980756948896,8.108696462958014e-155,2.0812144356498602e-172,9.541843163649551e-209,1.832984267233587e-151,8.015857380195427e-76,2.9039542738150734e-80,1.571620300499261e-165,6.5270873578341714e-93,3.840721025013647e-104,1.0128850255719155e-128,1.5113796945305031e-99,2.0560186330051555e-94,4.520682404090642e-97,,1.0633017733440641e-10,0.0032176674904397977,0.005470403274804097,0.015870980756949406,8.108696462958014e-155,2.0812144356490316e-172,9.541843163647921e-209,1.832984267233378e-151,8.015857380197024e-76,2.9039542738154873e-80,1.571620300498814e-165,6.527087357832872e-93,3.840721025013647e-104,1.0128850255723764e-128,1.5113796945302881e-99,2.0560186330051555e-94,4.520682404090642e-97,,0.1908489284763908,-5274.998395382315,10561.99679076463,10590.332569533763,19104.259538984305,SR_Q_D_E_alphaCCC_V_WOB,0.08319409227108719,0.0001,0.0413052554168019,-0.7952870242667432,0.9997993607384764,0.0001,sub_8
-589.6424523358702,-13.098464419330915,-3.6291632483274037,6.221318796994629,-74.83253830265636,-66.68589632742881,-60.88885006627798,-62.919699468786575,-78.1881572421299,-51.4818103597845,-57.67029606981111,-56.880191135804736,-55.749180178537166,-63.983217528407295,-60.363732018070706,-61.98148147211711,-68.50400313749584,-76.81595548261112,-589.6424523358704,-13.098464419333364,-3.6291632483284095,6.221318796995647,-74.83253830265632,-66.6858963274296,-60.88885006628071,-62.919699468785275,-78.18815724212969,-51.4818103597849,-57.6702960698119,-56.88019113580506,-55.749180178537365,-63.98321752840632,-60.363732018070976,-61.981481472117146,-68.50400313749435,-76.8159554826097,6.7023724194943875e-18,9.844396827555561e-06,0.11856016370335433,0.42433813685414734,0.02636321393307188,0.04772923963918938,0.07024163589728584,0.06040069520301356,0.02039064206056641,0.12634003854279646,0.08409234691634626,0.09200759914710087,0.10173889073598896,0.05725661473817311,0.0692914497102595,0.06110602364437846,0.03932474344606288,0.020335968196017323,6.7023724194953035e-18,9.844396827519572e-06,0.11856016370325155,0.4243381368540707,0.02636321393307196,0.047729239639188605,0.0702416358972796,0.06040069520301584,0.02039064206056641,0.1263400385427947,0.08409234691634385,0.09200759914709998,0.10173889073598813,0.057256614738174824,0.06929144971025891,0.061106023644378324,0.03932474344606462,0.02033596819601813,0.14589450764903256,-5154.551783879198,10321.103567758397,10349.990825141955,4809.616996104482,SR_Q_D_E_alphaCCC_V_WOB,0.030404074716147287,0.4998303350723487,0.04133515875495072,-0.07887812892220257,0.1137639221438102,0.0188447060059282,sub_9
-67.5730996202511,-10.453436433475943,0.3549398581435561,33.43933509101564,338.86415056924596,288.02039975846236,276.1226634875777,261.0515106619424,243.8848235018888,269.3033374352689,243.78887811778736,225.12168334821564,206.06110790587522,236.2498072460011,217.78345800690656,214.38370551027327,214.5441735115976,223.66022992001817,-67.57309962025066,-10.45343643347561,0.3549398581441281,33.43933509101572,338.86415056924585,288.02039975846213,276.1226634875772,261.0515106619426,243.88482350188886,269.3033374352691,243.7888781177877,225.12168334821573,206.06110790587516,236.2498072460017,217.7834580069068,214.38370551027316,214.5441735115971,223.6602299200177,5.8396298164706954e-09,0.03540077934400671,0.9289917736151968,0.181925107949414,6.041664961740963e-143,9.930017658984465e-98,7.956088217621706e-105,3.985600401061954e-123,1.0152220340485185e-83,6.374031970172354e-93,2.9136929669892233e-124,2.50343528957429e-71,2.027455715029968e-58,5.52887102572576e-75,2.7426594085517387e-120,4.801666033567685e-102,1.1308806263298452e-117,2.653887421701948e-108,5.839629816472229e-09,0.0354007793440123,0.9289917736150826,0.1819251079494129,6.041664961744745e-143,9.930017658988705e-98,7.956088217623744e-105,3.985600401061272e-123,1.0152220340482291e-83,6.374031970172354e-93,2.913692966988062e-124,2.503435289573719e-71,2.0274557150297936e-58,5.5288710257240305e-75,2.7426594085523623e-120,4.801666033567685e-102,1.130880626330103e-117,2.6538874217026287e-108,0.2327009772876907,-5780.129126623245,11572.258253246491,11601.275808910152,14460.217004354507,SR_Q_D_E_alphaCCC_V_WOB,0.04092835892162095,0.06509318395165838,0.2199630318916808,-0.4358675688477962,0.6548013951488978,0.20905710847300185,sub_10
-143.12556078916163,2.6062808415145917,-18.102500975637092,96.11434853335527,217.86771903746117,236.3609781500778,232.7706046676249,225.4435599831055,220.14671961030567,246.54058164723529,228.69629955275852,230.65644596435257,241.42610479041642,239.806846133612,258.0872814131112,230.95162721406945,232.26373512516136,,-143.12556078916046,2.606280841514605,-18.102500975637373,96.11434853335501,217.86771903746197,236.36097815007676,232.77060466762504,225.4435599831064,220.146719610306,246.54058164723529,228.6962995527585,230.65644596435246,241.42610479041645,239.806846133612,258.0872814131103,230.95162721407013,232.263735125162,,3.5669226514173994e-13,0.5640202261743132,4.0950641904422274e-07,0.01223861209352845,3.295223652198775e-70,5.8047274854000014e-87,1.978709985668644e-79,1.852380038395902e-86,2.048031453589265e-56,5.496969277107019e-70,4.878251326829605e-75,3.2033436557814966e-65,3.7820063913905803e-64,4.564487923978257e-85,5.042012329688141e-74,2.251202181440867e-63,8.337228874802656e-61,,3.5669226514193845e-13,0.5640202261743112,4.0950641904407133e-07,0.01223861209352842,3.295223652198306e-70,5.804727485397852e-87,1.9787099856687566e-79,1.8523800383960078e-86,2.048031453589265e-56,5.4969692771067053e-70,4.878251326830438e-75,3.2033436557816796e-65,3.7820063913905803e-64,4.564487923978648e-85,5.042012329688428e-74,2.2512021814406742e-63,8.337228874800989e-61,,0.11435734235891305,-5580.649083781068,11173.298167562136,11202.224812395674,11312.443091360576,SR_Q_D_E_alphaCCC_V_WOB,0.10033690976135867,0.3744208279055092,0.4047699718774028,-0.102829982479252,0.2684306812050744,0.16809545165263814,sub_11
-65.19468153743864,-33.10291770086012,21.916340073981058,16.895634756587146,240.1586655220085,290.6638028437972,278.55595998493567,298.3511573478215,270.108668777208,270.06164701275986,252.48561423340286,245.64223903108035,224.9963621714217,218.8326766101191,213.34906156926755,257.084836067223,233.08089043135212,,-65.19468153743915,-33.10291770086051,21.91634007398131,16.895634756587366,240.1586655220087,290.663802843797,278.5559599849356,298.351157347822,270.10866877720804,270.0616470127597,252.48561423340303,245.64223903108032,224.9963621714216,218.83267661011948,213.349061569268,257.0848360672232,233.08089043135232,,2.6682185281222325e-11,5.1847010654628e-06,0.0001297668008214221,0.2830192062654701,4.9924696820996154e-113,8.898507546849636e-117,6.191623867425174e-138,1.3724319589637423e-133,2.818300371154618e-59,6.134874177101986e-58,9.779177489175911e-93,2.1015824391913958e-49,8.813627464270053e-43,1.163966536021097e-59,5.0102581454904754e-42,1.0309891572296083e-52,1.6373107147561946e-39,,2.6682185281212554e-11,5.1847010654615614e-06,0.00012976680082139668,0.2830192062654632,4.9924696820984786e-113,8.898507546849636e-117,6.191623867428696e-138,1.3724319589636647e-133,2.818300371154376e-59,6.1348741771037356e-58,9.77917748917452e-93,2.1015824391913958e-49,8.813627464272822e-43,1.163966536020831e-59,5.0102581454901185e-42,1.0309891572296087e-52,1.6373107147561946e-39,,0.15229651974621006,-5923.026545395523,11858.053090791045,11886.8940669534,28743.414616894403,SR_Q_D_E_alphaCCC_V_WOB,0.5716776094035035,0.10091223025520428,0.08029796601495362,-0.9257435657885991,0.05130522737466702,0.4652666696833669,sub_12
-75.23253675820516,-51.530391478238066,15.102923730687936,76.90877165814291,302.15411725100483,340.47804754017267,293.06286569151143,276.3324842933461,291.6662343747638,246.07122319876447,274.6816927464659,299.1691973154305,301.16054085791967,246.59295535310798,242.85370377997106,249.78126652440773,249.72587915403594,251.7179078961792,-75.23253675820509,-51.53039147823763,15.10292373068789,76.90877165814307,302.15411725100535,340.47804754017324,293.06286569151143,276.3324842933464,291.66623437476375,246.07122319876382,274.6816927464656,299.16919731543067,301.1605408579196,246.59295535310767,242.85370377997157,249.78126652440773,249.725879154036,251.71790789617958,5.408166857133447e-11,4.270464579646375e-14,0.005095183370950407,0.023201546725102728,2.0803962880398788e-73,3.2905343213253154e-100,5.662213342951169e-69,2.8795090638932384e-113,2.7232401384664046e-67,1.7294648575655006e-58,3.3520810534369016e-94,2.453778049324563e-77,1.0894284803778669e-74,1.0476022790533339e-54,2.989125231017902e-86,1.3794764126594774e-110,5.588660973398201e-91,3.2962933277825017e-110,5.4081668571335855e-11,4.270464579648134e-14,0.005095183370950547,0.023201546725102502,2.0803962880392862e-73,3.2905343213250337e-100,5.662213342951654e-69,2.8795090638932384e-113,2.723240138467104e-67,1.729464857565994e-58,3.352081053437378e-94,2.4537780493247027e-77,1.0894284803778987e-74,1.0476022790533339e-54,2.9891252310164556e-86,1.3794764126594774e-110,5.588660973398201e-91,3.296293327781657e-110,0.19038098031068806,-6079.8861534796115,12171.772306959223,12200.809165588596,26400.83980751944,SR_Q_D_E_alphaCCC_V_WOB,0.019235225845669345,0.047250952438007705,0.7513098799163269,-0.6563163023483262,0.7598211896029614,0.4736908641698652,sub_13
-34.091530880693114,-7.247691631024246,4.334501767366561,13.003918948327026,201.97414552551152,224.09008337283092,218.1350618461776,203.7946172855479,206.5777061014515,206.09727677887957,207.27804044688736,204.300669902295,204.79259046434368,204.5244779239973,210.09363576856774,203.25966303187408,209.69149970865325,202.70656866467849,-34.09153088069294,-7.247691631024374,4.334501767366577,13.003918948327296,201.97414552551263,224.09008337283126,218.1350618461781,203.7946172855472,206.57770610145144,206.0972767788797,207.2780404468876,204.3006699022952,204.79259046434413,204.52447792399695,210.0936357685684,203.25966303187343,209.691499708654,202.70656866467877,3.0543779834393144e-12,0.009906125366206851,0.04928880441801615,0.2052936559028111,1.1747330020667022e-167,1.4757069129455293e-174,2.9654478842268698e-182,1.902758118500772e-206,5.703868009224209e-171,2.727253327078068e-155,7.843868826587766e-235,7.022795297585183e-152,3.252722710681671e-168,9.98660012662647e-149,1.059891059857451e-292,4.3511226287447167e-237,8.614829239160058e-296,4.965489457980462e-240,3.0543779834401558e-12,0.009906125366205509,0.049288804418015385,0.2052936559028013,1.174733002064229e-167,1.4757069129445218e-174,2.9654478842255207e-182,1.9027581185028275e-206,5.703868009225507e-171,2.7272533270772923e-155,7.843868826587766e-235,7.0227952975835844e-152,3.252722710680189e-168,9.98660012662647e-149,1.0598910598567274e-292,4.3511226287466944e-237,8.614829239149281e-296,4.965489457978205e-240,0.09538354452455987,-5210.139087718098,10432.278175436197,10461.276365832913,4406.654075495552,SR_Q_D_E_alphaCCC_V_WOB,0.2876558981379855,0.0001,0.5934750625923566,-0.4150552053928591,0.5644777805854201,0.11624389470500225,sub_14
-67.51696044765463,-16.936264948434165,-12.010191335725525,6.083298054297501,248.99120287595719,221.2403560064028,219.85224731092742,217.9140444097026,233.74568302613417,210.11723764244246,218.16764115767188,215.5749845136917,206.69914011670974,218.4013574778881,215.18011314963886,209.02547489251717,221.27870072702285,,-67.51696044765416,-16.93626494843446,-12.010191335725182,6.083298054298624,248.99120287595656,221.24035600640323,219.85224731092705,217.91404440970237,233.7456830261346,210.11723764244243,218.16764115767185,215.5749845136916,206.69914011670983,218.4013574778872,215.18011314963903,209.02547489251708,221.27870072702285,,1.0814240162043208e-16,2.312088016120652e-06,2.470785342731152e-05,0.7122523848325178,2.430280166072202e-195,1.4907921664738042e-189,1.2224624508784283e-166,1.694666035668628e-210,6.488826806526275e-125,4.075294848540098e-115,1.905619656572674e-157,2.0335314589350744e-119,5.2886952885893156e-102,1.980043209115612e-173,1.6163398446481777e-110,5.363589502202325e-109,1.0593179949854157e-107,,1.081424016204874e-16,2.31208801611983e-06,2.470785342732407e-05,0.7122523848324664,2.4302801660728923e-195,1.49079216647355e-189,1.2224624508786369e-166,1.6946660356690133e-210,6.488826806525167e-125,4.075294848539169e-115,1.905619656572782e-157,2.0335314589355383e-119,5.2886952885893156e-102,1.980043209117189e-173,1.6163398446474412e-110,5.36358950220263e-109,1.0593179949852955e-107,,0.1629285156290735,-5457.397886274369,10926.795772548738,10955.806880065622,7320.70910087102,SR_Q_D_E_alphaCCC_V_WOB,0.22283953963156264,0.9030448544303958,0.02610446691610893,-0.2420492118651858,0.7976211448682601,0.5444780548541175,sub_15
-40.23510603045096,-21.328987727478033,1.8965238812324736,2.3779461109328683,240.86691673411397,239.85093372125053,252.4234577063995,269.43362920700014,243.20617451862174,256.65543838356905,252.26419741323474,247.1155551643112,249.4380530710992,251.67748518820304,256.481040332886,242.6165446295488,237.65110905227687,,-40.23510603045065,-21.32898772747745,1.8965238812318803,2.3779461109331663,240.86691673411337,239.85093372125007,252.42345770639955,269.4336292069997,243.20617451862202,256.65543838356905,252.26419741323448,247.11555516431056,249.4380530710992,251.67748518820287,256.4810403328866,242.61654462954894,237.6511090522768,,3.914612734680087e-11,5.3696628919844e-07,0.567005181417043,0.9170041855966236,6.95443863068584e-229,3.701484266650919e-185,3.692262898680043e-235,1.5371589992524193e-232,3.561688295015955e-121,8.278302122055033e-123,2.9240182006170903e-192,6.553727387983941e-113,2.3864461423315662e-129,1.206585960047394e-167,5.81289188903116e-135,2.3228543034783344e-113,1.1389647507982093e-122,,3.91461273468171e-11,5.369662891988054e-07,0.5670051814171648,0.9170041855966132,6.95443863069217e-229,3.7014842666530234e-185,3.692262898679203e-235,1.5371589992531189e-232,3.561688295015955e-121,8.278302122050793e-123,2.9240182006172565e-192,6.553727387985808e-113,2.3864461423318382e-129,1.2065859600476004e-167,5.81289188902752e-135,2.3228543034775404e-113,1.1389647507984041e-122,,0.1080601804446435,-5622.139046633898,11256.278093267796,11285.30852447288,10035.337996699176,SR_Q_D_E_alphaCCC_V_WOB,0.5062669032883675,0.03601742675087688,0.7854091501420724,-0.5768837320445815,0.6853618507962057,0.1859970010506152,sub_16
-40.20134004190202,10.792384704968583,2.0996741078076973,31.154549705274338,224.00092594478215,215.78435484223579,220.74357331431446,198.08144998396799,215.46034043076043,207.51153798270454,201.52553414813343,197.8906437800083,195.71798933492238,199.57817147342305,191.03447448063903,188.42962015987456,170.6705498794719,185.5625512122446,-40.2013400419018,10.792384704968471,2.0996741078077967,31.15454970527424,224.00092594478238,215.78435484223576,220.74357331431477,198.08144998396784,215.46034043076023,207.51153798270423,201.52553414813374,197.8906437800084,195.71798933492272,199.57817147342305,191.03447448063912,188.42962015987442,170.67054987947162,185.56255121224456,2.884789692151346e-10,0.014504683105205916,0.5411194334064446,0.01572349349049915,1.6398001479118424e-95,3.211330525891064e-95,2.973606636156791e-91,1.166511337217926e-136,2.8222338538813906e-87,3.60973099786078e-90,4.668402188732084e-115,2.8624117217023172e-83,5.2939768441431216e-79,5.666540090347216e-86,1.601102774966179e-131,4.939859391088358e-155,3.3091058956562003e-107,2.591868715738806e-147,2.8847896921520183e-10,0.014504683105206926,0.5411194334064253,0.01572349349049968,1.639800147911469e-95,3.2113305258917965e-95,2.9736066361565366e-91,1.166511337218258e-136,2.8222338538811504e-87,3.609730997860266e-90,4.668402188731285e-115,2.862411721702072e-83,5.2939768441419165e-79,5.666540090346733e-86,1.601102774966179e-131,4.9398593910886384e-155,3.309105895657049e-107,2.591868715738806e-147,0.12601470277337812,-5563.711039945383,11139.422079890766,11168.3617966249,10618.021776671945,SR_Q_D_E_alphaCCC_V_WOB,0.3148722147098287,9.9999999999989e-05,0.9542814358383602,-0.3497377039162123,0.5269298531561482,0.2614984930554662,sub_17
-16.864223793712227,-18.16876760302333,-13.000137759902485,1.8608655343806e-13,227.44675726678605,225.7666701067598,200.34420859799468,203.52590134313567,209.44866295105288,211.96877298033084,220.4591504129997,220.40134384482602,215.2295007902264,213.65560134978972,209.76043310832463,202.5309684257088,203.22057975446626,203.52814068836147,-16.864223793711773,-18.16876760302327,-13.000137759902769,0.0,227.44675726678645,225.76667010675976,200.34420859799397,203.52590134313562,209.44866295105248,211.9687729803309,220.45915041300012,220.40134384482602,215.22950079022633,213.65560134978986,209.76043310832463,202.53096842570827,203.22057975446648,203.52814068836227,3.5995666424971223e-11,3.8875768803143855e-23,6.125455558139709e-19,0.0,0.0,3.531105135305996e-306,9.04903812637672e-287,0.0,7.849605023145813e-298,6.234991172748016e-285,0.0,4.2371627786403976e-300,2.5741459465462283e-307,1.1246875596027455e-290,0.0,0.0,0.0,0.0,3.599566642501435e-11,3.8875768803157526e-23,6.125455558130236e-19,,0.0,3.531105135308003e-306,9.049038126396268e-287,0.0,7.849605023151167e-298,6.2349911727501434e-285,0.0,4.2371627786403976e-300,2.574145946547107e-307,1.1246875596032572e-290,0.0,0.0,0.0,0.0,0.32174919606488195,-4953.909060799785,9919.81812159957,9948.975811021497,1917.110278219861,SR_Q_D_E_alphaCCC_V_WOB,0.4018607079746047,0.0001,0.9349116021474668,-0.9281792297179536,0.6269801153810209,0.2470274353770355,sub_18
