,trial_index,RT,congruency,stimPosit,respPosit,correction,hand,block1,block2,block3,error_outlier,nblock,postError,P,Q,PE
0,1,518.8,1.0,0.0,1.0,1.0,1.0,1.0,0.0,0.0,0,1.0,0,0.5,0.5,0.5
1,2,490.2,0.0,0.0,0.0,1.0,0.0,1.0,0.0,0.0,0,1.0,0,0.0,1.0,-1.0
2,3,549.7,1.0,0.0,1.0,1.0,1.0,1.0,0.0,0.0,0,1.0,0,0.0,0.0,1.0
3,4,505.0,1.0,0.0,1.0,1.0,1.0,1.0,0.0,0.0,0,1.0,0,1.0,1.0,0.0
4,5,524.5,1.0,1.0,0.0,1.0,0.0,1.0,0.0,0.0,0,1.0,0,1.0,1.0,0.0
5,6,480.0,1.0,0.0,1.0,1.0,1.0,1.0,0.0,0.0,0,1.0,0,1.0,1.0,0.0
6,7,355.4,0.0,0.0,0.0,1.0,0.0,1.0,0.0,0.0,0,1.0,0,0.0,1.0,-1.0
7,8,526.8,0.0,0.0,0.0,1.0,0.0,1.0,0.0,0.0,0,1.0,0,1.0,0.0,0.0
8,9,506.2,1.0,1.0,0.0,1.0,0.0,1.0,0.0,0.0,0,1.0,0,0.0,0.0,1.0
9,10,577.7,0.0,0.0,0.0,1.0,0.0,1.0,0.0,0.0,0,1.0,0,0.0,1.0,-1.0
10,11,461.2,0.0,1.0,1.0,1.0,1.0,1.0,0.0,0.0,0,1.0,0,1.0,0.0,0.0
11,12,528.5,1.0,1.0,0.0,1.0,0.0,1.0,0.0,0.0,0,1.0,0,0.0,0.0,1.0
12,13,428.0,1.0,1.0,0.0,1.0,0.0,1.0,0.0,0.0,0,1.0,0,1.0,1.0,0.0
13,14,467.5,0.0,1.0,1.0,1.0,1.0,1.0,0.0,0.0,0,1.0,0,0.0,1.0,-1.0
14,15,498.9,1.0,1.0,0.0,1.0,0.0,1.0,0.0,0.0,0,1.0,0,0.0,0.0,1.0
15,16,426.3,0.0,1.0,1.0,1.0,1.0,1.0,0.0,0.0,0,1.0,0,0.0,1.0,-1.0
16,17,493.8,1.0,0.0,1.0,1.0,1.0,1.0,0.0,0.0,0,1.0,0,0.0,0.0,1.0
17,18,421.2,1.0,1.0,0.0,1.0,0.0,1.0,0.0,0.0,0,1.0,0,1.0,1.0,0.0
18,19,436.7,0.0,0.0,0.0,1.0,0.0,1.0,0.0,0.0,0,1.0,0,0.0,1.0,-1.0
19,20,608.1,1.0,1.0,0.0,1.0,0.0,1.0,0.0,0.0,0,1.0,0,0.0,0.0,1.0
20,21,455.5,0.0,0.0,0.0,1.0,0.0,1.0,0.0,0.0,0,1.0,0,0.0,1.0,-1.0
21,22,419.0,0.0,0.0,0.0,1.0,0.0,1.0,0.0,0.0,0,1.0,0,1.0,0.0,0.0
22,23,354.4,1.0,1.0,0.0,1.0,0.0,1.0,0.0,0.0,0,1.0,0,0.0,0.0,1.0
23,24,421.8,1.0,1.0,0.0,1.0,0.0,1.0,0.0,0.0,0,1.0,0,1.0,1.0,0.0
24,25,601.3,1.0,0.0,1.0,1.0,1.0,1.0,0.0,0.0,0,1.0,0,1.0,1.0,0.0
25,26,476.7,0.0,1.0,1.0,1.0,1.0,1.0,0.0,0.0,0,1.0,0,0.0,1.0,-1.0
26,27,368.1,1.0,0.0,1.0,0.0,0.0,1.0,0.0,0.0,1,1.0,0,1.0,0.0,0.0
27,28,423.6,1.0,1.0,0.0,1.0,0.0,1.0,0.0,0.0,0,1.0,1,0.0,0.0,1.0
28,29,455.0,0.0,0.0,0.0,1.0,0.0,1.0,0.0,0.0,0,1.0,0,0.0,1.0,-1.0
29,30,314.5,0.0,0.0,0.0,1.0,0.0,1.0,0.0,0.0,0,1.0,0,1.0,0.0,0.0
30,31,485.9,0.0,1.0,1.0,1.0,1.0,1.0,0.0,0.0,0,1.0,0,1.0,0.0,0.0
31,32,569.3,0.0,1.0,1.0,1.0,1.0,1.0,0.0,0.0,0,1.0,0,1.0,0.0,0.0
32,33,360.8,0.0,0.0,0.0,1.0,0.0,1.0,0.0,0.0,0,1.0,0,1.0,0.0,0.0
33,34,436.3,0.0,1.0,1.0,1.0,1.0,1.0,0.0,0.0,0,1.0,0,1.0,0.0,0.0
34,35,471.6,1.0,0.0,1.0,1.0,1.0,1.0,0.0,0.0,0,1.0,0,0.0,0.0,1.0
35,36,451.1,0.0,0.0,0.0,1.0,0.0,1.0,0.0,0.0,0,1.0,0,0.0,1.0,-1.0
36,37,490.3,1.0,1.0,0.0,1.0,0.0,1.0,0.0,0.0,0,1.0,0,0.0,0.0,1.0
37,38,357.6,1.0,1.0,0.0,1.0,0.0,1.0,0.0,0.0,0,1.0,0,1.0,1.0,0.0
38,39,405.1,0.0,0.0,0.0,1.0,0.0,1.0,0.0,0.0,0,1.0,0,0.0,1.0,-1.0
39,40,312.6,1.0,1.0,0.0,1.0,0.0,1.0,0.0,0.0,0,1.0,0,0.0,0.0,1.0
40,41,451.9,0.0,0.0,0.0,1.0,0.0,1.0,0.0,0.0,0,1.0,0,0.0,1.0,-1.0
41,42,611.4,1.0,0.0,1.0,1.0,1.0,1.0,0.0,0.0,0,1.0,0,0.0,0.0,1.0
42,43,494.9,1.0,1.0,0.0,1.0,0.0,1.0,0.0,0.0,0,1.0,0,1.0,1.0,0.0
43,44,422.3,0.0,1.0,1.0,1.0,1.0,1.0,0.0,0.0,0,1.0,0,0.0,1.0,-1.0
44,45,409.7,0.0,0.0,0.0,1.0,0.0,1.0,0.0,0.0,0,1.0,0,1.0,0.0,0.0
45,46,497.2,0.0,1.0,1.0,1.0,1.0,1.0,0.0,0.0,0,1.0,0,1.0,0.0,0.0
46,47,444.6,0.0,0.0,0.0,1.0,0.0,1.0,0.0,0.0,0,1.0,0,1.0,0.0,0.0
47,48,524.1,0.0,1.0,1.0,1.0,1.0,1.0,0.0,0.0,0,1.0,0,1.0,0.0,0.0
48,49,383.5,0.0,1.0,1.0,1.0,1.0,1.0,0.0,0.0,0,1.0,0,1.0,0.0,0.0
49,50,370.9,0.0,0.0,0.0,1.0,0.0,1.0,0.0,0.0,0,1.0,0,1.0,0.0,0.0
50,51,518.4,0.0,0.0,0.0,1.0,0.0,1.0,0.0,0.0,0,1.0,0,1.0,0.0,0.0
51,52,601.7,1.0,0.0,1.0,1.0,1.0,1.0,0.0,0.0,0,1.0,0,0.0,0.0,1.0
52,53,485.2,0.0,0.0,0.0,1.0,0.0,1.0,0.0,0.0,0,1.0,0,0.0,1.0,-1.0
53,54,528.7,1.0,1.0,0.0,1.0,0.0,1.0,0.0,0.0,0,1.0,0,0.0,0.0,1.0
54,55,404.0,1.0,0.0,1.0,1.0,1.0,1.0,0.0,0.0,0,1.0,0,1.0,1.0,0.0
55,56,407.5,1.0,1.0,0.0,1.0,0.0,1.0,0.0,0.0,0,1.0,0,1.0,1.0,0.0
56,57,427.0,0.0,1.0,1.0,1.0,1.0,1.0,0.0,0.0,0,1.0,0,0.0,1.0,-1.0
57,58,422.4,1.0,1.0,0.0,1.0,0.0,1.0,0.0,0.0,0,1.0,0,0.0,0.0,1.0
58,59,357.8,1.0,1.0,0.0,1.0,0.0,1.0,0.0,0.0,0,1.0,0,1.0,1.0,0.0
59,60,629.3,1.0,1.0,0.0,1.0,0.0,1.0,0.0,0.0,0,1.0,0,1.0,1.0,0.0
60,61,376.7,0.0,0.0,0.0,1.0,0.0,1.0,0.0,0.0,0,1.0,0,0.0,1.0,-1.0
61,62,460.2,1.0,0.0,1.0,1.0,1.0,1.0,0.0,0.0,0,1.0,0,0.0,0.0,1.0
62,63,403.6,0.0,1.0,1.0,1.0,1.0,1.0,0.0,0.0,0,1.0,0,0.0,1.0,-1.0
63,64,487.0,0.0,1.0,1.0,1.0,1.0,1.0,0.0,0.0,0,1.0,0,1.0,0.0,0.0
64,65,438.5,0.0,0.0,0.0,1.0,0.0,1.0,0.0,0.0,0,1.0,0,1.0,0.0,0.0
65,66,594.0,1.0,0.0,1.0,1.0,1.0,1.0,0.0,0.0,0,1.0,0,0.0,0.0,1.0
66,67,521.3,0.0,1.0,1.0,1.0,1.0,1.0,0.0,0.0,0,1.0,0,0.0,1.0,-1.0
67,68,308.8,0.0,0.0,0.0,1.0,0.0,1.0,0.0,0.0,0,1.0,0,1.0,0.0,0.0
68,69,416.2,0.0,1.0,1.0,1.0,1.0,1.0,0.0,0.0,0,1.0,0,1.0,0.0,0.0
69,70,323.7,0.0,1.0,1.0,1.0,1.0,1.0,0.0,0.0,0,1.0,0,1.0,0.0,0.0
70,71,463.1,1.0,0.0,1.0,1.0,1.0,1.0,0.0,0.0,0,1.0,0,0.0,0.0,1.0
71,72,366.5,0.0,1.0,1.0,1.0,1.0,1.0,0.0,0.0,0,1.0,0,0.0,1.0,-1.0
72,73,473.8,0.0,1.0,1.0,1.0,1.0,1.0,0.0,0.0,0,1.0,0,1.0,0.0,0.0
73,74,369.1,1.0,0.0,1.0,1.0,1.0,1.0,0.0,0.0,0,1.0,0,0.0,0.0,1.0
74,75,436.5,1.0,1.0,0.0,1.0,0.0,1.0,0.0,0.0,0,1.0,0,1.0,1.0,0.0
75,76,416.0,0.0,0.0,0.0,1.0,0.0,1.0,0.0,0.0,0,1.0,0,0.0,1.0,-1.0
76,77,411.5,0.0,1.0,1.0,1.0,1.0,1.0,0.0,0.0,0,1.0,0,1.0,0.0,0.0
77,78,618.9,1.0,1.0,0.0,1.0,0.0,1.0,0.0,0.0,0,1.0,0,0.0,0.0,1.0
78,79,338.3,0.0,1.0,1.0,1.0,1.0,1.0,0.0,0.0,0,1.0,0,0.0,1.0,-1.0
79,80,449.8,0.0,0.0,0.0,1.0,0.0,1.0,0.0,0.0,0,1.0,0,1.0,0.0,0.0
80,81,473.3,1.0,0.0,1.0,1.0,1.0,1.0,0.0,0.0,0,1.0,0,0.0,0.0,1.0
81,82,436.6,0.0,1.0,1.0,1.0,1.0,1.0,0.0,0.0,0,1.0,0,0.0,1.0,-1.0
82,83,376.1,0.0,0.0,0.0,1.0,0.0,1.0,0.0,0.0,0,1.0,0,1.0,0.0,0.0
83,84,451.5,1.0,0.0,1.0,1.0,1.0,1.0,0.0,0.0,0,1.0,0,0.0,0.0,1.0
84,85,367.0,0.0,1.0,1.0,1.0,1.0,1.0,0.0,0.0,0,1.0,0,0.0,1.0,-1.0
85,86,454.4,0.0,0.0,0.0,1.0,0.0,1.0,0.0,0.0,0,1.0,0,1.0,0.0,0.0
86,87,305.8,1.0,1.0,0.0,0.0,1.0,1.0,0.0,0.0,1,1.0,0,1.0,0.0,0.0
87,88,325.3,0.0,1.0,1.0,0.0,0.0,1.0,0.0,0.0,1,1.0,1,0.0,0.0,1.0
88,89,540.8,1.0,1.0,0.0,1.0,0.0,1.0,0.0,0.0,0,1.0,1,0.5173471487277403,0.5173471487277403,0.48265285127225965
89,90,564.2,0.0,0.0,0.0,1.0,0.0,1.0,0.0,0.0,0,1.0,0,0.0,1.0,-1.0
90,91,407.6,1.0,0.0,1.0,1.0,1.0,1.0,0.0,0.0,0,1.0,0,0.0,0.0,1.0
91,92,407.1,1.0,0.0,1.0,1.0,1.0,1.0,0.0,0.0,0,1.0,0,1.0,1.0,0.0
92,93,430.5,1.0,1.0,0.0,1.0,0.0,1.0,0.0,0.0,0,1.0,0,1.0,1.0,0.0
93,94,450.0,0.0,1.0,1.0,1.0,1.0,1.0,0.0,0.0,0,1.0,0,0.0,1.0,-1.0
94,95,437.3,1.0,0.0,1.0,1.0,1.0,1.0,0.0,0.0,0,1.0,0,0.0,0.0,1.0
95,96,388.8,1.0,0.0,1.0,1.0,1.0,1.0,0.0,0.0,0,1.0,0,1.0,1.0,0.0
96,97,344.3,1.0,1.0,0.0,1.0,0.0,1.0,0.0,0.0,0,1.0,0,1.0,1.0,0.0
97,98,459.7,1.0,0.0,1.0,1.0,1.0,1.0,0.0,0.0,0,1.0,0,1.0,1.0,0.0
98,99,471.1,0.0,0.0,0.0,1.0,0.0,1.0,0.0,0.0,0,1.0,0,0.0,1.0,-1.0
99,100,386.6,0.0,1.0,1.0,1.0,1.0,1.0,0.0,0.0,0,1.0,0,1.0,0.0,0.0
100,101,418.0,0.0,0.0,0.0,1.0,0.0,1.0,0.0,0.0,0,1.0,0,1.0,0.0,0.0
101,102,501.5,1.0,1.0,0.0,1.0,0.0,1.0,0.0,0.0,0,1.0,0,0.0,0.0,1.0
102,103,440.9,1.0,1.0,0.0,1.0,0.0,1.0,0.0,0.0,0,1.0,0,1.0,1.0,0.0
103,104,436.3,0.0,1.0,1.0,1.0,1.0,1.0,0.0,0.0,0,1.0,0,0.0,1.0,-1.0
104,105,423.8,0.0,1.0,1.0,1.0,1.0,1.0,0.0,0.0,0,1.0,0,1.0,0.0,0.0
105,106,435.2,0.0,0.0,0.0,1.0,0.0,1.0,0.0,0.0,0,1.0,0,1.0,0.0,0.0
106,107,494.6,1.0,0.0,1.0,1.0,1.0,1.0,0.0,0.0,0,1.0,0,0.0,0.0,1.0
107,108,426.1,1.0,1.0,0.0,1.0,0.0,1.0,0.0,0.0,0,1.0,0,1.0,1.0,0.0
108,109,441.2,1.0,1.0,0.0,1.0,0.0,1.0,0.0,0.0,0,1.0,0,1.0,1.0,0.0
109,110,492.7,1.0,1.0,0.0,1.0,0.0,1.0,0.0,0.0,0,1.0,0,1.0,1.0,0.0
110,111,384.1,1.0,1.0,0.0,1.0,0.0,1.0,0.0,0.0,0,1.0,0,1.0,1.0,0.0
111,112,523.6,0.0,0.0,0.0,1.0,0.0,1.0,0.0,0.0,0,1.0,0,0.0,1.0,-1.0
112,113,418.9,0.0,1.0,1.0,1.0,1.0,1.0,0.0,0.0,0,1.0,0,1.0,0.0,0.0
113,114,346.4,1.0,0.0,1.0,1.0,1.0,1.0,0.0,0.0,0,1.0,0,0.0,0.0,1.0
114,115,509.9,1.0,0.0,1.0,1.0,1.0,1.0,0.0,0.0,0,1.0,0,1.0,1.0,0.0
115,116,413.3,1.0,0.0,1.0,1.0,1.0,1.0,0.0,0.0,0,1.0,0,1.0,1.0,0.0
116,117,336.7,0.0,1.0,1.0,1.0,1.0,1.0,0.0,0.0,0,1.0,0,0.0,1.0,-1.0
117,118,436.2,1.0,1.0,0.0,1.0,0.0,1.0,0.0,0.0,0,1.0,0,0.0,0.0,1.0
118,119,327.6,1.0,0.0,1.0,1.0,1.0,1.0,0.0,0.0,0,1.0,0,1.0,1.0,0.0
119,120,447.0,0.0,0.0,0.0,1.0,0.0,1.0,0.0,0.0,0,1.0,0,0.0,1.0,-1.0
120,121,526.5,1.0,1.0,0.0,1.0,0.0,1.0,0.0,0.0,0,1.0,0,0.0,0.0,1.0
121,122,449.9,1.0,0.0,1.0,1.0,1.0,1.0,0.0,0.0,0,1.0,0,1.0,1.0,0.0
122,123,437.4,0.0,1.0,1.0,1.0,1.0,1.0,0.0,0.0,0,1.0,0,0.0,1.0,-1.0
123,124,352.7,0.0,1.0,1.0,1.0,1.0,1.0,0.0,0.0,0,1.0,0,1.0,0.0,0.0
124,125,492.2,1.0,0.0,1.0,1.0,1.0,1.0,0.0,0.0,0,1.0,0,0.0,0.0,1.0
125,126,591.7,1.0,1.0,0.0,0.0,1.0,1.0,0.0,0.0,1,1.0,0,0.0,1.0,-1.0
126,127,475.0,0.0,0.0,0.0,1.0,0.0,1.0,0.0,0.0,0,1.0,1,0.5173471487277403,0.48265285127225965,-0.48265285127225965
127,128,502.5,1.0,0.0,1.0,1.0,1.0,1.0,0.0,0.0,0,1.0,0,0.0,0.0,1.0
128,129,510.0,0.0,0.0,0.0,1.0,0.0,1.0,0.0,0.0,0,1.0,0,0.0,1.0,-1.0
129,130,485.4,0.0,1.0,1.0,1.0,1.0,1.0,0.0,0.0,0,1.0,0,1.0,0.0,0.0
130,131,476.8,0.0,1.0,1.0,1.0,1.0,1.0,0.0,0.0,0,1.0,0,1.0,0.0,0.0
131,132,548.3,1.0,1.0,0.0,1.0,0.0,1.0,0.0,0.0,0,1.0,0,0.0,0.0,1.0
132,133,443.7,0.0,1.0,1.0,1.0,1.0,1.0,0.0,0.0,0,1.0,0,0.0,1.0,-1.0
133,134,479.1,1.0,0.0,1.0,1.0,1.0,1.0,0.0,0.0,0,1.0,0,0.0,0.0,1.0
134,135,426.6,0.0,0.0,0.0,1.0,0.0,1.0,0.0,0.0,0,1.0,0,0.0,1.0,-1.0
135,136,414.0,0.0,1.0,1.0,1.0,1.0,1.0,0.0,0.0,0,1.0,0,1.0,0.0,0.0
136,137,385.5,0.0,0.0,0.0,1.0,0.0,1.0,0.0,0.0,0,1.0,0,1.0,0.0,0.0
137,138,588.9,1.0,0.0,1.0,1.0,1.0,1.0,0.0,0.0,0,1.0,0,0.0,0.0,1.0
138,139,0.2,1.0,0.0,1.0,0.0,0.0,1.0,0.0,0.0,1,1.0,0,0.0,1.0,-1.0
139,140,431.8,0.0,0.0,0.0,1.0,0.0,1.0,0.0,0.0,0,1.0,1,0.5173471487277403,0.48265285127225965,-0.48265285127225965
140,141,503.2,1.0,1.0,0.0,1.0,0.0,1.0,0.0,0.0,0,1.0,0,0.0,0.0,1.0
141,142,474.7,1.0,0.0,1.0,1.0,1.0,1.0,0.0,0.0,0,1.0,0,1.0,1.0,0.0
142,143,358.1,1.0,0.0,1.0,1.0,1.0,1.0,0.0,0.0,0,1.0,0,1.0,1.0,0.0
143,144,325.5,1.0,0.0,1.0,1.0,1.0,1.0,0.0,0.0,0,1.0,0,1.0,1.0,0.0
144,145,484.2,1.0,1.0,0.0,1.0,0.0,1.0,0.0,0.0,0,2.0,0,1.0,1.0,0.0
145,146,547.6,0.0,1.0,1.0,1.0,1.0,1.0,0.0,0.0,0,2.0,0,0.0,1.0,-1.0
146,147,459.1,1.0,0.0,1.0,1.0,1.0,1.0,0.0,0.0,0,2.0,0,0.0,0.0,1.0
147,148,318.5,0.0,1.0,1.0,1.0,1.0,1.0,0.0,0.0,0,2.0,0,0.0,1.0,-1.0
148,149,445.9,1.0,1.0,0.0,1.0,0.0,1.0,0.0,0.0,0,2.0,0,0.0,0.0,1.0
149,150,465.4,1.0,0.0,1.0,1.0,1.0,1.0,0.0,0.0,0,2.0,0,1.0,1.0,0.0
150,151,416.9,0.0,0.0,0.0,1.0,0.0,1.0,0.0,0.0,0,2.0,0,0.0,1.0,-1.0
151,152,400.2,1.0,1.0,0.0,0.0,1.0,1.0,0.0,0.0,1,2.0,0,1.0,0.0,0.0
152,153,419.7,0.0,0.0,0.0,1.0,0.0,1.0,0.0,0.0,0,2.0,1,1.0,0.0,0.0
153,154,419.1,0.0,1.0,1.0,1.0,1.0,1.0,0.0,0.0,0,2.0,0,1.0,0.0,0.0
154,155,390.6,1.0,0.0,1.0,1.0,1.0,1.0,0.0,0.0,0,2.0,0,0.0,0.0,1.0
155,156,538.0,1.0,1.0,0.0,1.0,0.0,1.0,0.0,0.0,0,2.0,0,1.0,1.0,0.0
156,157,501.4,0.0,0.0,0.0,1.0,0.0,1.0,0.0,0.0,0,2.0,0,0.0,1.0,-1.0
157,158,420.9,1.0,0.0,1.0,1.0,1.0,1.0,0.0,0.0,0,2.0,0,0.0,0.0,1.0
158,159,448.4,1.0,0.0,1.0,1.0,1.0,1.0,0.0,0.0,0,2.0,0,1.0,1.0,0.0
159,160,439.7,0.0,0.0,0.0,1.0,0.0,1.0,0.0,0.0,0,2.0,0,0.0,1.0,-1.0
160,161,443.2,1.0,0.0,1.0,1.0,1.0,1.0,0.0,0.0,0,2.0,0,0.0,0.0,1.0
161,162,414.7,1.0,0.0,1.0,1.0,1.0,1.0,0.0,0.0,0,2.0,0,1.0,1.0,0.0
162,163,418.1,0.0,0.0,0.0,1.0,0.0,1.0,0.0,0.0,0,2.0,0,0.0,1.0,-1.0
163,164,409.5,1.0,1.0,0.0,1.0,0.0,1.0,0.0,0.0,0,2.0,0,0.0,0.0,1.0
164,165,416.9,0.0,1.0,1.0,1.0,1.0,1.0,0.0,0.0,0,2.0,0,0.0,1.0,-1.0
165,166,344.4,1.0,0.0,1.0,1.0,1.0,1.0,0.0,0.0,0,2.0,0,0.0,0.0,1.0
166,167,443.9,1.0,1.0,0.0,1.0,0.0,1.0,0.0,0.0,0,2.0,0,1.0,1.0,0.0
167,168,487.2,0.0,1.0,1.0,1.0,1.0,1.0,0.0,0.0,0,2.0,0,0.0,1.0,-1.0
168,169,426.7,0.0,1.0,1.0,1.0,1.0,1.0,0.0,0.0,0,2.0,0,1.0,0.0,0.0
169,170,342.2,1.0,0.0,1.0,0.0,0.0,1.0,0.0,0.0,1,2.0,0,1.0,0.0,0.0
170,171,469.6,1.0,0.0,1.0,1.0,1.0,1.0,0.0,0.0,0,2.0,1,0.0,0.0,1.0
171,172,633.0,0.0,1.0,1.0,1.0,1.0,1.0,0.0,0.0,0,2.0,0,0.0,1.0,-1.0
172,173,420.5,1.0,0.0,1.0,1.0,1.0,1.0,0.0,0.0,0,2.0,0,0.0,0.0,1.0
173,174,419.9,1.0,1.0,0.0,1.0,0.0,1.0,0.0,0.0,0,2.0,0,1.0,1.0,0.0
174,175,427.3,1.0,0.0,1.0,1.0,1.0,1.0,0.0,0.0,0,2.0,0,1.0,1.0,0.0
175,176,358.8,1.0,1.0,0.0,1.0,0.0,1.0,0.0,0.0,0,2.0,0,1.0,1.0,0.0
176,177,370.2,0.0,0.0,0.0,1.0,0.0,1.0,0.0,0.0,0,2.0,0,0.0,1.0,-1.0
177,178,357.7,0.0,1.0,1.0,1.0,1.0,1.0,0.0,0.0,0,2.0,0,1.0,0.0,0.0
178,179,505.1,0.0,1.0,1.0,1.0,1.0,1.0,0.0,0.0,0,2.0,0,1.0,0.0,0.0
179,180,436.5,1.0,0.0,1.0,1.0,1.0,1.0,0.0,0.0,0,2.0,0,0.0,0.0,1.0
180,181,511.7,0.0,1.0,1.0,1.0,1.0,1.0,0.0,0.0,0,2.0,0,0.0,1.0,-1.0
181,182,395.1,1.0,0.0,1.0,1.0,1.0,1.0,0.0,0.0,0,2.0,0,0.0,0.0,1.0
182,183,310.6,1.0,0.0,1.0,1.0,1.0,1.0,0.0,0.0,0,2.0,0,1.0,1.0,0.0
183,184,450.0,0.0,0.0,0.0,1.0,0.0,1.0,0.0,0.0,0,2.0,0,0.0,1.0,-1.0
184,185,421.5,0.0,1.0,1.0,1.0,1.0,1.0,0.0,0.0,0,2.0,0,1.0,0.0,0.0
185,186,376.9,1.0,1.0,0.0,1.0,0.0,1.0,0.0,0.0,0,2.0,0,0.0,0.0,1.0
186,187,372.3,0.0,1.0,1.0,1.0,1.0,1.0,0.0,0.0,0,2.0,0,0.0,1.0,-1.0
187,188,383.7,0.0,0.0,0.0,1.0,0.0,1.0,0.0,0.0,0,2.0,0,1.0,0.0,0.0
188,189,403.2,0.0,0.0,0.0,1.0,0.0,1.0,0.0,0.0,0,2.0,0,1.0,0.0,0.0
189,190,430.7,1.0,1.0,0.0,1.0,0.0,1.0,0.0,0.0,0,2.0,0,0.0,0.0,1.0
190,191,318.0,0.0,0.0,0.0,1.0,0.0,1.0,0.0,0.0,0,2.0,0,0.0,1.0,-1.0
191,192,393.5,1.0,0.0,1.0,1.0,1.0,1.0,0.0,0.0,0,2.0,0,0.0,0.0,1.0
192,193,1340.9,1.0,0.0,1.0,1.0,1.0,1.0,0.0,0.0,2,2.0,0,1.0,1.0,0.0
193,194,396.3,0.0,0.0,0.0,1.0,0.0,1.0,0.0,0.0,0,2.0,0,0.0,1.0,-1.0
194,195,359.8,1.0,0.0,1.0,1.0,1.0,1.0,0.0,0.0,0,2.0,0,0.0,0.0,1.0
195,196,451.3,1.0,1.0,0.0,1.0,0.0,1.0,0.0,0.0,0,2.0,0,1.0,1.0,0.0
196,197,318.7,1.0,1.0,0.0,1.0,0.0,1.0,0.0,0.0,0,2.0,0,1.0,1.0,0.0
197,198,410.2,0.0,1.0,1.0,0.0,0.0,1.0,0.0,0.0,1,2.0,0,1.0,1.0,0.0
198,199,497.6,0.0,0.0,0.0,1.0,0.0,1.0,0.0,0.0,0,2.0,1,0.0,1.0,-1.0
199,200,533.0,0.0,1.0,1.0,1.0,1.0,1.0,0.0,0.0,0,2.0,0,1.0,0.0,0.0
200,201,424.5,1.0,1.0,0.0,1.0,0.0,1.0,0.0,0.0,0,2.0,0,0.0,0.0,1.0
201,202,411.9,1.0,1.0,0.0,1.0,0.0,1.0,0.0,0.0,0,2.0,0,1.0,1.0,0.0
202,203,431.3,1.0,1.0,0.0,1.0,0.0,1.0,0.0,0.0,0,2.0,0,1.0,1.0,0.0
203,204,322.8,1.0,1.0,0.0,1.0,0.0,1.0,0.0,0.0,0,2.0,0,1.0,1.0,0.0
204,205,414.2,1.0,0.0,1.0,1.0,1.0,1.0,0.0,0.0,0,2.0,0,1.0,1.0,0.0
205,206,585.6,1.0,1.0,0.0,1.0,0.0,1.0,0.0,0.0,0,2.0,0,1.0,1.0,0.0
206,207,493.1,0.0,1.0,1.0,1.0,1.0,1.0,0.0,0.0,0,2.0,0,0.0,1.0,-1.0
207,208,464.5,0.0,0.0,0.0,1.0,0.0,1.0,0.0,0.0,0,2.0,0,1.0,0.0,0.0
208,209,388.0,1.0,1.0,0.0,1.0,0.0,1.0,0.0,0.0,0,2.0,0,0.0,0.0,1.0
209,210,399.4,0.0,0.0,0.0,1.0,0.0,1.0,0.0,0.0,0,2.0,0,0.0,1.0,-1.0
210,211,434.8,0.0,0.0,0.0,1.0,0.0,1.0,0.0,0.0,0,2.0,0,1.0,0.0,0.0
211,212,302.3,1.0,1.0,0.0,1.0,0.0,1.0,0.0,0.0,0,2.0,0,0.0,0.0,1.0
212,213,349.6,0.0,1.0,1.0,1.0,1.0,1.0,0.0,0.0,0,2.0,0,0.0,1.0,-1.0
213,214,545.1,1.0,1.0,0.0,1.0,0.0,1.0,0.0,0.0,0,2.0,0,0.0,0.0,1.0
214,215,396.6,1.0,1.0,0.0,1.0,0.0,1.0,0.0,0.0,0,2.0,0,1.0,1.0,0.0
215,216,364.0,0.0,0.0,0.0,1.0,0.0,1.0,0.0,0.0,0,2.0,0,0.0,1.0,-1.0
216,217,591.2,0.0,0.0,0.0,1.0,0.0,1.0,0.0,0.0,0,2.0,0,1.0,0.0,0.0
217,218,418.6,1.0,1.0,0.0,1.0,0.0,1.0,0.0,0.0,0,2.0,0,0.0,0.0,1.0
218,219,374.1,1.0,1.0,0.0,1.0,0.0,1.0,0.0,0.0,0,2.0,0,1.0,1.0,0.0
219,220,537.6,0.0,1.0,1.0,1.0,1.0,1.0,0.0,0.0,0,2.0,0,0.0,1.0,-1.0
220,221,552.9,1.0,0.0,1.0,1.0,1.0,1.0,0.0,0.0,0,2.0,0,0.0,0.0,1.0
221,222,388.4,1.0,1.0,0.0,1.0,0.0,1.0,0.0,0.0,0,2.0,0,1.0,1.0,0.0
222,223,335.8,0.0,1.0,1.0,0.0,0.0,1.0,0.0,0.0,1,2.0,0,1.0,1.0,0.0
223,224,459.2,0.0,0.0,0.0,1.0,0.0,1.0,0.0,0.0,0,2.0,1,0.0,1.0,-1.0
224,225,430.7,0.0,0.0,0.0,1.0,0.0,1.0,0.0,0.0,0,2.0,0,1.0,0.0,0.0
225,226,446.1,1.0,0.0,1.0,1.0,1.0,1.0,0.0,0.0,0,2.0,0,0.0,0.0,1.0
226,227,421.6,1.0,1.0,0.0,1.0,0.0,1.0,0.0,0.0,0,2.0,0,1.0,1.0,0.0
227,228,417.0,0.0,1.0,1.0,1.0,1.0,1.0,0.0,0.0,0,2.0,0,0.0,1.0,-1.0
228,229,384.4,1.0,1.0,0.0,1.0,0.0,1.0,0.0,0.0,0,2.0,0,0.0,0.0,1.0
229,230,423.9,1.0,1.0,0.0,1.0,0.0,1.0,0.0,0.0,0,2.0,0,1.0,1.0,0.0
230,231,491.4,0.0,0.0,0.0,1.0,0.0,1.0,0.0,0.0,0,2.0,0,0.0,1.0,-1.0
231,232,402.7,1.0,0.0,1.0,1.0,1.0,1.0,0.0,0.0,0,2.0,0,0.0,0.0,1.0
232,233,438.2,0.0,0.0,0.0,1.0,0.0,1.0,0.0,0.0,0,2.0,0,0.0,1.0,-1.0
233,234,473.7,1.0,0.0,1.0,1.0,1.0,1.0,0.0,0.0,0,2.0,0,0.0,0.0,1.0
234,235,457.0,1.0,0.0,1.0,1.0,1.0,1.0,0.0,0.0,0,2.0,0,1.0,1.0,0.0
235,236,364.5,0.0,0.0,0.0,1.0,0.0,1.0,0.0,0.0,0,2.0,0,0.0,1.0,-1.0
236,237,455.9,0.0,1.0,1.0,1.0,1.0,1.0,0.0,0.0,0,2.0,0,1.0,0.0,0.0
237,238,507.4,1.0,0.0,1.0,1.0,1.0,1.0,0.0,0.0,0,2.0,0,0.0,0.0,1.0
238,239,530.8,0.0,1.0,1.0,1.0,1.0,1.0,0.0,0.0,0,2.0,0,0.0,1.0,-1.0
239,240,418.2,1.0,0.0,1.0,1.0,1.0,1.0,0.0,0.0,0,2.0,0,0.0,0.0,1.0
240,241,353.7,1.0,1.0,0.0,1.0,0.0,1.0,0.0,0.0,0,2.0,0,1.0,1.0,0.0
241,242,365.2,1.0,1.0,0.0,1.0,0.0,1.0,0.0,0.0,0,2.0,0,1.0,1.0,0.0
242,243,380.5,1.0,1.0,0.0,1.0,0.0,1.0,0.0,0.0,0,2.0,0,1.0,1.0,0.0
243,244,584.0,1.0,0.0,1.0,1.0,1.0,1.0,0.0,0.0,0,2.0,0,1.0,1.0,0.0
244,245,419.5,1.0,0.0,1.0,1.0,1.0,1.0,0.0,0.0,0,2.0,0,1.0,1.0,0.0
245,246,390.8,1.0,1.0,0.0,1.0,0.0,1.0,0.0,0.0,0,2.0,0,1.0,1.0,0.0
246,247,474.3,1.0,0.0,1.0,1.0,1.0,1.0,0.0,0.0,0,2.0,0,1.0,1.0,0.0
247,248,461.7,0.0,1.0,1.0,1.0,1.0,1.0,0.0,0.0,0,2.0,0,0.0,1.0,-1.0
248,249,353.2,0.0,1.0,1.0,1.0,1.0,1.0,0.0,0.0,0,2.0,0,1.0,0.0,0.0
249,250,356.7,1.0,1.0,0.0,1.0,0.0,1.0,0.0,0.0,0,2.0,0,0.0,0.0,1.0
250,251,308.0,1.0,1.0,0.0,1.0,0.0,1.0,0.0,0.0,0,2.0,0,1.0,1.0,0.0
251,252,343.5,0.0,1.0,1.0,0.0,0.0,1.0,0.0,0.0,1,2.0,0,1.0,1.0,0.0
252,253,466.7,1.0,0.0,1.0,1.0,1.0,1.0,0.0,0.0,0,2.0,1,1.0,1.0,0.0
253,254,366.2,0.0,1.0,1.0,1.0,1.0,1.0,0.0,0.0,0,2.0,0,0.0,1.0,-1.0
254,255,509.6,0.0,0.0,0.0,1.0,0.0,1.0,0.0,0.0,0,2.0,0,1.0,0.0,0.0
255,256,397.0,1.0,0.0,1.0,1.0,1.0,1.0,0.0,0.0,0,2.0,0,0.0,0.0,1.0
256,257,540.5,0.0,1.0,1.0,1.0,1.0,1.0,0.0,0.0,0,2.0,0,0.0,1.0,-1.0
257,258,431.8,1.0,1.0,0.0,1.0,0.0,1.0,0.0,0.0,0,2.0,0,0.0,0.0,1.0
258,259,531.3,0.0,1.0,1.0,1.0,1.0,1.0,0.0,0.0,0,2.0,0,0.0,1.0,-1.0
259,260,366.8,0.0,1.0,1.0,1.0,1.0,1.0,0.0,0.0,0,2.0,0,1.0,0.0,0.0
260,261,442.2,0.0,0.0,0.0,1.0,0.0,1.0,0.0,0.0,0,2.0,0,1.0,0.0,0.0
261,262,589.6,0.0,0.0,0.0,1.0,0.0,1.0,0.0,0.0,0,2.0,0,1.0,0.0,0.0
262,263,513.0,0.0,1.0,1.0,1.0,1.0,1.0,0.0,0.0,0,2.0,0,1.0,0.0,0.0
263,264,480.5,0.0,0.0,0.0,1.0,0.0,1.0,0.0,0.0,0,2.0,0,1.0,0.0,0.0
264,265,508.0,1.0,0.0,1.0,1.0,1.0,1.0,0.0,0.0,0,2.0,0,0.0,0.0,1.0
265,266,607.3,0.0,1.0,1.0,1.0,1.0,1.0,0.0,0.0,0,2.0,0,0.0,1.0,-1.0
266,267,466.8,1.0,1.0,0.0,0.0,1.0,1.0,0.0,0.0,1,2.0,0,1.0,0.0,0.0
267,268,450.2,0.0,0.0,0.0,1.0,0.0,1.0,0.0,0.0,0,2.0,1,1.0,0.0,0.0
268,269,489.6,0.0,1.0,1.0,1.0,1.0,1.0,0.0,0.0,0,2.0,0,1.0,0.0,0.0
269,270,465.1,0.0,0.0,0.0,1.0,0.0,1.0,0.0,0.0,0,2.0,0,1.0,0.0,0.0
270,271,404.6,0.0,0.0,0.0,1.0,0.0,1.0,0.0,0.0,0,2.0,0,1.0,0.0,0.0
271,272,356.0,0.0,0.0,0.0,1.0,0.0,1.0,0.0,0.0,0,2.0,0,1.0,0.0,0.0
272,273,391.4,1.0,0.0,1.0,1.0,1.0,1.0,0.0,0.0,0,2.0,0,0.0,0.0,1.0
273,274,386.9,1.0,0.0,1.0,1.0,1.0,1.0,0.0,0.0,0,2.0,0,1.0,1.0,0.0
274,275,450.3,0.0,1.0,1.0,1.0,1.0,1.0,0.0,0.0,0,2.0,0,0.0,1.0,-1.0
275,276,429.8,1.0,1.0,0.0,1.0,0.0,1.0,0.0,0.0,0,2.0,0,0.0,0.0,1.0
276,277,445.1,0.0,1.0,1.0,1.0,1.0,1.0,0.0,0.0,0,2.0,0,0.0,1.0,-1.0
277,278,392.6,0.0,0.0,0.0,1.0,0.0,1.0,0.0,0.0,0,2.0,0,1.0,0.0,0.0
278,279,492.1,0.0,0.0,0.0,1.0,0.0,1.0,0.0,0.0,0,2.0,0,1.0,0.0,0.0
279,280,403.4,0.0,1.0,1.0,1.0,1.0,1.0,0.0,0.0,0,2.0,0,1.0,0.0,0.0
280,281,510.9,1.0,0.0,1.0,1.0,1.0,1.0,0.0,0.0,0,2.0,0,0.0,0.0,1.0
281,282,502.4,0.0,0.0,0.0,1.0,0.0,1.0,0.0,0.0,0,2.0,0,0.0,1.0,-1.0
282,283,369.8,0.0,0.0,0.0,1.0,0.0,1.0,0.0,0.0,0,2.0,0,1.0,0.0,0.0
283,284,337.3,0.0,0.0,0.0,1.0,0.0,1.0,0.0,0.0,0,2.0,0,1.0,0.0,0.0
284,285,468.7,0.0,1.0,1.0,1.0,1.0,1.0,0.0,0.0,0,2.0,0,1.0,0.0,0.0
285,286,472.1,0.0,0.0,0.0,1.0,0.0,1.0,0.0,0.0,0,2.0,0,1.0,0.0,0.0
286,287,363.6,0.0,1.0,1.0,1.0,1.0,1.0,0.0,0.0,0,2.0,0,1.0,0.0,0.0
287,288,435.0,1.0,0.0,1.0,1.0,1.0,1.0,0.0,0.0,0,2.0,0,0.0,0.0,1.0
288,289,408.7,1.0,1.0,0.0,1.0,0.0,1.0,0.0,0.0,0,3.0,0,1.0,1.0,0.0
289,290,436.1,0.0,1.0,1.0,1.0,1.0,1.0,0.0,0.0,0,3.0,0,0.0,1.0,-1.0
290,291,303.5,0.0,1.0,1.0,1.0,1.0,1.0,0.0,0.0,0,3.0,0,1.0,0.0,0.0
291,292,334.9,1.0,0.0,1.0,1.0,1.0,1.0,0.0,0.0,0,3.0,0,0.0,0.0,1.0
292,293,346.4,1.0,0.0,1.0,1.0,1.0,1.0,0.0,0.0,0,3.0,0,1.0,1.0,0.0
293,294,261.8,0.0,1.0,1.0,1.0,1.0,1.0,0.0,0.0,0,3.0,0,0.0,1.0,-1.0
294,295,353.3,1.0,1.0,0.0,1.0,0.0,1.0,0.0,0.0,0,3.0,0,0.0,0.0,1.0
295,296,448.7,1.0,1.0,0.0,1.0,0.0,1.0,0.0,0.0,0,3.0,0,1.0,1.0,0.0
296,297,356.1,0.0,1.0,1.0,1.0,1.0,1.0,0.0,0.0,0,3.0,0,0.0,1.0,-1.0
297,298,299.6,1.0,1.0,0.0,0.0,1.0,1.0,0.0,0.0,1,3.0,0,1.0,0.0,0.0
298,299,495.0,1.0,1.0,0.0,1.0,0.0,1.0,0.0,0.0,0,3.0,1,0.0,0.0,1.0
299,300,458.4,1.0,0.0,1.0,1.0,1.0,1.0,0.0,0.0,0,3.0,0,1.0,1.0,0.0
300,301,401.9,1.0,1.0,0.0,1.0,0.0,1.0,0.0,0.0,0,3.0,0,1.0,1.0,0.0
301,302,433.3,0.0,1.0,1.0,1.0,1.0,1.0,0.0,0.0,0,3.0,0,0.0,1.0,-1.0
302,303,412.8,1.0,1.0,0.0,1.0,0.0,1.0,0.0,0.0,0,3.0,0,0.0,0.0,1.0
303,304,352.2,1.0,1.0,0.0,1.0,0.0,1.0,0.0,0.0,0,3.0,0,1.0,1.0,0.0
304,305,411.6,1.0,0.0,1.0,1.0,1.0,1.0,0.0,0.0,0,3.0,0,1.0,1.0,0.0
305,306,375.1,1.0,1.0,0.0,1.0,0.0,1.0,0.0,0.0,0,3.0,0,1.0,1.0,0.0
306,307,434.6,1.0,1.0,0.0,1.0,0.0,1.0,0.0,0.0,0,3.0,0,1.0,1.0,0.0
307,308,409.9,1.0,0.0,1.0,1.0,1.0,1.0,0.0,0.0,0,3.0,0,1.0,1.0,0.0
308,309,493.4,1.0,0.0,1.0,1.0,1.0,1.0,0.0,0.0,0,3.0,0,1.0,1.0,0.0
309,310,472.9,0.0,0.0,0.0,1.0,0.0,1.0,0.0,0.0,0,3.0,0,0.0,1.0,-1.0
310,311,276.2,0.0,1.0,1.0,1.0,1.0,1.0,0.0,0.0,0,3.0,0,1.0,0.0,0.0
311,312,439.7,0.0,1.0,1.0,1.0,1.0,1.0,0.0,0.0,0,3.0,0,1.0,0.0,0.0
312,313,379.1,1.0,1.0,0.0,1.0,0.0,1.0,0.0,0.0,0,3.0,0,0.0,0.0,1.0
313,314,454.6,1.0,0.0,1.0,1.0,1.0,1.0,0.0,0.0,0,3.0,0,1.0,1.0,0.0
314,315,490.0,1.0,0.0,1.0,0.0,0.0,1.0,0.0,0.0,1,3.0,0,0.0,1.0,-1.0
315,316,445.4,1.0,0.0,1.0,1.0,1.0,1.0,0.0,0.0,0,3.0,1,0.48265285127225965,0.48265285127225965,0.5173471487277403
316,317,436.9,1.0,0.0,1.0,1.0,1.0,1.0,0.0,0.0,0,3.0,0,1.0,1.0,0.0
317,318,344.4,1.0,0.0,1.0,1.0,1.0,1.0,0.0,0.0,0,3.0,0,1.0,1.0,0.0
318,319,483.7,1.0,1.0,0.0,1.0,0.0,1.0,0.0,0.0,0,3.0,0,1.0,1.0,0.0
319,320,671.2,0.0,0.0,0.0,1.0,0.0,1.0,0.0,0.0,0,3.0,0,0.0,1.0,-1.0
320,321,410.7,0.0,0.0,0.0,1.0,0.0,1.0,0.0,0.0,0,3.0,0,1.0,0.0,0.0
321,322,402.1,1.0,1.0,0.0,1.0,0.0,1.0,0.0,0.0,0,3.0,0,0.0,0.0,1.0
322,323,405.5,0.0,1.0,1.0,1.0,1.0,1.0,0.0,0.0,0,3.0,0,0.0,1.0,-1.0
323,324,337.0,0.0,1.0,1.0,1.0,1.0,1.0,0.0,0.0,0,3.0,0,1.0,0.0,0.0
324,325,576.1,0.0,1.0,1.0,1.0,1.0,1.0,0.0,0.0,0,3.0,0,1.0,0.0,0.0
325,326,319.5,0.0,1.0,1.0,1.0,1.0,1.0,0.0,0.0,0,3.0,0,1.0,0.0,0.0
326,327,391.0,0.0,0.0,0.0,1.0,0.0,1.0,0.0,0.0,0,3.0,0,1.0,0.0,0.0
327,328,458.5,1.0,0.0,1.0,1.0,1.0,1.0,0.0,0.0,0,3.0,0,0.0,0.0,1.0
328,329,429.8,1.0,1.0,0.0,1.0,0.0,1.0,0.0,0.0,0,3.0,0,1.0,1.0,0.0
329,330,621.3,0.0,0.0,0.0,1.0,0.0,1.0,0.0,0.0,0,3.0,0,0.0,1.0,-1.0
330,331,392.7,0.0,0.0,0.0,1.0,0.0,1.0,0.0,0.0,0,3.0,0,1.0,0.0,0.0
331,332,292.2,0.0,0.0,0.0,1.0,0.0,1.0,0.0,0.0,0,3.0,0,1.0,0.0,0.0
332,333,327.6,0.0,0.0,0.0,1.0,0.0,1.0,0.0,0.0,0,3.0,0,1.0,0.0,0.0
333,334,419.1,1.0,1.0,0.0,1.0,0.0,1.0,0.0,0.0,0,3.0,0,0.0,0.0,1.0
334,335,466.5,0.0,1.0,1.0,1.0,1.0,1.0,0.0,0.0,0,3.0,0,0.0,1.0,-1.0
335,336,474.0,1.0,1.0,0.0,1.0,0.0,1.0,0.0,0.0,0,3.0,0,0.0,0.0,1.0
336,337,449.3,1.0,1.0,0.0,1.0,0.0,1.0,0.0,0.0,0,3.0,0,1.0,1.0,0.0
337,338,476.8,0.0,0.0,0.0,1.0,0.0,1.0,0.0,0.0,0,3.0,0,0.0,1.0,-1.0
338,339,684.3,0.0,0.0,0.0,1.0,0.0,1.0,0.0,0.0,0,3.0,0,1.0,0.0,0.0
339,340,459.6,1.0,1.0,0.0,1.0,0.0,1.0,0.0,0.0,0,3.0,0,0.0,0.0,1.0
340,341,431.1,0.0,1.0,1.0,1.0,1.0,1.0,0.0,0.0,0,3.0,0,0.0,1.0,-1.0
341,342,570.5,0.0,0.0,0.0,1.0,0.0,1.0,0.0,0.0,0,3.0,0,1.0,0.0,0.0
342,343,486.0,0.0,1.0,1.0,1.0,1.0,1.0,0.0,0.0,0,3.0,0,1.0,0.0,0.0
343,344,497.5,1.0,0.0,1.0,1.0,1.0,1.0,0.0,0.0,0,3.0,0,0.0,0.0,1.0
344,345,340.8,1.0,0.0,1.0,1.0,1.0,1.0,0.0,0.0,0,3.0,0,1.0,1.0,0.0
345,346,400.3,0.0,0.0,0.0,1.0,0.0,1.0,0.0,0.0,0,3.0,0,0.0,1.0,-1.0
346,347,399.8,0.0,1.0,1.0,1.0,1.0,1.0,0.0,0.0,0,3.0,0,1.0,0.0,0.0
347,348,435.2,0.0,1.0,1.0,1.0,1.0,1.0,0.0,0.0,0,3.0,0,1.0,0.0,0.0
348,349,478.6,0.0,0.0,0.0,1.0,0.0,1.0,0.0,0.0,0,3.0,0,1.0,0.0,0.0
349,350,626.1,1.0,1.0,0.0,1.0,0.0,1.0,0.0,0.0,0,3.0,0,0.0,0.0,1.0
350,351,429.5,1.0,0.0,1.0,1.0,1.0,1.0,0.0,0.0,0,3.0,0,1.0,1.0,0.0
351,352,528.9,1.0,1.0,0.0,1.0,0.0,1.0,0.0,0.0,0,3.0,0,1.0,1.0,0.0
352,353,344.4,1.0,0.0,1.0,1.0,1.0,1.0,0.0,0.0,0,3.0,0,1.0,1.0,0.0
353,354,507.8,1.0,1.0,0.0,1.0,0.0,1.0,0.0,0.0,0,3.0,0,1.0,1.0,0.0
354,355,403.2,0.0,0.0,0.0,1.0,0.0,1.0,0.0,0.0,0,3.0,0,0.0,1.0,-1.0
355,356,398.6,0.0,1.0,1.0,1.0,1.0,1.0,0.0,0.0,0,3.0,0,1.0,0.0,0.0
356,357,458.1,1.0,0.0,1.0,1.0,1.0,1.0,0.0,0.0,0,3.0,0,0.0,0.0,1.0
357,358,433.6,0.0,0.0,0.0,1.0,0.0,1.0,0.0,0.0,0,3.0,0,0.0,1.0,-1.0
358,359,405.0,1.0,0.0,1.0,1.0,1.0,1.0,0.0,0.0,0,3.0,0,0.0,0.0,1.0
359,360,400.4,1.0,0.0,1.0,1.0,1.0,1.0,0.0,0.0,0,3.0,0,1.0,1.0,0.0
360,361,515.7,1.0,1.0,0.0,1.0,0.0,1.0,0.0,0.0,0,3.0,0,1.0,1.0,0.0
361,362,467.1,1.0,0.0,1.0,1.0,1.0,1.0,0.0,0.0,0,3.0,0,1.0,1.0,0.0
362,363,426.4,1.0,1.0,0.0,1.0,0.0,1.0,0.0,0.0,0,3.0,0,1.0,1.0,0.0
363,364,397.9,1.0,1.0,0.0,1.0,0.0,1.0,0.0,0.0,0,3.0,0,1.0,1.0,0.0
364,365,385.4,1.0,0.0,1.0,1.0,1.0,1.0,0.0,0.0,0,3.0,0,1.0,1.0,0.0
365,366,420.7,1.0,1.0,0.0,1.0,0.0,1.0,0.0,0.0,0,3.0,0,1.0,1.0,0.0
366,367,492.2,0.0,0.0,0.0,1.0,0.0,1.0,0.0,0.0,0,3.0,0,0.0,1.0,-1.0
367,368,431.7,1.0,0.0,1.0,1.0,1.0,1.0,0.0,0.0,0,3.0,0,0.0,0.0,1.0
368,369,519.0,0.0,0.0,0.0,1.0,0.0,1.0,0.0,0.0,0,3.0,0,0.0,1.0,-1.0
369,370,490.5,1.0,0.0,1.0,1.0,1.0,1.0,0.0,0.0,0,3.0,0,0.0,0.0,1.0
370,371,422.0,0.0,0.0,0.0,1.0,0.0,1.0,0.0,0.0,0,3.0,0,0.0,1.0,-1.0
371,372,493.4,1.0,1.0,0.0,1.0,0.0,1.0,0.0,0.0,0,3.0,0,0.0,0.0,1.0
372,373,356.8,1.0,1.0,0.0,1.0,0.0,1.0,0.0,0.0,0,3.0,0,1.0,1.0,0.0
373,374,324.3,0.0,0.0,0.0,1.0,0.0,1.0,0.0,0.0,0,3.0,0,0.0,1.0,-1.0
374,375,519.7,1.0,0.0,1.0,1.0,1.0,1.0,0.0,0.0,0,3.0,0,0.0,0.0,1.0
375,376,423.2,0.0,0.0,0.0,1.0,0.0,1.0,0.0,0.0,0,3.0,0,0.0,1.0,-1.0
376,377,394.5,0.0,0.0,0.0,1.0,0.0,1.0,0.0,0.0,0,3.0,0,1.0,0.0,0.0
377,378,454.0,1.0,0.0,1.0,1.0,1.0,1.0,0.0,0.0,0,3.0,0,0.0,0.0,1.0
378,379,629.5,0.0,1.0,1.0,1.0,1.0,1.0,0.0,0.0,0,3.0,0,0.0,1.0,-1.0
379,380,560.8,1.0,0.0,1.0,1.0,1.0,1.0,0.0,0.0,0,3.0,0,0.0,0.0,1.0
380,381,500.3,0.0,0.0,0.0,1.0,0.0,1.0,0.0,0.0,0,3.0,0,0.0,1.0,-1.0
381,382,351.8,0.0,0.0,0.0,1.0,0.0,1.0,0.0,0.0,0,3.0,0,1.0,0.0,0.0
382,383,403.2,0.0,1.0,1.0,1.0,1.0,1.0,0.0,0.0,0,3.0,0,1.0,0.0,0.0
383,384,318.6,0.0,1.0,1.0,1.0,1.0,1.0,0.0,0.0,0,3.0,0,1.0,0.0,0.0
384,385,378.1,0.0,0.0,0.0,1.0,0.0,1.0,0.0,0.0,0,3.0,0,1.0,0.0,0.0
385,386,337.5,0.0,0.0,0.0,1.0,0.0,1.0,0.0,0.0,0,3.0,0,1.0,0.0,0.0
386,387,349.0,1.0,1.0,0.0,1.0,0.0,1.0,0.0,0.0,0,3.0,0,0.0,0.0,1.0
387,388,400.4,1.0,0.0,1.0,1.0,1.0,1.0,0.0,0.0,0,3.0,0,1.0,1.0,0.0
388,389,415.8,0.0,0.0,0.0,1.0,0.0,1.0,0.0,0.0,0,3.0,0,0.0,1.0,-1.0
389,390,415.3,0.0,0.0,0.0,1.0,0.0,1.0,0.0,0.0,0,3.0,0,1.0,0.0,0.0
390,391,506.6,1.0,1.0,0.0,1.0,0.0,1.0,0.0,0.0,0,3.0,0,0.0,0.0,1.0
391,392,422.1,1.0,0.0,1.0,1.0,1.0,1.0,0.0,0.0,0,3.0,0,1.0,1.0,0.0
392,393,413.6,0.0,1.0,1.0,1.0,1.0,1.0,0.0,0.0,0,3.0,0,0.0,1.0,-1.0
393,394,505.0,1.0,1.0,0.0,1.0,0.0,1.0,0.0,0.0,0,3.0,0,0.0,0.0,1.0
394,395,556.4,1.0,0.0,1.0,1.0,1.0,1.0,0.0,0.0,0,3.0,0,1.0,1.0,0.0
395,396,579.9,0.0,0.0,0.0,1.0,0.0,1.0,0.0,0.0,0,3.0,0,0.0,1.0,-1.0
396,397,435.1,0.0,1.0,1.0,1.0,1.0,1.0,0.0,0.0,0,3.0,0,1.0,0.0,0.0
397,398,438.4,1.0,0.0,1.0,1.0,1.0,1.0,0.0,0.0,0,3.0,0,0.0,0.0,1.0
398,399,397.9,1.0,1.0,0.0,1.0,0.0,1.0,0.0,0.0,0,3.0,0,1.0,1.0,0.0
399,400,309.4,0.0,0.0,0.0,0.0,1.0,1.0,0.0,0.0,1,3.0,0,1.0,1.0,0.0
400,401,416.8,0.0,0.0,0.0,1.0,0.0,1.0,0.0,0.0,0,3.0,1,0.0,1.0,-1.0
401,402,440.2,1.0,0.0,1.0,1.0,1.0,1.0,0.0,0.0,0,3.0,0,0.0,0.0,1.0
402,403,395.7,0.0,1.0,1.0,1.0,1.0,1.0,0.0,0.0,0,3.0,0,0.0,1.0,-1.0
403,404,319.1,0.0,1.0,1.0,1.0,1.0,1.0,0.0,0.0,0,3.0,0,1.0,0.0,0.0
404,405,422.6,1.0,0.0,1.0,1.0,1.0,1.0,0.0,0.0,0,3.0,0,0.0,0.0,1.0
405,406,405.9,0.0,0.0,0.0,1.0,0.0,1.0,0.0,0.0,0,3.0,0,0.0,1.0,-1.0
406,407,329.4,0.0,1.0,1.0,1.0,1.0,1.0,0.0,0.0,0,3.0,0,1.0,0.0,0.0
407,408,316.9,0.0,1.0,1.0,1.0,1.0,1.0,0.0,0.0,0,3.0,0,1.0,0.0,0.0
408,409,412.2,1.0,1.0,0.0,1.0,0.0,1.0,0.0,0.0,0,3.0,0,0.0,0.0,1.0
409,410,495.7,0.0,1.0,1.0,1.0,1.0,1.0,0.0,0.0,0,3.0,0,0.0,1.0,-1.0
410,411,575.2,1.0,1.0,0.0,1.0,0.0,1.0,0.0,0.0,0,3.0,0,0.0,0.0,1.0
411,412,618.6,0.0,1.0,1.0,1.0,1.0,1.0,0.0,0.0,0,3.0,0,0.0,1.0,-1.0
412,413,398.0,0.0,1.0,1.0,1.0,1.0,1.0,0.0,0.0,0,3.0,0,1.0,0.0,0.0
413,414,429.5,0.0,1.0,1.0,1.0,1.0,1.0,0.0,0.0,0,3.0,0,1.0,0.0,0.0
414,415,448.9,0.0,1.0,1.0,1.0,1.0,1.0,0.0,0.0,0,3.0,0,1.0,0.0,0.0
415,416,428.4,0.0,1.0,1.0,1.0,1.0,1.0,0.0,0.0,0,3.0,0,1.0,0.0,0.0
416,417,419.7,0.0,1.0,1.0,1.0,1.0,1.0,0.0,0.0,0,3.0,0,1.0,0.0,0.0
417,418,583.2,0.0,0.0,0.0,1.0,0.0,1.0,0.0,0.0,0,3.0,0,1.0,0.0,0.0
418,419,562.7,1.0,1.0,0.0,1.0,0.0,1.0,0.0,0.0,0,3.0,0,0.0,0.0,1.0
419,420,398.1,1.0,0.0,1.0,1.0,1.0,1.0,0.0,0.0,0,3.0,0,1.0,1.0,0.0
420,421,457.5,0.0,0.0,0.0,1.0,0.0,1.0,0.0,0.0,0,3.0,0,0.0,1.0,-1.0
421,422,469.0,0.0,1.0,1.0,1.0,1.0,1.0,0.0,0.0,0,3.0,0,1.0,0.0,0.0
422,423,316.5,1.0,0.0,1.0,1.0,1.0,1.0,0.0,0.0,0,3.0,0,0.0,0.0,1.0
423,424,355.8,0.0,1.0,1.0,1.0,1.0,1.0,0.0,0.0,0,3.0,0,0.0,1.0,-1.0
424,425,471.3,0.0,0.0,0.0,1.0,0.0,1.0,0.0,0.0,0,3.0,0,1.0,0.0,0.0
425,426,442.7,1.0,0.0,1.0,1.0,1.0,1.0,0.0,0.0,0,3.0,0,0.0,0.0,1.0
426,427,690.1,0.0,0.0,0.0,1.0,0.0,1.0,0.0,0.0,0,3.0,0,0.0,1.0,-1.0
427,428,405.6,0.0,0.0,0.0,1.0,0.0,1.0,0.0,0.0,0,3.0,0,1.0,0.0,0.0
428,429,393.0,1.0,1.0,0.0,1.0,0.0,1.0,0.0,0.0,0,3.0,0,0.0,0.0,1.0
429,430,340.5,1.0,0.0,1.0,1.0,1.0,1.0,0.0,0.0,0,3.0,0,1.0,1.0,0.0
430,431,711.9,0.0,1.0,1.0,1.0,1.0,1.0,0.0,0.0,2,3.0,0,0.0,1.0,-1.0
431,432,411.3,1.0,1.0,0.0,1.0,0.0,1.0,0.0,0.0,0,3.0,0,0.0,0.0,1.0
432,433,796.5,1.0,0.0,1.0,1.0,1.0,0.0,1.0,0.0,2,1.0,0,1.0,1.0,0.0
433,434,456.0,1.0,0.0,1.0,1.0,1.0,0.0,1.0,0.0,0,1.0,0,1.0,1.0,0.0
434,435,439.3,0.0,0.0,0.0,1.0,0.0,0.0,1.0,0.0,0,1.0,0,0.0,1.0,-1.0
435,436,398.8,0.0,1.0,1.0,1.0,1.0,0.0,1.0,0.0,0,1.0,0,1.0,0.0,0.0
436,437,306.2,0.0,1.0,1.0,1.0,1.0,0.0,1.0,0.0,0,1.0,0,1.0,0.0,0.0
437,438,441.7,1.0,1.0,0.0,1.0,0.0,0.0,1.0,0.0,0,1.0,0,0.0,0.0,1.0
438,439,421.2,0.0,1.0,1.0,1.0,1.0,0.0,1.0,0.0,0,1.0,0,0.0,1.0,-1.0
439,440,528.5,0.0,0.0,0.0,1.0,0.0,0.0,1.0,0.0,0,1.0,0,1.0,0.0,0.0
440,441,436.0,1.0,0.0,1.0,1.0,1.0,0.0,1.0,0.0,0,1.0,0,0.0,0.0,1.0
441,442,367.5,1.0,0.0,1.0,1.0,1.0,0.0,1.0,0.0,0,1.0,0,1.0,1.0,0.0
442,443,406.8,1.0,1.0,0.0,1.0,0.0,0.0,1.0,0.0,0,1.0,0,1.0,1.0,0.0
443,444,506.3,1.0,1.0,0.0,1.0,0.0,0.0,1.0,0.0,0,1.0,0,1.0,1.0,0.0
444,445,389.7,0.0,0.0,0.0,1.0,0.0,0.0,1.0,0.0,0,1.0,0,0.0,1.0,-1.0
445,446,385.2,0.0,0.0,0.0,1.0,0.0,0.0,1.0,0.0,0,1.0,0,1.0,0.0,0.0
446,447,692.6,1.0,1.0,0.0,1.0,0.0,0.0,1.0,0.0,0,1.0,0,0.0,0.0,1.0
447,448,416.0,0.0,1.0,1.0,1.0,1.0,0.0,1.0,0.0,0,1.0,0,0.0,1.0,-1.0
448,449,547.5,0.0,0.0,0.0,0.0,1.0,0.0,1.0,0.0,1,1.0,0,0.0,0.0,1.0
449,450,370.9,1.0,0.0,1.0,1.0,1.0,0.0,1.0,0.0,0,1.0,1,0.5173471487277403,0.5173471487277403,0.48265285127225965
450,451,398.3,0.0,0.0,0.0,1.0,0.0,0.0,1.0,0.0,0,1.0,0,0.0,1.0,-1.0
451,452,473.8,0.0,1.0,1.0,1.0,1.0,0.0,1.0,0.0,0,1.0,0,1.0,0.0,0.0
452,453,613.3,1.0,0.0,1.0,1.0,1.0,0.0,1.0,0.0,0,1.0,0,0.0,0.0,1.0
453,454,432.6,1.0,0.0,1.0,1.0,1.0,0.0,1.0,0.0,0,1.0,0,1.0,1.0,0.0
454,455,344.1,1.0,0.0,1.0,1.0,1.0,0.0,1.0,0.0,0,1.0,0,1.0,1.0,0.0
455,456,379.6,0.0,0.0,0.0,1.0,0.0,0.0,1.0,0.0,0,1.0,0,0.0,1.0,-1.0
456,457,463.0,1.0,0.0,1.0,1.0,1.0,0.0,1.0,0.0,0,1.0,0,0.0,0.0,1.0
457,458,450.4,1.0,0.0,1.0,1.0,1.0,0.0,1.0,0.0,0,1.0,0,1.0,1.0,0.0
458,459,365.9,1.0,0.0,1.0,1.0,1.0,0.0,1.0,0.0,0,1.0,0,1.0,1.0,0.0
459,460,521.3,0.0,0.0,0.0,1.0,0.0,0.0,1.0,0.0,0,1.0,0,0.0,1.0,-1.0
460,461,484.7,0.0,1.0,1.0,1.0,1.0,0.0,1.0,0.0,0,1.0,0,1.0,0.0,0.0
461,462,616.1,1.0,1.0,0.0,1.0,0.0,0.0,1.0,0.0,0,1.0,0,0.0,0.0,1.0
462,463,419.6,0.0,0.0,0.0,1.0,0.0,0.0,1.0,0.0,0,1.0,0,0.0,1.0,-1.0
463,464,479.1,1.0,0.0,1.0,1.0,1.0,0.0,1.0,0.0,0,1.0,0,0.0,0.0,1.0
464,465,442.4,1.0,0.0,1.0,1.0,1.0,0.0,1.0,0.0,0,1.0,0,1.0,1.0,0.0
465,466,365.9,0.0,0.0,0.0,1.0,0.0,0.0,1.0,0.0,0,1.0,0,0.0,1.0,-1.0
466,467,405.4,1.0,1.0,0.0,1.0,0.0,0.0,1.0,0.0,0,1.0,0,0.0,0.0,1.0
467,468,416.7,0.0,1.0,1.0,1.0,1.0,0.0,1.0,0.0,0,1.0,0,0.0,1.0,-1.0
468,469,520.0,0.0,0.0,0.0,1.0,0.0,0.0,1.0,0.0,0,1.0,0,1.0,0.0,0.0
469,470,355.4,1.0,1.0,0.0,1.0,0.0,0.0,1.0,0.0,0,1.0,0,0.0,0.0,1.0
470,471,422.8,1.0,0.0,1.0,1.0,1.0,0.0,1.0,0.0,0,1.0,0,1.0,1.0,0.0
471,472,398.2,1.0,1.0,0.0,1.0,0.0,0.0,1.0,0.0,0,1.0,0,1.0,1.0,0.0
472,473,489.7,1.0,1.0,0.0,1.0,0.0,0.0,1.0,0.0,0,1.0,0,1.0,1.0,0.0
473,474,309.2,1.0,0.0,1.0,1.0,1.0,0.0,1.0,0.0,0,1.0,0,1.0,1.0,0.0
474,475,340.5,1.0,0.0,1.0,1.0,1.0,0.0,1.0,0.0,0,1.0,0,1.0,1.0,0.0
475,476,304.0,1.0,0.0,1.0,1.0,1.0,0.0,1.0,0.0,0,1.0,0,1.0,1.0,0.0
476,477,303.5,1.0,0.0,1.0,1.0,1.0,0.0,1.0,0.0,0,1.0,0,1.0,1.0,0.0
477,478,410.9,1.0,1.0,0.0,1.0,0.0,0.0,1.0,0.0,0,1.0,0,1.0,1.0,0.0
478,479,442.3,1.0,1.0,0.0,1.0,0.0,0.0,1.0,0.0,0,1.0,0,1.0,1.0,0.0
479,480,493.7,0.0,1.0,1.0,1.0,1.0,0.0,1.0,0.0,0,1.0,0,0.0,1.0,-1.0
480,481,333.2,0.0,1.0,1.0,1.0,1.0,0.0,1.0,0.0,0,1.0,0,1.0,0.0,0.0
481,482,460.6,0.0,0.0,0.0,1.0,0.0,0.0,1.0,0.0,0,1.0,0,1.0,0.0,0.0
482,483,452.0,0.0,1.0,1.0,1.0,1.0,0.0,1.0,0.0,0,1.0,0,1.0,0.0,0.0
483,484,431.5,1.0,0.0,1.0,1.0,1.0,0.0,1.0,0.0,0,1.0,0,0.0,0.0,1.0
484,485,395.0,0.0,1.0,1.0,1.0,1.0,0.0,1.0,0.0,0,1.0,0,0.0,1.0,-1.0
485,486,294.3,0.0,1.0,1.0,1.0,1.0,0.0,1.0,0.0,0,1.0,0,1.0,0.0,0.0
486,487,393.8,0.0,0.0,0.0,1.0,0.0,0.0,1.0,0.0,0,1.0,0,1.0,0.0,0.0
487,488,389.3,0.0,0.0,0.0,1.0,0.0,0.0,1.0,0.0,0,1.0,0,1.0,0.0,0.0
488,489,384.6,1.0,0.0,1.0,1.0,1.0,0.0,1.0,0.0,0,1.0,0,0.0,0.0,1.0
489,490,396.1,0.0,0.0,0.0,1.0,0.0,0.0,1.0,0.0,0,1.0,0,0.0,1.0,-1.0
490,491,443.6,0.0,1.0,1.0,1.0,1.0,0.0,1.0,0.0,0,1.0,0,1.0,0.0,0.0
491,492,455.0,0.0,0.0,0.0,1.0,0.0,0.0,1.0,0.0,0,1.0,0,1.0,0.0,0.0
492,493,478.4,1.0,1.0,0.0,1.0,0.0,0.0,1.0,0.0,0,1.0,0,0.0,0.0,1.0
493,494,393.8,0.0,0.0,0.0,1.0,0.0,0.0,1.0,0.0,0,1.0,0,0.0,1.0,-1.0
494,495,345.3,0.0,0.0,0.0,1.0,0.0,0.0,1.0,0.0,0,1.0,0,1.0,0.0,0.0
495,496,424.7,0.0,1.0,1.0,1.0,1.0,0.0,1.0,0.0,0,1.0,0,1.0,0.0,0.0
496,497,476.1,1.0,0.0,1.0,1.0,1.0,0.0,1.0,0.0,0,1.0,0,0.0,0.0,1.0
497,498,387.6,1.0,0.0,1.0,1.0,1.0,0.0,1.0,0.0,0,1.0,0,1.0,1.0,0.0
498,499,451.1,1.0,1.0,0.0,1.0,0.0,0.0,1.0,0.0,0,1.0,0,1.0,1.0,0.0
499,500,678.4,1.0,1.0,0.0,1.0,0.0,0.0,1.0,0.0,0,1.0,0,1.0,1.0,0.0
500,501,433.9,0.0,1.0,1.0,1.0,1.0,0.0,1.0,0.0,0,1.0,0,0.0,1.0,-1.0
501,502,409.4,0.0,0.0,0.0,1.0,0.0,0.0,1.0,0.0,0,1.0,0,1.0,0.0,0.0
502,503,472.7,1.0,1.0,0.0,1.0,0.0,0.0,1.0,0.0,0,1.0,0,0.0,0.0,1.0
503,504,364.2,0.0,1.0,1.0,1.0,1.0,0.0,1.0,0.0,0,1.0,0,0.0,1.0,-1.0
504,505,563.4,0.0,1.0,1.0,1.0,1.0,0.0,1.0,0.0,0,1.0,0,1.0,0.0,0.0
505,506,322.8,0.0,1.0,1.0,1.0,1.0,0.0,1.0,0.0,0,1.0,0,1.0,0.0,0.0
506,507,430.2,1.0,1.0,0.0,1.0,0.0,0.0,1.0,0.0,0,1.0,0,0.0,0.0,1.0
507,508,397.7,0.0,0.0,0.0,1.0,0.0,0.0,1.0,0.0,0,1.0,0,0.0,1.0,-1.0
508,509,325.1,1.0,1.0,0.0,1.0,0.0,0.0,1.0,0.0,0,1.0,0,0.0,0.0,1.0
509,510,332.5,0.0,1.0,1.0,0.0,0.0,0.0,1.0,0.0,1,1.0,0,1.0,1.0,0.0
510,511,472.0,0.0,1.0,1.0,1.0,1.0,0.0,1.0,0.0,0,1.0,1,0.0,1.0,-1.0
511,512,291.5,0.0,1.0,1.0,1.0,1.0,0.0,1.0,0.0,0,1.0,0,1.0,0.0,0.0
512,513,486.8,0.0,0.0,0.0,1.0,0.0,0.0,1.0,0.0,0,1.0,0,1.0,0.0,0.0
513,514,462.3,0.0,0.0,0.0,1.0,0.0,0.0,1.0,0.0,0,1.0,0,1.0,0.0,0.0
514,515,497.7,0.0,0.0,0.0,1.0,0.0,0.0,1.0,0.0,0,1.0,0,1.0,0.0,0.0
515,516,373.2,0.0,0.0,0.0,1.0,0.0,0.0,1.0,0.0,0,1.0,0,1.0,0.0,0.0
516,517,328.6,0.0,0.0,0.0,1.0,0.0,0.0,1.0,0.0,0,1.0,0,1.0,0.0,0.0
517,518,272.0,0.0,0.0,0.0,1.0,0.0,0.0,1.0,0.0,0,1.0,0,1.0,0.0,0.0
518,519,495.5,1.0,1.0,0.0,1.0,0.0,0.0,1.0,0.0,0,1.0,0,0.0,0.0,1.0
519,520,475.0,1.0,0.0,1.0,1.0,1.0,0.0,1.0,0.0,0,1.0,0,1.0,1.0,0.0
520,521,626.3,1.0,1.0,0.0,1.0,0.0,0.0,1.0,0.0,0,1.0,0,1.0,1.0,0.0
521,522,369.8,1.0,1.0,0.0,1.0,0.0,0.0,1.0,0.0,0,1.0,0,1.0,1.0,0.0
522,523,421.3,0.0,0.0,0.0,1.0,0.0,0.0,1.0,0.0,0,1.0,0,0.0,1.0,-1.0
523,524,400.7,0.0,1.0,1.0,1.0,1.0,0.0,1.0,0.0,0,1.0,0,1.0,0.0,0.0
524,525,472.1,1.0,0.0,1.0,1.0,1.0,0.0,1.0,0.0,0,1.0,0,0.0,0.0,1.0
525,526,411.5,1.0,1.0,0.0,1.0,0.0,0.0,1.0,0.0,0,1.0,0,1.0,1.0,0.0
526,527,439.0,0.0,1.0,1.0,1.0,1.0,0.0,1.0,0.0,0,1.0,0,0.0,1.0,-1.0
527,528,406.5,0.0,0.0,0.0,1.0,0.0,0.0,1.0,0.0,0,1.0,0,1.0,0.0,0.0
528,529,377.8,0.0,1.0,1.0,1.0,1.0,0.0,1.0,0.0,0,1.0,0,1.0,0.0,0.0
529,530,397.3,1.0,1.0,0.0,1.0,0.0,0.0,1.0,0.0,0,1.0,0,0.0,0.0,1.0
530,531,480.8,1.0,0.0,1.0,1.0,1.0,0.0,1.0,0.0,0,1.0,0,1.0,1.0,0.0
531,532,404.2,1.0,1.0,0.0,1.0,0.0,0.0,1.0,0.0,0,1.0,0,1.0,1.0,0.0
532,533,423.7,0.0,1.0,1.0,1.0,1.0,0.0,1.0,0.0,0,1.0,0,0.0,1.0,-1.0
533,534,451.0,1.0,0.0,1.0,1.0,1.0,0.0,1.0,0.0,0,1.0,0,0.0,0.0,1.0
534,535,502.5,1.0,0.0,1.0,1.0,1.0,0.0,1.0,0.0,0,1.0,0,1.0,1.0,0.0
535,536,366.0,1.0,1.0,0.0,1.0,0.0,0.0,1.0,0.0,0,1.0,0,1.0,1.0,0.0
536,537,545.4,0.0,1.0,1.0,1.0,1.0,0.0,1.0,0.0,0,1.0,0,0.0,1.0,-1.0
537,538,460.8,0.0,1.0,1.0,1.0,1.0,0.0,1.0,0.0,0,1.0,0,1.0,0.0,0.0
538,539,464.3,0.0,0.0,0.0,1.0,0.0,0.0,1.0,0.0,0,1.0,0,1.0,0.0,0.0
539,540,527.8,0.0,0.0,0.0,1.0,0.0,0.0,1.0,0.0,0,1.0,0,1.0,0.0,0.0
540,541,470.9,0.0,1.0,1.0,1.0,1.0,0.0,1.0,0.0,0,1.0,0,1.0,0.0,0.0
541,542,382.3,1.0,1.0,0.0,1.0,0.0,0.0,1.0,0.0,0,1.0,0,0.0,0.0,1.0
542,543,457.7,0.0,1.0,1.0,1.0,1.0,0.0,1.0,0.0,0,1.0,0,0.0,1.0,-1.0
543,544,501.1,1.0,0.0,1.0,1.0,1.0,0.0,1.0,0.0,0,1.0,0,0.0,0.0,1.0
544,545,332.6,0.0,1.0,1.0,1.0,1.0,0.0,1.0,0.0,0,1.0,0,0.0,1.0,-1.0
545,546,480.1,1.0,1.0,0.0,1.0,0.0,0.0,1.0,0.0,0,1.0,0,0.0,0.0,1.0
546,547,427.4,0.0,0.0,0.0,1.0,0.0,0.0,1.0,0.0,0,1.0,0,0.0,1.0,-1.0
547,548,526.9,1.0,1.0,0.0,1.0,0.0,0.0,1.0,0.0,0,1.0,0,0.0,0.0,1.0
548,549,442.4,0.0,1.0,1.0,1.0,1.0,0.0,1.0,0.0,0,1.0,0,0.0,1.0,-1.0
549,550,553.8,0.0,0.0,0.0,1.0,0.0,0.0,1.0,0.0,0,1.0,0,1.0,0.0,0.0
550,551,821.2,1.0,0.0,1.0,1.0,1.0,0.0,1.0,0.0,2,1.0,0,0.0,0.0,1.0
551,552,668.6,0.0,1.0,1.0,1.0,1.0,0.0,1.0,0.0,0,1.0,0,0.0,1.0,-1.0
552,553,408.1,1.0,0.0,1.0,1.0,1.0,0.0,1.0,0.0,0,1.0,0,0.0,0.0,1.0
553,554,527.6,1.0,1.0,0.0,1.0,0.0,0.0,1.0,0.0,0,1.0,0,1.0,1.0,0.0
554,555,491.0,1.0,1.0,0.0,1.0,0.0,0.0,1.0,0.0,0,1.0,0,1.0,1.0,0.0
555,556,406.4,1.0,1.0,0.0,1.0,0.0,0.0,1.0,0.0,0,1.0,0,1.0,1.0,0.0
556,557,721.9,1.0,0.0,1.0,1.0,1.0,0.0,1.0,0.0,2,1.0,0,1.0,1.0,0.0
557,558,417.3,1.0,1.0,0.0,1.0,0.0,0.0,1.0,0.0,0,1.0,0,1.0,1.0,0.0
558,559,424.7,0.0,0.0,0.0,1.0,0.0,0.0,1.0,0.0,0,1.0,0,0.0,1.0,-1.0
559,560,360.2,1.0,1.0,0.0,1.0,0.0,0.0,1.0,0.0,0,1.0,0,0.0,0.0,1.0
560,561,387.6,1.0,0.0,1.0,1.0,1.0,0.0,1.0,0.0,0,1.0,0,1.0,1.0,0.0
561,562,371.1,1.0,1.0,0.0,1.0,0.0,0.0,1.0,0.0,0,1.0,0,1.0,1.0,0.0
562,563,494.4,0.0,0.0,0.0,1.0,0.0,0.0,1.0,0.0,0,1.0,0,0.0,1.0,-1.0
563,564,457.9,0.0,1.0,1.0,1.0,1.0,0.0,1.0,0.0,0,1.0,0,1.0,0.0,0.0
564,565,473.4,0.0,0.0,0.0,1.0,0.0,0.0,1.0,0.0,0,1.0,0,1.0,0.0,0.0
565,566,680.8,1.0,1.0,0.0,1.0,0.0,0.0,1.0,0.0,0,1.0,0,0.0,0.0,1.0
566,567,444.2,0.0,0.0,0.0,1.0,0.0,0.0,1.0,0.0,0,1.0,0,0.0,1.0,-1.0
567,568,311.7,1.0,1.0,0.0,1.0,0.0,0.0,1.0,0.0,0,1.0,0,0.0,0.0,1.0
568,569,391.1,0.0,1.0,1.0,1.0,1.0,0.0,1.0,0.0,0,1.0,0,0.0,1.0,-1.0
569,570,346.6,0.0,1.0,1.0,1.0,1.0,0.0,1.0,0.0,0,1.0,0,1.0,0.0,0.0
570,571,466.0,1.0,0.0,1.0,1.0,1.0,0.0,1.0,0.0,0,1.0,0,0.0,0.0,1.0
571,572,333.4,1.0,0.0,1.0,1.0,1.0,0.0,1.0,0.0,0,1.0,0,1.0,1.0,0.0
572,573,312.9,0.0,1.0,1.0,1.0,1.0,0.0,1.0,0.0,0,1.0,0,0.0,1.0,-1.0
573,574,300.4,1.0,0.0,1.0,1.0,1.0,0.0,1.0,0.0,0,1.0,0,0.0,0.0,1.0
574,575,375.7,1.0,1.0,0.0,1.0,0.0,0.0,1.0,0.0,0,1.0,0,1.0,1.0,0.0
575,576,451.2,1.0,0.0,1.0,1.0,1.0,0.0,1.0,0.0,0,1.0,0,1.0,1.0,0.0
576,577,447.5,1.0,0.0,1.0,1.0,1.0,0.0,1.0,0.0,0,2.0,0,1.0,1.0,0.0
577,578,378.9,1.0,1.0,0.0,1.0,0.0,0.0,1.0,0.0,0,2.0,0,1.0,1.0,0.0
578,579,454.4,0.0,1.0,1.0,0.0,0.0,0.0,1.0,0.0,1,2.0,0,1.0,1.0,0.0
579,580,401.8,1.0,0.0,1.0,1.0,1.0,0.0,1.0,0.0,0,2.0,1,1.0,1.0,0.0
580,581,401.2,1.0,1.0,0.0,1.0,0.0,0.0,1.0,0.0,0,2.0,0,1.0,1.0,0.0
581,582,572.7,1.0,0.0,1.0,1.0,1.0,0.0,1.0,0.0,0,2.0,0,1.0,1.0,0.0
582,583,440.1,1.0,0.0,1.0,1.0,1.0,0.0,1.0,0.0,0,2.0,0,1.0,1.0,0.0
583,584,275.5,1.0,0.0,1.0,1.0,1.0,0.0,1.0,0.0,0,2.0,0,1.0,1.0,0.0
584,585,303.0,0.0,1.0,1.0,1.0,1.0,0.0,1.0,0.0,0,2.0,0,0.0,1.0,-1.0
585,586,294.4,1.0,0.0,1.0,1.0,1.0,0.0,1.0,0.0,0,2.0,0,0.0,0.0,1.0
586,587,289.8,1.0,0.0,1.0,1.0,1.0,0.0,1.0,0.0,0,2.0,0,1.0,1.0,0.0
587,588,477.3,1.0,1.0,0.0,1.0,0.0,0.0,1.0,0.0,0,2.0,0,1.0,1.0,0.0
588,589,432.7,0.0,1.0,1.0,1.0,1.0,0.0,1.0,0.0,0,2.0,0,0.0,1.0,-1.0
589,590,596.2,0.0,1.0,1.0,1.0,1.0,0.0,1.0,0.0,0,2.0,0,1.0,0.0,0.0
590,591,431.6,1.0,1.0,0.0,1.0,0.0,0.0,1.0,0.0,0,2.0,0,0.0,0.0,1.0
591,592,607.0,0.0,0.0,0.0,1.0,0.0,0.0,1.0,0.0,0,2.0,0,0.0,1.0,-1.0
592,593,478.5,1.0,1.0,0.0,1.0,0.0,0.0,1.0,0.0,0,2.0,0,0.0,0.0,1.0
593,594,433.9,1.0,0.0,1.0,1.0,1.0,0.0,1.0,0.0,0,2.0,0,1.0,1.0,0.0
594,595,561.4,1.0,1.0,0.0,1.0,0.0,0.0,1.0,0.0,0,2.0,0,1.0,1.0,0.0
595,596,472.8,0.0,0.0,0.0,1.0,0.0,0.0,1.0,0.0,0,2.0,0,0.0,1.0,-1.0
596,597,392.2,1.0,1.0,0.0,1.0,0.0,0.0,1.0,0.0,0,2.0,0,0.0,0.0,1.0
597,598,419.7,1.0,0.0,1.0,1.0,1.0,0.0,1.0,0.0,0,2.0,0,1.0,1.0,0.0
598,599,387.1,1.0,1.0,0.0,1.0,0.0,0.0,1.0,0.0,0,2.0,0,1.0,1.0,0.0
599,600,406.5,0.0,0.0,0.0,1.0,0.0,0.0,1.0,0.0,0,2.0,0,0.0,1.0,-1.0
600,601,362.0,0.0,1.0,1.0,1.0,1.0,0.0,1.0,0.0,0,2.0,0,1.0,0.0,0.0
601,602,413.4,1.0,1.0,0.0,1.0,0.0,0.0,1.0,0.0,0,2.0,0,0.0,0.0,1.0
602,603,420.8,0.0,0.0,0.0,1.0,0.0,0.0,1.0,0.0,0,2.0,0,0.0,1.0,-1.0
603,604,360.3,0.0,0.0,0.0,1.0,0.0,0.0,1.0,0.0,0,2.0,0,1.0,0.0,0.0
604,605,331.7,0.0,0.0,0.0,1.0,0.0,0.0,1.0,0.0,0,2.0,0,1.0,0.0,0.0
605,606,359.2,0.0,1.0,1.0,1.0,1.0,0.0,1.0,0.0,0,2.0,0,1.0,0.0,0.0
606,607,618.6,0.0,0.0,0.0,1.0,0.0,0.0,1.0,0.0,0,2.0,0,1.0,0.0,0.0
607,608,454.0,1.0,1.0,0.0,1.0,0.0,0.0,1.0,0.0,0,2.0,0,0.0,0.0,1.0
608,609,357.5,0.0,0.0,0.0,1.0,0.0,0.0,1.0,0.0,0,2.0,0,0.0,1.0,-1.0
609,610,417.0,1.0,1.0,0.0,1.0,0.0,0.0,1.0,0.0,0,2.0,0,0.0,0.0,1.0
610,611,356.3,1.0,1.0,0.0,1.0,0.0,0.0,1.0,0.0,0,2.0,0,1.0,1.0,0.0
611,612,311.8,1.0,1.0,0.0,1.0,0.0,0.0,1.0,0.0,0,2.0,0,1.0,1.0,0.0
612,613,0.2,1.0,0.0,1.0,0.0,0.0,0.0,1.0,0.0,1,2.0,0,0.0,1.0,-1.0
613,614,570.3,0.0,1.0,1.0,1.0,1.0,0.0,1.0,0.0,0,2.0,1,0.5173471487277403,0.48265285127225965,-0.48265285127225965
614,615,361.8,1.0,1.0,0.0,1.0,0.0,0.0,1.0,0.0,0,2.0,0,0.0,0.0,1.0
615,616,497.3,0.0,0.0,0.0,0.0,1.0,0.0,1.0,0.0,1,2.0,0,1.0,1.0,0.0
616,617,400.6,1.0,0.0,1.0,1.0,1.0,0.0,1.0,0.0,0,2.0,1,1.0,1.0,0.0
617,618,456.1,0.0,1.0,1.0,1.0,1.0,0.0,1.0,0.0,0,2.0,0,0.0,1.0,-1.0
618,619,339.6,1.0,0.0,1.0,1.0,1.0,0.0,1.0,0.0,0,2.0,0,0.0,0.0,1.0
619,620,323.0,1.0,1.0,0.0,1.0,0.0,0.0,1.0,0.0,0,2.0,0,1.0,1.0,0.0
620,621,390.5,0.0,1.0,1.0,1.0,1.0,0.0,1.0,0.0,0,2.0,0,0.0,1.0,-1.0
621,622,401.9,0.0,1.0,1.0,1.0,1.0,0.0,1.0,0.0,0,2.0,0,1.0,0.0,0.0
622,623,493.3,0.0,0.0,0.0,1.0,0.0,0.0,1.0,0.0,0,2.0,0,1.0,0.0,0.0
623,624,424.8,0.0,1.0,1.0,1.0,1.0,0.0,1.0,0.0,0,2.0,0,1.0,0.0,0.0
624,625,428.2,0.0,1.0,1.0,1.0,1.0,0.0,1.0,0.0,0,2.0,0,1.0,0.0,0.0
625,626,403.6,1.0,0.0,1.0,1.0,1.0,0.0,1.0,0.0,0,2.0,0,0.0,0.0,1.0
626,627,315.1,0.0,0.0,0.0,1.0,0.0,0.0,1.0,0.0,0,2.0,0,0.0,1.0,-1.0
627,628,454.5,1.0,1.0,0.0,1.0,0.0,0.0,1.0,0.0,0,2.0,0,0.0,0.0,1.0
628,629,297.9,1.0,1.0,0.0,1.0,0.0,0.0,1.0,0.0,0,2.0,0,1.0,1.0,0.0
629,630,437.4,0.0,1.0,1.0,1.0,1.0,0.0,1.0,0.0,0,2.0,0,0.0,1.0,-1.0
630,631,428.8,0.0,0.0,0.0,1.0,0.0,0.0,1.0,0.0,0,2.0,0,1.0,0.0,0.0
631,632,364.3,1.0,0.0,1.0,1.0,1.0,0.0,1.0,0.0,0,2.0,0,0.0,0.0,1.0
632,633,643.7,0.0,0.0,0.0,1.0,0.0,0.0,1.0,0.0,0,2.0,0,0.0,1.0,-1.0
633,634,383.1,0.0,0.0,0.0,1.0,0.0,0.0,1.0,0.0,0,2.0,0,1.0,0.0,0.0
634,635,634.6,1.0,0.0,1.0,1.0,1.0,0.0,1.0,0.0,0,2.0,0,0.0,0.0,1.0
635,636,338.1,1.0,0.0,1.0,1.0,1.0,0.0,1.0,0.0,0,2.0,0,1.0,1.0,0.0
636,637,389.4,0.0,0.0,0.0,1.0,0.0,0.0,1.0,0.0,0,2.0,0,0.0,1.0,-1.0
637,638,488.9,0.0,0.0,0.0,1.0,0.0,0.0,1.0,0.0,0,2.0,0,1.0,0.0,0.0
638,639,524.3,1.0,1.0,0.0,1.0,0.0,0.0,1.0,0.0,0,2.0,0,0.0,0.0,1.0
639,640,439.7,1.0,0.0,1.0,1.0,1.0,0.0,1.0,0.0,0,2.0,0,1.0,1.0,0.0
640,641,451.2,1.0,1.0,0.0,1.0,0.0,0.0,1.0,0.0,0,2.0,0,1.0,1.0,0.0
641,642,442.6,0.0,0.0,0.0,1.0,0.0,0.0,1.0,0.0,0,2.0,0,0.0,1.0,-1.0
642,643,382.1,0.0,1.0,1.0,1.0,1.0,0.0,1.0,0.0,0,2.0,0,1.0,0.0,0.0
643,644,401.6,0.0,1.0,1.0,1.0,1.0,0.0,1.0,0.0,0,2.0,0,1.0,0.0,0.0
644,645,336.9,1.0,0.0,1.0,1.0,1.0,0.0,1.0,0.0,0,2.0,0,0.0,0.0,1.0
645,646,420.4,1.0,1.0,0.0,1.0,0.0,0.0,1.0,0.0,0,2.0,0,1.0,1.0,0.0
646,647,431.9,0.0,1.0,1.0,1.0,1.0,0.0,1.0,0.0,0,2.0,0,0.0,1.0,-1.0
647,648,467.2,1.0,1.0,0.0,1.0,0.0,0.0,1.0,0.0,0,2.0,0,0.0,0.0,1.0
648,649,366.4,0.0,1.0,1.0,1.0,1.0,0.0,1.0,0.0,0,2.0,0,0.0,1.0,-1.0
649,650,413.9,0.0,0.0,0.0,1.0,0.0,0.0,1.0,0.0,0,2.0,0,1.0,0.0,0.0
650,651,493.3,1.0,1.0,0.0,1.0,0.0,0.0,1.0,0.0,0,2.0,0,0.0,0.0,1.0
651,652,420.7,0.0,1.0,1.0,1.0,1.0,0.0,1.0,0.0,0,2.0,0,0.0,1.0,-1.0
652,653,400.2,1.0,0.0,1.0,1.0,1.0,0.0,1.0,0.0,0,2.0,0,0.0,0.0,1.0
653,654,399.7,0.0,1.0,1.0,1.0,1.0,0.0,1.0,0.0,0,2.0,0,0.0,1.0,-1.0
654,655,523.0,0.0,0.0,0.0,1.0,0.0,0.0,1.0,0.0,0,2.0,0,1.0,0.0,0.0
655,656,430.5,0.0,0.0,0.0,1.0,0.0,0.0,1.0,0.0,0,2.0,0,1.0,0.0,0.0
656,657,457.9,1.0,1.0,0.0,1.0,0.0,0.0,1.0,0.0,0,2.0,0,0.0,0.0,1.0
657,658,437.4,0.0,1.0,1.0,1.0,1.0,0.0,1.0,0.0,0,2.0,0,0.0,1.0,-1.0
658,659,588.8,1.0,0.0,1.0,1.0,1.0,0.0,1.0,0.0,0,2.0,0,0.0,0.0,1.0
659,660,384.2,1.0,1.0,0.0,1.0,0.0,0.0,1.0,0.0,0,2.0,0,1.0,1.0,0.0
660,661,415.7,0.0,0.0,0.0,1.0,0.0,0.0,1.0,0.0,0,2.0,0,0.0,1.0,-1.0
661,662,587.1,1.0,0.0,1.0,1.0,1.0,0.0,1.0,0.0,0,2.0,0,0.0,0.0,1.0
662,663,374.5,1.0,0.0,1.0,1.0,1.0,0.0,1.0,0.0,0,2.0,0,1.0,1.0,0.0
663,664,462.0,0.0,0.0,0.0,1.0,0.0,0.0,1.0,0.0,0,2.0,0,0.0,1.0,-1.0
664,665,429.5,0.0,1.0,1.0,1.0,1.0,0.0,1.0,0.0,0,2.0,0,1.0,0.0,0.0
665,666,436.8,1.0,1.0,0.0,1.0,0.0,0.0,1.0,0.0,0,2.0,0,0.0,0.0,1.0
666,667,524.3,1.0,0.0,1.0,1.0,1.0,0.0,1.0,0.0,0,2.0,0,1.0,1.0,0.0
667,668,383.8,0.0,1.0,1.0,1.0,1.0,0.0,1.0,0.0,0,2.0,0,0.0,1.0,-1.0
668,669,495.2,0.0,0.0,0.0,1.0,0.0,0.0,1.0,0.0,0,2.0,0,1.0,0.0,0.0
669,670,586.6,0.0,0.0,0.0,1.0,0.0,0.0,1.0,0.0,0,2.0,0,1.0,0.0,0.0
670,671,402.0,0.0,1.0,1.0,1.0,1.0,0.0,1.0,0.0,0,2.0,0,1.0,0.0,0.0
671,672,525.5,0.0,0.0,0.0,1.0,0.0,0.0,1.0,0.0,0,2.0,0,1.0,0.0,0.0
672,673,457.0,1.0,1.0,0.0,1.0,0.0,0.0,1.0,0.0,0,2.0,0,0.0,0.0,1.0
673,674,360.3,1.0,1.0,0.0,1.0,0.0,0.0,1.0,0.0,0,2.0,0,1.0,1.0,0.0
674,675,367.8,0.0,0.0,0.0,1.0,0.0,0.0,1.0,0.0,0,2.0,0,0.0,1.0,-1.0
675,676,343.3,1.0,1.0,0.0,1.0,0.0,0.0,1.0,0.0,0,2.0,0,0.0,0.0,1.0
676,677,486.6,0.0,1.0,1.0,1.0,1.0,0.0,1.0,0.0,0,2.0,0,0.0,1.0,-1.0
677,678,442.1,1.0,1.0,0.0,1.0,0.0,0.0,1.0,0.0,0,2.0,0,0.0,0.0,1.0
678,679,389.6,0.0,1.0,1.0,1.0,1.0,0.0,1.0,0.0,0,2.0,0,0.0,1.0,-1.0
679,680,413.0,1.0,0.0,1.0,1.0,1.0,0.0,1.0,0.0,0,2.0,0,0.0,0.0,1.0
680,681,472.4,0.0,1.0,1.0,1.0,1.0,0.0,1.0,0.0,0,2.0,0,0.0,1.0,-1.0
681,682,459.9,1.0,0.0,1.0,1.0,1.0,0.0,1.0,0.0,0,2.0,0,0.0,0.0,1.0
682,683,631.3,0.0,0.0,0.0,1.0,0.0,0.0,1.0,0.0,0,2.0,0,0.0,1.0,-1.0
683,684,466.7,0.0,0.0,0.0,1.0,0.0,0.0,1.0,0.0,0,2.0,0,1.0,0.0,0.0
684,685,465.9,0.0,1.0,1.0,1.0,1.0,0.0,1.0,0.0,0,2.0,0,1.0,0.0,0.0
685,686,501.3,1.0,1.0,0.0,1.0,0.0,0.0,1.0,0.0,0,2.0,0,0.0,0.0,1.0
686,687,424.7,1.0,0.0,1.0,1.0,1.0,0.0,1.0,0.0,0,2.0,0,1.0,1.0,0.0
687,688,484.2,0.0,0.0,0.0,1.0,0.0,0.0,1.0,0.0,0,2.0,0,0.0,1.0,-1.0
688,689,575.7,1.0,1.0,0.0,1.0,0.0,0.0,1.0,0.0,0,2.0,0,0.0,0.0,1.0
689,690,323.0,1.0,0.0,1.0,1.0,1.0,0.0,1.0,0.0,0,2.0,0,1.0,1.0,0.0
690,691,410.5,0.0,1.0,1.0,1.0,1.0,0.0,1.0,0.0,0,2.0,0,0.0,1.0,-1.0
691,692,502.0,1.0,1.0,0.0,1.0,0.0,0.0,1.0,0.0,0,2.0,0,0.0,0.0,1.0
692,693,441.3,0.0,1.0,1.0,1.0,1.0,0.0,1.0,0.0,0,2.0,0,0.0,1.0,-1.0
693,694,396.8,1.0,0.0,1.0,1.0,1.0,0.0,1.0,0.0,0,2.0,0,0.0,0.0,1.0
694,695,352.2,0.0,1.0,1.0,1.0,1.0,0.0,1.0,0.0,0,2.0,0,0.0,1.0,-1.0
695,696,403.7,1.0,1.0,0.0,1.0,0.0,0.0,1.0,0.0,0,2.0,0,0.0,0.0,1.0
696,697,463.1,0.0,1.0,1.0,1.0,1.0,0.0,1.0,0.0,0,2.0,0,0.0,1.0,-1.0
697,698,414.5,1.0,0.0,1.0,1.0,1.0,0.0,1.0,0.0,0,2.0,0,0.0,0.0,1.0
698,699,322.0,1.0,0.0,1.0,1.0,1.0,0.0,1.0,0.0,0,2.0,0,1.0,1.0,0.0
699,700,461.4,0.0,1.0,1.0,1.0,1.0,0.0,1.0,0.0,0,2.0,0,0.0,1.0,-1.0
700,701,384.8,1.0,0.0,1.0,1.0,1.0,0.0,1.0,0.0,0,2.0,0,0.0,0.0,1.0
701,702,404.3,0.0,0.0,0.0,1.0,0.0,0.0,1.0,0.0,0,2.0,0,0.0,1.0,-1.0
702,703,419.8,1.0,1.0,0.0,1.0,0.0,0.0,1.0,0.0,0,2.0,0,0.0,0.0,1.0
703,704,327.1,0.0,1.0,1.0,1.0,1.0,0.0,1.0,0.0,0,2.0,0,0.0,1.0,-1.0
704,705,426.6,0.0,1.0,1.0,1.0,1.0,0.0,1.0,0.0,0,2.0,0,1.0,0.0,0.0
705,706,398.0,1.0,1.0,0.0,1.0,0.0,0.0,1.0,0.0,0,2.0,0,0.0,0.0,1.0
706,707,445.5,0.0,0.0,0.0,1.0,0.0,0.0,1.0,0.0,0,2.0,0,0.0,1.0,-1.0
707,708,512.9,0.0,0.0,0.0,1.0,0.0,0.0,1.0,0.0,0,2.0,0,1.0,0.0,0.0
708,709,336.3,0.0,1.0,1.0,1.0,1.0,0.0,1.0,0.0,0,2.0,0,1.0,0.0,0.0
709,710,507.8,1.0,0.0,1.0,1.0,1.0,0.0,1.0,0.0,0,2.0,0,0.0,0.0,1.0
710,711,423.3,1.0,0.0,1.0,1.0,1.0,0.0,1.0,0.0,0,2.0,0,1.0,1.0,0.0
711,712,338.6,1.0,0.0,1.0,1.0,1.0,0.0,1.0,0.0,0,2.0,0,1.0,1.0,0.0
712,713,374.1,0.0,0.0,0.0,1.0,0.0,0.0,1.0,0.0,0,2.0,0,0.0,1.0,-1.0
713,714,353.6,0.0,0.0,0.0,1.0,0.0,0.0,1.0,0.0,0,2.0,0,1.0,0.0,0.0
714,715,417.0,1.0,0.0,1.0,1.0,1.0,0.0,1.0,0.0,0,2.0,0,0.0,0.0,1.0
715,716,404.4,0.0,1.0,1.0,1.0,1.0,0.0,1.0,0.0,0,2.0,0,0.0,1.0,-1.0
716,717,495.8,0.0,0.0,0.0,1.0,0.0,0.0,1.0,0.0,0,2.0,0,1.0,0.0,0.0
717,718,523.3,1.0,1.0,0.0,1.0,0.0,0.0,1.0,0.0,0,2.0,0,0.0,0.0,1.0
718,719,454.8,1.0,0.0,1.0,1.0,1.0,0.0,1.0,0.0,0,2.0,0,1.0,1.0,0.0
719,720,358.1,0.0,0.0,0.0,1.0,0.0,0.0,1.0,0.0,0,2.0,0,0.0,1.0,-1.0
720,721,421.5,1.0,0.0,1.0,1.0,1.0,0.0,1.0,0.0,0,3.0,0,0.0,0.0,1.0
721,722,352.9,1.0,1.0,0.0,1.0,0.0,0.0,1.0,0.0,0,3.0,0,1.0,1.0,0.0
722,723,356.4,1.0,0.0,1.0,1.0,1.0,0.0,1.0,0.0,0,3.0,0,1.0,1.0,0.0
723,724,599.8,0.0,1.0,1.0,1.0,1.0,0.0,1.0,0.0,0,3.0,0,0.0,1.0,-1.0
724,725,319.2,0.0,0.0,0.0,1.0,0.0,0.0,1.0,0.0,0,3.0,0,1.0,0.0,0.0
725,726,438.7,1.0,1.0,0.0,1.0,0.0,0.0,1.0,0.0,0,3.0,0,0.0,0.0,1.0
726,727,366.0,0.0,0.0,0.0,1.0,0.0,0.0,1.0,0.0,0,3.0,0,0.0,1.0,-1.0
727,728,321.5,0.0,0.0,0.0,1.0,0.0,0.0,1.0,0.0,0,3.0,0,1.0,0.0,0.0
728,729,325.0,0.0,0.0,0.0,1.0,0.0,0.0,1.0,0.0,0,3.0,0,1.0,0.0,0.0
729,730,316.4,1.0,1.0,0.0,1.0,0.0,0.0,1.0,0.0,0,3.0,0,0.0,0.0,1.0
730,731,387.9,0.0,0.0,0.0,1.0,0.0,0.0,1.0,0.0,0,3.0,0,0.0,1.0,-1.0
731,732,547.3,1.0,0.0,1.0,1.0,1.0,0.0,1.0,0.0,0,3.0,0,0.0,0.0,1.0
732,733,534.7,1.0,1.0,0.0,1.0,0.0,0.0,1.0,0.0,0,3.0,0,1.0,1.0,0.0
733,734,358.2,0.0,0.0,0.0,1.0,0.0,0.0,1.0,0.0,0,3.0,0,0.0,1.0,-1.0
734,735,505.6,1.0,1.0,0.0,1.0,0.0,0.0,1.0,0.0,0,3.0,0,0.0,0.0,1.0
735,736,321.0,1.0,1.0,0.0,1.0,0.0,0.0,1.0,0.0,0,3.0,0,1.0,1.0,0.0
736,737,388.5,0.0,0.0,0.0,1.0,0.0,0.0,1.0,0.0,0,3.0,0,0.0,1.0,-1.0
737,738,431.8,1.0,1.0,0.0,1.0,0.0,0.0,1.0,0.0,0,3.0,0,0.0,0.0,1.0
738,739,391.3,0.0,1.0,1.0,1.0,1.0,0.0,1.0,0.0,0,3.0,0,0.0,1.0,-1.0
739,740,650.8,1.0,1.0,0.0,1.0,0.0,0.0,1.0,0.0,0,3.0,0,0.0,0.0,1.0
740,741,930.2,0.0,1.0,1.0,1.0,1.0,0.0,1.0,0.0,2,3.0,0,0.0,1.0,-1.0
741,742,437.6,1.0,0.0,1.0,1.0,1.0,0.0,1.0,0.0,0,3.0,0,0.0,0.0,1.0
742,743,505.1,0.0,0.0,0.0,1.0,0.0,0.0,1.0,0.0,0,3.0,0,0.0,1.0,-1.0
743,744,540.5,0.0,0.0,0.0,1.0,0.0,0.0,1.0,0.0,0,3.0,0,1.0,0.0,0.0
744,745,488.0,0.0,0.0,0.0,1.0,0.0,0.0,1.0,0.0,0,3.0,0,1.0,0.0,0.0
745,746,459.4,0.0,1.0,1.0,1.0,1.0,0.0,1.0,0.0,0,3.0,0,1.0,0.0,0.0
746,747,518.8,0.0,0.0,0.0,1.0,0.0,0.0,1.0,0.0,0,3.0,0,1.0,0.0,0.0
747,748,494.3,0.0,1.0,1.0,1.0,1.0,0.0,1.0,0.0,0,3.0,0,1.0,0.0,0.0
748,749,401.8,0.0,1.0,1.0,1.0,1.0,0.0,1.0,0.0,0,3.0,0,1.0,0.0,0.0
749,750,453.1,0.0,0.0,0.0,1.0,0.0,0.0,1.0,0.0,0,3.0,0,1.0,0.0,0.0
750,751,376.6,1.0,0.0,1.0,1.0,1.0,0.0,1.0,0.0,0,3.0,0,0.0,0.0,1.0
751,752,444.0,1.0,1.0,0.0,1.0,0.0,0.0,1.0,0.0,0,3.0,0,1.0,1.0,0.0
752,753,487.4,0.0,1.0,1.0,1.0,1.0,0.0,1.0,0.0,0,3.0,0,0.0,1.0,-1.0
753,754,390.9,1.0,0.0,1.0,1.0,1.0,0.0,1.0,0.0,0,3.0,0,0.0,0.0,1.0
754,755,330.3,1.0,0.0,1.0,1.0,1.0,0.0,1.0,0.0,0,3.0,0,1.0,1.0,0.0
755,756,341.7,0.0,1.0,1.0,1.0,1.0,0.0,1.0,0.0,0,3.0,0,0.0,1.0,-1.0
756,757,828.9,0.0,0.0,0.0,1.0,0.0,0.0,1.0,0.0,2,3.0,0,1.0,0.0,0.0
757,758,376.4,0.0,0.0,0.0,1.0,0.0,0.0,1.0,0.0,0,3.0,0,1.0,0.0,0.0
758,759,315.8,0.0,0.0,0.0,1.0,0.0,0.0,1.0,0.0,0,3.0,0,1.0,0.0,0.0
759,760,343.2,1.0,0.0,1.0,1.0,1.0,0.0,1.0,0.0,0,3.0,0,0.0,0.0,1.0
760,761,490.7,1.0,1.0,0.0,1.0,0.0,0.0,1.0,0.0,0,3.0,0,1.0,1.0,0.0
761,762,462.1,0.0,1.0,1.0,1.0,1.0,0.0,1.0,0.0,0,3.0,0,0.0,1.0,-1.0
762,763,485.6,1.0,0.0,1.0,1.0,1.0,0.0,1.0,0.0,0,3.0,0,0.0,0.0,1.0
763,764,457.0,1.0,1.0,0.0,1.0,0.0,0.0,1.0,0.0,0,3.0,0,1.0,1.0,0.0
764,765,460.4,0.0,0.0,0.0,1.0,0.0,0.0,1.0,0.0,0,3.0,0,0.0,1.0,-1.0
765,766,403.9,1.0,0.0,1.0,1.0,1.0,0.0,1.0,0.0,0,3.0,0,0.0,0.0,1.0
766,767,447.2,1.0,1.0,0.0,1.0,0.0,0.0,1.0,0.0,0,3.0,0,1.0,1.0,0.0
767,768,378.7,0.0,0.0,0.0,0.0,1.0,0.0,1.0,0.0,1,3.0,0,1.0,1.0,0.0
768,769,454.2,0.0,1.0,1.0,1.0,1.0,0.0,1.0,0.0,0,3.0,1,0.0,1.0,-1.0
769,770,425.6,0.0,1.0,1.0,1.0,1.0,0.0,1.0,0.0,0,3.0,0,1.0,0.0,0.0
770,771,469.1,1.0,0.0,1.0,1.0,1.0,0.0,1.0,0.0,0,3.0,0,0.0,0.0,1.0
771,772,424.5,0.0,1.0,1.0,1.0,1.0,0.0,1.0,0.0,0,3.0,0,0.0,1.0,-1.0
772,773,307.9,0.0,1.0,1.0,1.0,1.0,0.0,1.0,0.0,0,3.0,0,1.0,0.0,0.0
773,774,367.4,0.0,0.0,0.0,1.0,0.0,0.0,1.0,0.0,0,3.0,0,1.0,0.0,0.0
774,775,402.8,1.0,0.0,1.0,1.0,1.0,0.0,1.0,0.0,0,3.0,0,0.0,0.0,1.0
775,776,318.2,1.0,0.0,1.0,1.0,1.0,0.0,1.0,0.0,0,3.0,0,1.0,1.0,0.0
776,777,425.7,1.0,1.0,0.0,1.0,0.0,0.0,1.0,0.0,0,3.0,0,1.0,1.0,0.0
777,778,557.1,0.0,0.0,0.0,1.0,0.0,0.0,1.0,0.0,0,3.0,0,0.0,1.0,-1.0
778,779,376.6,0.0,0.0,0.0,1.0,0.0,0.0,1.0,0.0,0,3.0,0,1.0,0.0,0.0
779,780,432.0,1.0,0.0,1.0,1.0,1.0,0.0,1.0,0.0,0,3.0,0,0.0,0.0,1.0
780,781,403.4,0.0,0.0,0.0,1.0,0.0,0.0,1.0,0.0,0,3.0,0,0.0,1.0,-1.0
781,782,486.9,1.0,1.0,0.0,1.0,0.0,0.0,1.0,0.0,0,3.0,0,0.0,0.0,1.0
782,783,466.3,0.0,1.0,1.0,1.0,1.0,0.0,1.0,0.0,0,3.0,0,0.0,1.0,-1.0
783,784,657.7,1.0,1.0,0.0,1.0,0.0,0.0,1.0,0.0,0,3.0,0,0.0,0.0,1.0
784,785,401.2,0.0,0.0,0.0,1.0,0.0,0.0,1.0,0.0,0,3.0,0,0.0,1.0,-1.0
785,786,388.7,0.0,0.0,0.0,1.0,0.0,0.0,1.0,0.0,0,3.0,0,1.0,0.0,0.0
786,787,356.0,1.0,1.0,0.0,1.0,0.0,0.0,1.0,0.0,0,3.0,0,0.0,0.0,1.0
787,788,0.1,1.0,0.0,1.0,0.0,0.0,0.0,1.0,0.0,1,3.0,0,0.0,1.0,-1.0
788,789,482.9,1.0,1.0,0.0,1.0,0.0,0.0,1.0,0.0,0,3.0,1,0.48265285127225965,0.48265285127225965,0.5173471487277403
789,790,518.3,1.0,1.0,0.0,1.0,0.0,0.0,1.0,0.0,0,3.0,0,1.0,1.0,0.0
790,791,749.8,0.0,1.0,1.0,1.0,1.0,0.0,1.0,0.0,2,3.0,0,0.0,1.0,-1.0
791,792,445.2,1.0,0.0,1.0,1.0,1.0,0.0,1.0,0.0,0,3.0,0,0.0,0.0,1.0
792,793,524.4,0.0,1.0,1.0,1.0,1.0,0.0,1.0,0.0,0,3.0,0,0.0,1.0,-1.0
793,794,383.8,1.0,1.0,0.0,1.0,0.0,0.0,1.0,0.0,0,3.0,0,0.0,0.0,1.0
794,795,503.3,0.0,0.0,0.0,1.0,0.0,0.0,1.0,0.0,0,3.0,0,0.0,1.0,-1.0
795,796,418.7,1.0,0.0,1.0,1.0,1.0,0.0,1.0,0.0,0,3.0,0,0.0,0.0,1.0
796,797,414.1,0.0,1.0,1.0,1.0,1.0,0.0,1.0,0.0,0,3.0,0,0.0,1.0,-1.0
797,798,409.6,1.0,0.0,1.0,1.0,1.0,0.0,1.0,0.0,0,3.0,0,0.0,0.0,1.0
798,799,341.0,1.0,1.0,0.0,1.0,0.0,0.0,1.0,0.0,0,3.0,0,1.0,1.0,0.0
799,800,400.4,0.0,0.0,0.0,1.0,0.0,0.0,1.0,0.0,0,3.0,0,0.0,1.0,-1.0
800,801,435.9,1.0,0.0,1.0,1.0,1.0,0.0,1.0,0.0,0,3.0,0,0.0,0.0,1.0
801,802,399.3,0.0,1.0,1.0,1.0,1.0,0.0,1.0,0.0,0,3.0,0,0.0,1.0,-1.0
802,803,302.8,1.0,0.0,1.0,1.0,1.0,0.0,1.0,0.0,0,3.0,0,0.0,0.0,1.0
803,804,338.2,1.0,1.0,0.0,1.0,0.0,0.0,1.0,0.0,0,3.0,0,1.0,1.0,0.0
804,805,489.6,0.0,1.0,1.0,1.0,1.0,0.0,1.0,0.0,0,3.0,0,0.0,1.0,-1.0
805,806,345.1,1.0,0.0,1.0,1.0,1.0,0.0,1.0,0.0,0,3.0,0,0.0,0.0,1.0
806,807,332.6,1.0,0.0,1.0,1.0,1.0,0.0,1.0,0.0,0,3.0,0,1.0,1.0,0.0
807,808,291.9,1.0,0.0,1.0,1.0,1.0,0.0,1.0,0.0,0,3.0,0,1.0,1.0,0.0
808,809,507.4,0.0,0.0,0.0,1.0,0.0,0.0,1.0,0.0,0,3.0,0,0.0,1.0,-1.0
809,810,510.8,1.0,0.0,1.0,1.0,1.0,0.0,1.0,0.0,0,3.0,0,0.0,0.0,1.0
810,811,874.3,1.0,0.0,1.0,1.0,1.0,0.0,1.0,0.0,2,3.0,0,1.0,1.0,0.0
811,812,481.7,1.0,0.0,1.0,1.0,1.0,0.0,1.0,0.0,0,3.0,0,1.0,1.0,0.0
812,813,373.1,1.0,1.0,0.0,1.0,0.0,0.0,1.0,0.0,0,3.0,0,1.0,1.0,0.0
813,814,360.6,1.0,0.0,1.0,1.0,1.0,0.0,1.0,0.0,0,3.0,0,1.0,1.0,0.0
814,815,324.0,0.0,1.0,1.0,1.0,1.0,0.0,1.0,0.0,0,3.0,0,0.0,1.0,-1.0
815,816,319.4,1.0,0.0,1.0,1.0,1.0,0.0,1.0,0.0,0,3.0,0,0.0,0.0,1.0
816,817,338.9,0.0,1.0,1.0,1.0,1.0,0.0,1.0,0.0,0,3.0,0,0.0,1.0,-1.0
817,818,334.3,0.0,1.0,1.0,1.0,1.0,0.0,1.0,0.0,0,3.0,0,1.0,0.0,0.0
818,819,441.7,1.0,1.0,0.0,1.0,0.0,0.0,1.0,0.0,0,3.0,0,0.0,0.0,1.0
819,820,405.2,1.0,1.0,0.0,1.0,0.0,0.0,1.0,0.0,0,3.0,0,1.0,1.0,0.0
820,821,592.7,0.0,0.0,0.0,1.0,0.0,0.0,1.0,0.0,0,3.0,0,0.0,1.0,-1.0
821,822,344.0,1.0,1.0,0.0,1.0,0.0,0.0,1.0,0.0,0,3.0,0,0.0,0.0,1.0
822,823,363.5,1.0,0.0,1.0,1.0,1.0,0.0,1.0,0.0,0,3.0,0,1.0,1.0,0.0
823,824,454.9,1.0,1.0,0.0,1.0,0.0,0.0,1.0,0.0,0,3.0,0,1.0,1.0,0.0
824,825,386.4,0.0,0.0,0.0,1.0,0.0,0.0,1.0,0.0,0,3.0,0,0.0,1.0,-1.0
825,826,325.9,0.0,1.0,1.0,1.0,1.0,0.0,1.0,0.0,0,3.0,0,1.0,0.0,0.0
826,827,449.2,0.0,1.0,1.0,1.0,1.0,0.0,1.0,0.0,0,3.0,0,1.0,0.0,0.0
827,828,432.7,1.0,0.0,1.0,1.0,1.0,0.0,1.0,0.0,0,3.0,0,0.0,0.0,1.0
828,829,419.9,1.0,0.0,1.0,1.0,1.0,0.0,1.0,0.0,0,3.0,0,1.0,1.0,0.0
829,830,299.3,1.0,0.0,1.0,1.0,1.0,0.0,1.0,0.0,0,3.0,0,1.0,1.0,0.0
830,831,386.7,0.0,0.0,0.0,1.0,0.0,0.0,1.0,0.0,0,3.0,0,0.0,1.0,-1.0
831,832,450.2,0.0,1.0,1.0,1.0,1.0,0.0,1.0,0.0,0,3.0,0,1.0,0.0,0.0
832,833,377.6,1.0,1.0,0.0,0.0,1.0,0.0,1.0,0.0,1,3.0,0,1.0,0.0,0.0
833,834,401.0,0.0,1.0,1.0,1.0,1.0,0.0,1.0,0.0,0,3.0,1,1.0,0.0,0.0
834,835,340.5,1.0,0.0,1.0,1.0,1.0,0.0,1.0,0.0,0,3.0,0,0.0,0.0,1.0
835,836,328.0,0.0,1.0,1.0,1.0,1.0,0.0,1.0,0.0,0,3.0,0,0.0,1.0,-1.0
836,837,327.4,1.0,1.0,0.0,1.0,0.0,0.0,1.0,0.0,0,3.0,0,0.0,0.0,1.0
837,838,438.8,0.0,1.0,1.0,1.0,1.0,0.0,1.0,0.0,0,3.0,0,0.0,1.0,-1.0
838,839,494.2,1.0,1.0,0.0,1.0,0.0,0.0,1.0,0.0,0,3.0,0,0.0,0.0,1.0
839,840,373.7,1.0,0.0,1.0,1.0,1.0,0.0,1.0,0.0,0,3.0,0,1.0,1.0,0.0
840,841,369.2,0.0,1.0,1.0,1.0,1.0,0.0,1.0,0.0,0,3.0,0,0.0,1.0,-1.0
841,842,444.5,0.0,0.0,0.0,1.0,0.0,0.0,1.0,0.0,0,3.0,0,1.0,0.0,0.0
842,843,408.0,0.0,0.0,0.0,1.0,0.0,0.0,1.0,0.0,0,3.0,0,1.0,0.0,0.0
843,844,427.5,1.0,0.0,1.0,1.0,1.0,0.0,1.0,0.0,0,3.0,0,0.0,0.0,1.0
844,845,430.8,1.0,0.0,1.0,1.0,1.0,0.0,1.0,0.0,0,3.0,0,1.0,1.0,0.0
845,846,614.3,1.0,1.0,0.0,1.0,0.0,0.0,1.0,0.0,0,3.0,0,1.0,1.0,0.0
846,847,437.7,1.0,1.0,0.0,1.0,0.0,0.0,1.0,0.0,0,3.0,0,1.0,1.0,0.0
847,848,341.2,0.0,0.0,0.0,1.0,0.0,0.0,1.0,0.0,0,3.0,0,0.0,1.0,-1.0
848,849,356.6,0.0,1.0,1.0,1.0,1.0,0.0,1.0,0.0,0,3.0,0,1.0,0.0,0.0
849,850,432.0,0.0,1.0,1.0,1.0,1.0,0.0,1.0,0.0,0,3.0,0,1.0,0.0,0.0
850,851,483.5,1.0,1.0,0.0,1.0,0.0,0.0,1.0,0.0,0,3.0,0,0.0,0.0,1.0
851,852,459.0,1.0,1.0,0.0,1.0,0.0,0.0,1.0,0.0,0,3.0,0,1.0,1.0,0.0
852,853,562.3,0.0,0.0,0.0,1.0,0.0,0.0,1.0,0.0,0,3.0,0,0.0,1.0,-1.0
853,854,349.8,0.0,1.0,1.0,1.0,1.0,0.0,1.0,0.0,0,3.0,0,1.0,0.0,0.0
854,855,753.3,1.0,1.0,0.0,1.0,0.0,0.0,1.0,0.0,2,3.0,0,0.0,0.0,1.0
855,856,388.7,1.0,1.0,0.0,1.0,0.0,0.0,1.0,0.0,0,3.0,0,1.0,1.0,0.0
856,857,784.1,1.0,1.0,0.0,1.0,0.0,0.0,1.0,0.0,2,3.0,0,1.0,1.0,0.0
857,858,415.6,0.0,1.0,1.0,1.0,1.0,0.0,1.0,0.0,0,3.0,0,0.0,1.0,-1.0
858,859,443.0,0.0,0.0,0.0,1.0,0.0,0.0,1.0,0.0,0,3.0,0,1.0,0.0,0.0
859,860,450.4,0.0,0.0,0.0,1.0,0.0,0.0,1.0,0.0,0,3.0,0,1.0,0.0,0.0
860,861,429.9,0.0,1.0,1.0,1.0,1.0,0.0,1.0,0.0,0,3.0,0,1.0,0.0,0.0
861,862,361.3,0.0,1.0,1.0,1.0,1.0,0.0,1.0,0.0,0,3.0,0,1.0,0.0,0.0
862,863,476.7,0.0,0.0,0.0,1.0,0.0,0.0,1.0,0.0,0,3.0,0,1.0,0.0,0.0
863,864,412.1,0.0,1.0,1.0,1.0,1.0,0.0,1.0,0.0,0,3.0,0,1.0,0.0,0.0
864,865,376.0,0.0,1.0,1.0,1.0,1.0,0.0,0.0,1.0,0,1.0,0,1.0,0.0,0.0
865,866,375.4,0.0,1.0,1.0,1.0,1.0,0.0,0.0,1.0,0,1.0,0,1.0,0.0,0.0
866,867,370.9,1.0,1.0,0.0,1.0,0.0,0.0,0.0,1.0,0,1.0,0,0.0,0.0,1.0
867,868,486.3,0.0,1.0,1.0,1.0,1.0,0.0,0.0,1.0,0,1.0,0,0.0,1.0,-1.0
868,869,493.7,1.0,0.0,1.0,1.0,1.0,0.0,0.0,1.0,0,1.0,0,0.0,0.0,1.0
869,870,461.1,0.0,0.0,0.0,1.0,0.0,0.0,0.0,1.0,0,1.0,0,0.0,1.0,-1.0
870,871,408.6,1.0,1.0,0.0,1.0,0.0,0.0,0.0,1.0,0,1.0,0,0.0,0.0,1.0
871,872,404.1,1.0,0.0,1.0,1.0,1.0,0.0,0.0,1.0,0,1.0,0,1.0,1.0,0.0
872,873,455.4,0.0,0.0,0.0,1.0,0.0,0.0,0.0,1.0,0,1.0,0,0.0,1.0,-1.0
873,874,474.9,1.0,1.0,0.0,1.0,0.0,0.0,0.0,1.0,0,1.0,0,0.0,0.0,1.0
874,875,518.3,1.0,1.0,0.0,1.0,0.0,0.0,0.0,1.0,0,1.0,0,1.0,1.0,0.0
875,876,825.7,1.0,0.0,1.0,1.0,1.0,0.0,0.0,1.0,2,1.0,0,1.0,1.0,0.0
876,877,525.2,1.0,1.0,0.0,1.0,0.0,0.0,0.0,1.0,0,1.0,0,1.0,1.0,0.0
877,878,408.6,1.0,1.0,0.0,1.0,0.0,0.0,0.0,1.0,0,1.0,0,1.0,1.0,0.0
878,879,424.1,0.0,1.0,1.0,1.0,1.0,0.0,0.0,1.0,0,1.0,0,0.0,1.0,-1.0
879,880,395.5,0.0,1.0,1.0,1.0,1.0,0.0,0.0,1.0,0,1.0,0,1.0,0.0,0.0
880,881,422.9,0.0,1.0,1.0,1.0,1.0,0.0,0.0,1.0,0,1.0,0,1.0,0.0,0.0
881,882,406.4,1.0,0.0,1.0,1.0,1.0,0.0,0.0,1.0,0,1.0,0,0.0,0.0,1.0
882,883,393.8,1.0,1.0,0.0,1.0,0.0,0.0,0.0,1.0,0,1.0,0,1.0,1.0,0.0
883,884,489.2,0.0,0.0,0.0,1.0,0.0,0.0,0.0,1.0,0,1.0,0,0.0,1.0,-1.0
884,885,396.7,1.0,0.0,1.0,1.0,1.0,0.0,0.0,1.0,0,1.0,0,0.0,0.0,1.0
885,886,292.2,1.0,0.0,1.0,1.0,1.0,0.0,0.0,1.0,0,1.0,0,1.0,1.0,0.0
886,887,263.5,0.0,1.0,1.0,1.0,1.0,0.0,0.0,1.0,0,1.0,0,0.0,1.0,-1.0
887,888,279.0,1.0,0.0,1.0,1.0,1.0,0.0,0.0,1.0,0,1.0,0,0.0,0.0,1.0
888,889,430.5,1.0,1.0,0.0,1.0,0.0,0.0,0.0,1.0,0,1.0,0,1.0,1.0,0.0
889,890,529.9,0.0,1.0,1.0,1.0,1.0,0.0,0.0,1.0,0,1.0,0,0.0,1.0,-1.0
890,891,381.3,0.0,0.0,0.0,1.0,0.0,0.0,0.0,1.0,0,1.0,0,1.0,0.0,0.0
891,892,444.7,1.0,1.0,0.0,1.0,0.0,0.0,0.0,1.0,0,1.0,0,0.0,0.0,1.0
892,893,428.2,0.0,0.0,0.0,1.0,0.0,0.0,0.0,1.0,0,1.0,0,0.0,1.0,-1.0
893,894,375.7,0.0,0.0,0.0,1.0,0.0,0.0,0.0,1.0,0,1.0,0,1.0,0.0,0.0
894,895,479.0,0.0,1.0,1.0,1.0,1.0,0.0,0.0,1.0,0,1.0,0,1.0,0.0,0.0
895,896,362.5,1.0,0.0,1.0,1.0,1.0,0.0,0.0,1.0,0,1.0,0,0.0,0.0,1.0
896,897,414.0,1.0,0.0,1.0,1.0,1.0,0.0,0.0,1.0,0,1.0,0,1.0,1.0,0.0
897,898,357.3,1.0,0.0,1.0,1.0,1.0,0.0,0.0,1.0,0,1.0,0,1.0,1.0,0.0
898,899,352.8,0.0,0.0,0.0,1.0,0.0,0.0,0.0,1.0,0,1.0,0,0.0,1.0,-1.0
899,900,340.2,0.0,1.0,1.0,1.0,1.0,0.0,0.0,1.0,0,1.0,0,1.0,0.0,0.0
900,901,611.4,1.0,0.0,1.0,1.0,1.0,0.0,0.0,1.0,0,1.0,0,0.0,0.0,1.0
901,902,430.8,1.0,0.0,1.0,1.0,1.0,0.0,0.0,1.0,0,1.0,0,1.0,1.0,0.0
902,903,522.3,1.0,1.0,0.0,1.0,0.0,0.0,0.0,1.0,0,1.0,0,1.0,1.0,0.0
903,904,421.8,0.0,1.0,1.0,1.0,1.0,0.0,0.0,1.0,0,1.0,0,0.0,1.0,-1.0
904,905,441.1,0.0,0.0,0.0,1.0,0.0,0.0,0.0,1.0,0,1.0,0,1.0,0.0,0.0
905,906,664.6,1.0,0.0,1.0,1.0,1.0,0.0,0.0,1.0,0,1.0,0,0.0,0.0,1.0
906,907,284.0,1.0,0.0,1.0,1.0,1.0,0.0,0.0,1.0,0,1.0,0,1.0,1.0,0.0
907,908,411.4,1.0,1.0,0.0,1.0,0.0,0.0,0.0,1.0,0,1.0,0,1.0,1.0,0.0
908,909,426.9,0.0,0.0,0.0,1.0,0.0,0.0,0.0,1.0,0,1.0,0,0.0,1.0,-1.0
909,910,350.3,1.0,0.0,1.0,1.0,1.0,0.0,0.0,1.0,0,1.0,0,0.0,0.0,1.0
910,911,361.8,0.0,1.0,1.0,1.0,1.0,0.0,0.0,1.0,0,1.0,0,0.0,1.0,-1.0
911,912,333.2,1.0,0.0,1.0,1.0,1.0,0.0,0.0,1.0,0,1.0,0,0.0,0.0,1.0
912,913,440.6,0.0,0.0,0.0,1.0,0.0,0.0,0.0,1.0,0,1.0,0,0.0,1.0,-1.0
913,914,540.1,1.0,1.0,0.0,1.0,0.0,0.0,0.0,1.0,0,1.0,0,0.0,0.0,1.0
914,915,331.5,1.0,1.0,0.0,1.0,0.0,0.0,0.0,1.0,0,1.0,0,1.0,1.0,0.0
915,916,390.9,1.0,0.0,1.0,1.0,1.0,0.0,0.0,1.0,0,1.0,0,1.0,1.0,0.0
916,917,406.4,1.0,0.0,1.0,1.0,1.0,0.0,0.0,1.0,0,1.0,0,1.0,1.0,0.0
917,918,337.9,0.0,1.0,1.0,1.0,1.0,0.0,0.0,1.0,0,1.0,0,0.0,1.0,-1.0
918,919,465.2,0.0,0.0,0.0,1.0,0.0,0.0,0.0,1.0,0,1.0,0,1.0,0.0,0.0
919,920,484.7,0.0,1.0,1.0,1.0,1.0,0.0,0.0,1.0,0,1.0,0,1.0,0.0,0.0
920,921,372.1,0.0,1.0,1.0,1.0,1.0,0.0,0.0,1.0,0,1.0,0,1.0,0.0,0.0
921,922,319.6,0.0,1.0,1.0,1.0,1.0,0.0,0.0,1.0,0,1.0,0,1.0,0.0,0.0
922,923,411.0,1.0,0.0,1.0,1.0,1.0,0.0,0.0,1.0,0,1.0,0,0.0,0.0,1.0
923,924,414.4,0.0,1.0,1.0,1.0,1.0,0.0,0.0,1.0,0,1.0,0,0.0,1.0,-1.0
924,925,437.9,1.0,0.0,1.0,1.0,1.0,0.0,0.0,1.0,0,1.0,0,0.0,0.0,1.0
925,926,353.4,1.0,0.0,1.0,1.0,1.0,0.0,0.0,1.0,0,1.0,0,1.0,1.0,0.0
926,927,492.7,1.0,1.0,0.0,1.0,0.0,0.0,0.0,1.0,0,1.0,0,1.0,1.0,0.0
927,928,920.2,0.0,1.0,1.0,1.0,1.0,0.0,0.0,1.0,2,1.0,0,0.0,1.0,-1.0
928,929,455.7,1.0,1.0,0.0,1.0,0.0,0.0,0.0,1.0,0,1.0,0,0.0,0.0,1.0
929,930,327.1,0.0,0.0,0.0,1.0,0.0,0.0,0.0,1.0,0,1.0,0,0.0,1.0,-1.0
930,931,298.5,1.0,1.0,0.0,1.0,0.0,0.0,0.0,1.0,0,1.0,0,0.0,0.0,1.0
931,932,310.0,0.0,0.0,0.0,1.0,0.0,0.0,0.0,1.0,0,1.0,0,0.0,1.0,-1.0
932,933,397.4,1.0,0.0,1.0,1.0,1.0,0.0,0.0,1.0,0,1.0,0,0.0,0.0,1.0
933,934,496.8,0.0,0.0,0.0,1.0,0.0,0.0,0.0,1.0,0,1.0,0,0.0,1.0,-1.0
934,935,352.2,0.0,0.0,0.0,1.0,0.0,0.0,0.0,1.0,0,1.0,0,1.0,0.0,0.0
935,936,411.7,1.0,0.0,1.0,1.0,1.0,0.0,0.0,1.0,0,1.0,0,0.0,0.0,1.0
936,937,514.8,1.0,1.0,0.0,1.0,0.0,0.0,0.0,1.0,0,1.0,0,1.0,1.0,0.0
937,938,358.3,0.0,1.0,1.0,1.0,1.0,0.0,0.0,1.0,0,1.0,0,0.0,1.0,-1.0
938,939,337.7,1.0,0.0,1.0,1.0,1.0,0.0,0.0,1.0,0,1.0,0,0.0,0.0,1.0
939,940,365.2,1.0,1.0,0.0,1.0,0.0,0.0,0.0,1.0,0,1.0,0,1.0,1.0,0.0
940,941,384.6,1.0,0.0,1.0,1.0,1.0,0.0,0.0,1.0,0,1.0,0,1.0,1.0,0.0
941,942,412.0,1.0,1.0,0.0,1.0,0.0,0.0,0.0,1.0,0,1.0,0,1.0,1.0,0.0
942,943,503.5,0.0,0.0,0.0,1.0,0.0,0.0,0.0,1.0,0,1.0,0,0.0,1.0,-1.0
943,944,422.9,1.0,1.0,0.0,1.0,0.0,0.0,0.0,1.0,0,1.0,0,0.0,0.0,1.0
944,945,430.3,0.0,1.0,1.0,1.0,1.0,0.0,0.0,1.0,0,1.0,0,0.0,1.0,-1.0
945,946,273.8,1.0,1.0,0.0,1.0,0.0,0.0,0.0,1.0,0,1.0,0,0.0,0.0,1.0
946,947,429.3,0.0,0.0,0.0,1.0,0.0,0.0,0.0,1.0,0,1.0,0,0.0,1.0,-1.0
947,948,460.6,0.0,1.0,1.0,1.0,1.0,0.0,0.0,1.0,0,1.0,0,1.0,0.0,0.0
948,949,400.1,0.0,0.0,0.0,1.0,0.0,0.0,0.0,1.0,0,1.0,0,1.0,0.0,0.0
949,950,631.5,1.0,1.0,0.0,1.0,0.0,0.0,0.0,1.0,0,1.0,0,0.0,0.0,1.0
950,951,367.0,1.0,1.0,0.0,1.0,0.0,0.0,0.0,1.0,0,1.0,0,1.0,1.0,0.0
951,952,414.4,0.0,1.0,1.0,1.0,1.0,0.0,0.0,1.0,0,1.0,0,0.0,1.0,-1.0
952,953,445.8,1.0,1.0,0.0,1.0,0.0,0.0,0.0,1.0,0,1.0,0,0.0,0.0,1.0
953,954,401.3,0.0,0.0,0.0,1.0,0.0,0.0,0.0,1.0,0,1.0,0,0.0,1.0,-1.0
954,955,296.8,0.0,1.0,1.0,1.0,1.0,0.0,0.0,1.0,0,1.0,0,1.0,0.0,0.0
955,956,428.2,1.0,0.0,1.0,1.0,1.0,0.0,0.0,1.0,0,1.0,0,0.0,0.0,1.0
956,957,407.6,0.0,0.0,0.0,1.0,0.0,0.0,0.0,1.0,0,1.0,0,0.0,1.0,-1.0
957,958,243.1,1.0,1.0,0.0,0.0,1.0,0.0,0.0,1.0,1,1.0,0,1.0,0.0,0.0
958,959,386.5,1.0,1.0,0.0,0.0,1.0,0.0,0.0,1.0,1,1.0,1,1.0,0.0,0.0
959,960,501.9,0.0,0.0,0.0,1.0,0.0,0.0,0.0,1.0,0,1.0,1,1.0,0.0,0.0
960,961,393.4,0.0,1.0,1.0,1.0,1.0,0.0,0.0,1.0,0,1.0,0,1.0,0.0,0.0
961,962,276.8,0.0,1.0,1.0,1.0,1.0,0.0,0.0,1.0,0,1.0,0,1.0,0.0,0.0
962,963,400.3,1.0,0.0,1.0,1.0,1.0,0.0,0.0,1.0,0,1.0,0,0.0,0.0,1.0
963,964,319.7,1.0,1.0,0.0,1.0,0.0,0.0,0.0,1.0,0,1.0,0,1.0,1.0,0.0
964,965,467.1,0.0,1.0,1.0,1.0,1.0,0.0,0.0,1.0,0,1.0,0,0.0,1.0,-1.0
965,966,318.6,0.0,1.0,1.0,1.0,1.0,0.0,0.0,1.0,0,1.0,0,1.0,0.0,0.0
966,967,370.0,0.0,0.0,0.0,1.0,0.0,0.0,0.0,1.0,0,1.0,0,1.0,0.0,0.0
967,968,421.4,1.0,1.0,0.0,1.0,0.0,0.0,0.0,1.0,0,1.0,0,0.0,0.0,1.0
968,969,364.9,0.0,0.0,0.0,1.0,0.0,0.0,0.0,1.0,0,1.0,0,0.0,1.0,-1.0
969,970,432.3,0.0,0.0,0.0,1.0,0.0,0.0,0.0,1.0,0,1.0,0,1.0,0.0,0.0
970,971,331.7,0.0,0.0,0.0,1.0,0.0,0.0,0.0,1.0,0,1.0,0,1.0,0.0,0.0
971,972,327.2,0.0,0.0,0.0,1.0,0.0,0.0,0.0,1.0,0,1.0,0,1.0,0.0,0.0
972,973,490.4,0.0,1.0,1.0,1.0,1.0,0.0,0.0,1.0,0,1.0,0,1.0,0.0,0.0
973,974,413.7,0.0,0.0,0.0,1.0,0.0,0.0,0.0,1.0,0,1.0,0,1.0,0.0,0.0
974,975,429.2,0.0,1.0,1.0,1.0,1.0,0.0,0.0,1.0,0,1.0,0,1.0,0.0,0.0
975,976,336.6,1.0,1.0,0.0,1.0,0.0,0.0,0.0,1.0,0,1.0,0,0.0,0.0,1.0
976,977,348.1,1.0,1.0,0.0,1.0,0.0,0.0,0.0,1.0,0,1.0,0,1.0,1.0,0.0
977,978,311.5,1.0,1.0,0.0,1.0,0.0,0.0,0.0,1.0,0,1.0,0,1.0,1.0,0.0
978,979,314.9,0.0,0.0,0.0,1.0,0.0,0.0,0.0,1.0,0,1.0,0,0.0,1.0,-1.0
979,980,286.4,0.0,0.0,0.0,1.0,0.0,0.0,0.0,1.0,0,1.0,0,1.0,0.0,0.0
980,981,309.9,0.0,1.0,1.0,0.0,0.0,0.0,0.0,1.0,1,1.0,0,0.0,0.0,1.0
981,982,333.2,1.0,0.0,1.0,1.0,1.0,0.0,0.0,1.0,0,1.0,1,0.5173471487277403,0.5173471487277403,0.48265285127225965
982,983,376.7,1.0,0.0,1.0,1.0,1.0,0.0,0.0,1.0,0,1.0,0,1.0,1.0,0.0
983,984,380.2,0.0,0.0,0.0,1.0,0.0,0.0,0.0,1.0,0,1.0,0,0.0,1.0,-1.0
984,985,447.6,1.0,0.0,1.0,1.0,1.0,0.0,0.0,1.0,0,1.0,0,0.0,0.0,1.0
985,986,363.0,0.0,1.0,1.0,0.0,0.0,0.0,0.0,1.0,1,1.0,0,1.0,1.0,0.0
986,987,546.5,1.0,1.0,0.0,1.0,0.0,0.0,0.0,1.0,0,1.0,1,1.0,1.0,0.0
987,988,429.9,1.0,1.0,0.0,1.0,0.0,0.0,0.0,1.0,0,1.0,0,1.0,1.0,0.0
988,989,393.3,0.0,0.0,0.0,1.0,0.0,0.0,0.0,1.0,0,1.0,0,0.0,1.0,-1.0
989,990,340.7,1.0,1.0,0.0,1.0,0.0,0.0,0.0,1.0,0,1.0,0,0.0,0.0,1.0
990,991,456.2,1.0,0.0,1.0,1.0,1.0,0.0,0.0,1.0,0,1.0,0,1.0,1.0,0.0
991,992,331.7,1.0,0.0,1.0,1.0,1.0,0.0,0.0,1.0,0,1.0,0,1.0,1.0,0.0
992,993,427.0,0.0,1.0,1.0,1.0,1.0,0.0,0.0,1.0,0,1.0,0,0.0,1.0,-1.0
993,994,446.5,1.0,1.0,0.0,1.0,0.0,0.0,0.0,1.0,0,1.0,0,0.0,0.0,1.0
994,995,490.0,0.0,1.0,1.0,1.0,1.0,0.0,0.0,1.0,0,1.0,0,0.0,1.0,-1.0
995,996,525.3,0.0,0.0,0.0,1.0,0.0,0.0,0.0,1.0,0,1.0,0,1.0,0.0,0.0
996,997,436.9,0.0,0.0,0.0,1.0,0.0,0.0,0.0,1.0,0,1.0,0,1.0,0.0,0.0
997,998,800.3,0.0,1.0,1.0,1.0,1.0,0.0,0.0,1.0,2,1.0,0,1.0,0.0,0.0
998,999,391.8,0.0,1.0,1.0,1.0,1.0,0.0,0.0,1.0,0,1.0,0,1.0,0.0,0.0
999,1000,355.1,0.0,0.0,0.0,1.0,0.0,0.0,0.0,1.0,0,1.0,0,1.0,0.0,0.0
1000,1001,458.6,1.0,1.0,0.0,1.0,0.0,0.0,0.0,1.0,0,1.0,0,0.0,0.0,1.0
1001,1002,334.0,0.0,1.0,1.0,1.0,1.0,0.0,0.0,1.0,0,1.0,0,0.0,1.0,-1.0
1002,1003,485.4,0.0,0.0,0.0,1.0,0.0,0.0,0.0,1.0,0,1.0,0,1.0,0.0,0.0
1003,1004,336.9,0.0,0.0,0.0,1.0,0.0,0.0,0.0,1.0,0,1.0,0,1.0,0.0,0.0
1004,1005,444.3,1.0,0.0,1.0,1.0,1.0,0.0,0.0,1.0,0,1.0,0,0.0,0.0,1.0
1005,1006,347.8,1.0,0.0,1.0,1.0,1.0,0.0,0.0,1.0,0,1.0,0,1.0,1.0,0.0
1006,1007,351.1,1.0,0.0,1.0,1.0,1.0,0.0,0.0,1.0,0,1.0,0,1.0,1.0,0.0
1007,1008,322.6,1.0,0.0,1.0,1.0,1.0,0.0,0.0,1.0,0,1.0,0,1.0,1.0,0.0
1008,1009,471.7,1.0,0.0,1.0,1.0,1.0,0.0,0.0,1.0,0,2.0,0,1.0,1.0,0.0
1009,1010,807.2,0.0,1.0,1.0,1.0,1.0,0.0,0.0,1.0,2,2.0,0,0.0,1.0,-1.0
1010,1011,458.7,1.0,1.0,0.0,1.0,0.0,0.0,0.0,1.0,0,2.0,0,0.0,0.0,1.0
1011,1012,382.0,1.0,0.0,1.0,1.0,1.0,0.0,0.0,1.0,0,2.0,0,1.0,1.0,0.0
1012,1013,461.5,1.0,1.0,0.0,1.0,0.0,0.0,0.0,1.0,0,2.0,0,1.0,1.0,0.0
1013,1014,340.9,0.0,0.0,0.0,1.0,0.0,0.0,0.0,1.0,0,2.0,0,0.0,1.0,-1.0
1014,1015,440.4,1.0,0.0,1.0,1.0,1.0,0.0,0.0,1.0,0,2.0,0,0.0,0.0,1.0
1015,1016,451.8,0.0,0.0,0.0,1.0,0.0,0.0,0.0,1.0,0,2.0,0,0.0,1.0,-1.0
1016,1017,407.2,1.0,1.0,0.0,1.0,0.0,0.0,0.0,1.0,0,2.0,0,0.0,0.0,1.0
1017,1018,378.7,0.0,0.0,0.0,1.0,0.0,0.0,0.0,1.0,0,2.0,0,0.0,1.0,-1.0
1018,1019,298.0,0.0,1.0,1.0,1.0,1.0,0.0,0.0,1.0,0,2.0,0,1.0,0.0,0.0
1019,1020,369.5,0.0,0.0,0.0,1.0,0.0,0.0,0.0,1.0,0,2.0,0,1.0,0.0,0.0
1020,1021,345.0,1.0,0.0,1.0,1.0,1.0,0.0,0.0,1.0,0,2.0,0,0.0,0.0,1.0
1021,1022,340.4,0.0,1.0,1.0,1.0,1.0,0.0,0.0,1.0,0,2.0,0,0.0,1.0,-1.0
1022,1023,463.8,0.0,0.0,0.0,1.0,0.0,0.0,0.0,1.0,0,2.0,0,1.0,0.0,0.0
1023,1024,403.3,0.0,1.0,1.0,1.0,1.0,0.0,0.0,1.0,0,2.0,0,1.0,0.0,0.0
1024,1025,338.7,1.0,0.0,1.0,1.0,1.0,0.0,0.0,1.0,0,2.0,0,0.0,0.0,1.0
1025,1026,422.2,1.0,1.0,0.0,1.0,0.0,0.0,0.0,1.0,0,2.0,0,1.0,1.0,0.0
1026,1027,465.6,0.0,1.0,1.0,1.0,1.0,0.0,0.0,1.0,0,2.0,0,0.0,1.0,-1.0
1027,1028,481.0,1.0,1.0,0.0,1.0,0.0,0.0,0.0,1.0,0,2.0,0,0.0,0.0,1.0
1028,1029,472.5,0.0,1.0,1.0,1.0,1.0,0.0,0.0,1.0,0,2.0,0,0.0,1.0,-1.0
1029,1030,459.9,0.0,1.0,1.0,1.0,1.0,0.0,0.0,1.0,0,2.0,0,1.0,0.0,0.0
1030,1031,375.3,1.0,1.0,0.0,1.0,0.0,0.0,0.0,1.0,0,2.0,0,0.0,0.0,1.0
1031,1032,446.8,0.0,1.0,1.0,1.0,1.0,0.0,0.0,1.0,0,2.0,0,0.0,1.0,-1.0
1032,1033,574.2,1.0,0.0,1.0,1.0,1.0,0.0,0.0,1.0,0,2.0,0,0.0,0.0,1.0
1033,1034,421.7,1.0,0.0,1.0,1.0,1.0,0.0,0.0,1.0,0,2.0,0,1.0,1.0,0.0
1034,1035,441.1,1.0,1.0,0.0,1.0,0.0,0.0,0.0,1.0,0,2.0,0,1.0,1.0,0.0
1035,1036,380.5,1.0,0.0,1.0,1.0,1.0,0.0,0.0,1.0,0,2.0,0,1.0,1.0,0.0
1036,1037,448.0,0.0,1.0,1.0,1.0,1.0,0.0,0.0,1.0,0,2.0,0,0.0,1.0,-1.0
1037,1038,335.4,1.0,0.0,1.0,1.0,1.0,0.0,0.0,1.0,0,2.0,0,0.0,0.0,1.0
1038,1039,402.8,0.0,0.0,0.0,1.0,0.0,0.0,0.0,1.0,0,2.0,0,0.0,1.0,-1.0
1039,1040,406.3,0.0,0.0,0.0,1.0,0.0,0.0,0.0,1.0,0,2.0,0,1.0,0.0,0.0
1040,1041,385.7,1.0,0.0,1.0,1.0,1.0,0.0,0.0,1.0,0,2.0,0,0.0,0.0,1.0
1041,1042,437.1,1.0,1.0,0.0,1.0,0.0,0.0,0.0,1.0,0,2.0,0,1.0,1.0,0.0
1042,1043,408.6,1.0,1.0,0.0,1.0,0.0,0.0,0.0,1.0,0,2.0,0,1.0,1.0,0.0
1043,1044,316.0,1.0,0.0,1.0,1.0,1.0,0.0,0.0,1.0,0,2.0,0,1.0,1.0,0.0
1044,1045,435.2,1.0,1.0,0.0,1.0,0.0,0.0,0.0,1.0,0,2.0,0,1.0,1.0,0.0
1045,1046,378.6,1.0,1.0,0.0,1.0,0.0,0.0,0.0,1.0,0,2.0,0,1.0,1.0,0.0
1046,1047,602.1,0.0,1.0,1.0,1.0,1.0,0.0,0.0,1.0,0,2.0,0,0.0,1.0,-1.0
1047,1048,301.5,1.0,0.0,1.0,1.0,1.0,0.0,0.0,1.0,0,2.0,0,0.0,0.0,1.0
1048,1049,388.9,1.0,1.0,0.0,1.0,0.0,0.0,0.0,1.0,0,2.0,0,1.0,1.0,0.0
1049,1050,364.4,1.0,0.0,1.0,1.0,1.0,0.0,0.0,1.0,0,2.0,0,1.0,1.0,0.0
1050,1051,359.8,1.0,0.0,1.0,1.0,1.0,0.0,0.0,1.0,0,2.0,0,1.0,1.0,0.0
1051,1052,491.3,1.0,0.0,1.0,1.0,1.0,0.0,0.0,1.0,0,2.0,0,1.0,1.0,0.0
1052,1053,414.7,1.0,1.0,0.0,1.0,0.0,0.0,0.0,1.0,0,2.0,0,1.0,1.0,0.0
1053,1054,342.1,1.0,1.0,0.0,1.0,0.0,0.0,0.0,1.0,0,2.0,0,1.0,1.0,0.0
1054,1055,313.6,1.0,0.0,1.0,1.0,1.0,0.0,0.0,1.0,0,2.0,0,1.0,1.0,0.0
1055,1056,485.0,0.0,0.0,0.0,1.0,0.0,0.0,0.0,1.0,0,2.0,0,0.0,1.0,-1.0
1056,1057,348.4,1.0,0.0,1.0,1.0,1.0,0.0,0.0,1.0,0,2.0,0,0.0,0.0,1.0
1057,1058,423.9,1.0,1.0,0.0,1.0,0.0,0.0,0.0,1.0,0,2.0,0,1.0,1.0,0.0
1058,1059,355.4,1.0,0.0,1.0,1.0,1.0,0.0,0.0,1.0,0,2.0,0,1.0,1.0,0.0
1059,1060,358.7,0.0,0.0,0.0,1.0,0.0,0.0,0.0,1.0,0,2.0,0,0.0,1.0,-1.0
1060,1061,410.2,1.0,0.0,1.0,1.0,1.0,0.0,0.0,1.0,0,2.0,0,0.0,0.0,1.0
1061,1062,333.6,1.0,1.0,0.0,1.0,0.0,0.0,0.0,1.0,0,2.0,0,1.0,1.0,0.0
1062,1063,433.1,1.0,1.0,0.0,1.0,0.0,0.0,0.0,1.0,0,2.0,0,1.0,1.0,0.0
1063,1064,408.5,1.0,1.0,0.0,1.0,0.0,0.0,0.0,1.0,0,2.0,0,1.0,1.0,0.0
1064,1065,351.9,1.0,0.0,1.0,1.0,1.0,0.0,0.0,1.0,0,2.0,0,1.0,1.0,0.0
1065,1066,331.4,1.0,0.0,1.0,1.0,1.0,0.0,0.0,1.0,0,2.0,0,1.0,1.0,0.0
1066,1067,406.8,0.0,1.0,1.0,1.0,1.0,0.0,0.0,1.0,0,2.0,0,0.0,1.0,-1.0
1067,1068,274.2,0.0,1.0,1.0,1.0,1.0,0.0,0.0,1.0,0,2.0,0,1.0,0.0,0.0
1068,1069,309.7,1.0,0.0,1.0,1.0,1.0,0.0,0.0,1.0,0,2.0,0,0.0,0.0,1.0
1069,1070,469.2,1.0,1.0,0.0,1.0,0.0,0.0,0.0,1.0,0,2.0,0,1.0,1.0,0.0
1070,1071,948.5,0.0,0.0,0.0,1.0,0.0,0.0,0.0,1.0,2,2.0,0,0.0,1.0,-1.0
1071,1072,468.0,0.0,0.0,0.0,1.0,0.0,0.0,0.0,1.0,0,2.0,0,1.0,0.0,0.0
1072,1073,415.4,1.0,0.0,1.0,1.0,1.0,0.0,0.0,1.0,0,2.0,0,0.0,0.0,1.0
1073,1074,330.9,1.0,1.0,0.0,1.0,0.0,0.0,0.0,1.0,0,2.0,0,1.0,1.0,0.0
1074,1075,382.3,1.0,1.0,0.0,1.0,0.0,0.0,0.0,1.0,0,2.0,0,1.0,1.0,0.0
1075,1076,377.7,0.0,1.0,1.0,1.0,1.0,0.0,0.0,1.0,0,2.0,0,0.0,1.0,-1.0
1076,1077,501.2,0.0,1.0,1.0,1.0,1.0,0.0,0.0,1.0,0,2.0,0,1.0,0.0,0.0
1077,1078,420.6,0.0,0.0,0.0,1.0,0.0,0.0,0.0,1.0,0,2.0,0,1.0,0.0,0.0
1078,1079,524.0,0.0,0.0,0.0,1.0,0.0,0.0,0.0,1.0,0,2.0,0,1.0,0.0,0.0
1079,1080,367.5,0.0,0.0,0.0,1.0,0.0,0.0,0.0,1.0,0,2.0,0,1.0,0.0,0.0
1080,1081,550.6,1.0,0.0,1.0,1.0,1.0,0.0,0.0,1.0,0,2.0,0,0.0,0.0,1.0
1081,1082,442.1,0.0,1.0,1.0,1.0,1.0,0.0,0.0,1.0,0,2.0,0,0.0,1.0,-1.0
1082,1083,337.5,0.0,1.0,1.0,1.0,1.0,0.0,0.0,1.0,0,2.0,0,1.0,0.0,0.0
1083,1084,461.0,1.0,1.0,0.0,1.0,0.0,0.0,0.0,1.0,0,2.0,0,0.0,0.0,1.0
1084,1085,612.4,0.0,1.0,1.0,1.0,1.0,0.0,0.0,1.0,0,2.0,0,0.0,1.0,-1.0
1085,1086,455.8,0.0,1.0,1.0,1.0,1.0,0.0,0.0,1.0,0,2.0,0,1.0,0.0,0.0
1086,1087,387.3,1.0,0.0,1.0,1.0,1.0,0.0,0.0,1.0,0,2.0,0,0.0,0.0,1.0
1087,1088,254.8,0.0,1.0,1.0,1.0,1.0,0.0,0.0,1.0,0,2.0,0,0.0,1.0,-1.0
1088,1089,326.1,1.0,0.0,1.0,1.0,1.0,0.0,0.0,1.0,0,2.0,0,0.0,0.0,1.0
1089,1090,369.6,1.0,0.0,1.0,1.0,1.0,0.0,0.0,1.0,0,2.0,0,1.0,1.0,0.0
1090,1091,465.0,0.0,0.0,0.0,1.0,0.0,0.0,0.0,1.0,0,2.0,0,0.0,1.0,-1.0
1091,1092,412.4,0.0,1.0,1.0,1.0,1.0,0.0,0.0,1.0,0,2.0,0,1.0,0.0,0.0
1092,1093,371.9,0.0,1.0,1.0,1.0,1.0,0.0,0.0,1.0,0,2.0,0,1.0,0.0,0.0
1093,1094,299.3,0.0,1.0,1.0,1.0,1.0,0.0,0.0,1.0,0,2.0,0,1.0,0.0,0.0
1094,1095,350.8,1.0,0.0,1.0,1.0,1.0,0.0,0.0,1.0,0,2.0,0,0.0,0.0,1.0
1095,1096,330.2,0.0,1.0,1.0,1.0,1.0,0.0,0.0,1.0,0,2.0,0,0.0,1.0,-1.0
1096,1097,349.6,1.0,0.0,1.0,1.0,1.0,0.0,0.0,1.0,0,2.0,0,0.0,0.0,1.0
1097,1098,449.1,0.0,0.0,0.0,1.0,0.0,0.0,0.0,1.0,0,2.0,0,0.0,1.0,-1.0
1098,1099,340.5,1.0,1.0,0.0,1.0,0.0,0.0,0.0,1.0,0,2.0,0,0.0,0.0,1.0
1099,1100,383.9,0.0,1.0,1.0,1.0,1.0,0.0,0.0,1.0,0,2.0,0,0.0,1.0,-1.0
1100,1101,239.4,0.0,1.0,1.0,1.0,1.0,0.0,0.0,1.0,0,2.0,0,1.0,0.0,0.0
1101,1102,250.9,1.0,1.0,0.0,0.0,1.0,0.0,0.0,1.0,1,2.0,0,1.0,0.0,0.0
1102,1103,370.2,0.0,0.0,0.0,0.0,1.0,0.0,0.0,1.0,1,2.0,1,0.0,0.0,1.0
1103,1104,421.6,0.0,1.0,1.0,1.0,1.0,0.0,0.0,1.0,0,2.0,1,0.48265285127225965,0.5173471487277403,-0.5173471487277403
1104,1105,345.1,1.0,0.0,1.0,1.0,1.0,0.0,0.0,1.0,0,2.0,0,0.0,0.0,1.0
1105,1106,356.6,0.0,0.0,0.0,1.0,0.0,0.0,0.0,1.0,0,2.0,0,0.0,1.0,-1.0
1106,1107,392.0,0.0,1.0,1.0,1.0,1.0,0.0,0.0,1.0,0,2.0,0,1.0,0.0,0.0
1107,1108,387.4,1.0,1.0,0.0,1.0,0.0,0.0,0.0,1.0,0,2.0,0,0.0,0.0,1.0
1108,1109,406.9,0.0,0.0,0.0,1.0,0.0,0.0,0.0,1.0,0,2.0,0,0.0,1.0,-1.0
1109,1110,358.4,0.0,1.0,1.0,1.0,1.0,0.0,0.0,1.0,0,2.0,0,1.0,0.0,0.0
1110,1111,633.7,1.0,0.0,1.0,0.0,0.0,0.0,0.0,1.0,1,2.0,0,1.0,0.0,0.0
1111,1112,417.2,0.0,1.0,1.0,1.0,1.0,0.0,0.0,1.0,0,2.0,1,1.0,0.0,0.0
1112,1113,1092.6,0.0,0.0,0.0,1.0,0.0,0.0,0.0,1.0,2,2.0,0,1.0,0.0,0.0
1113,1114,432.0,1.0,0.0,1.0,1.0,1.0,0.0,0.0,1.0,0,2.0,0,0.0,0.0,1.0
1114,1115,403.5,0.0,0.0,0.0,1.0,0.0,0.0,0.0,1.0,0,2.0,0,0.0,1.0,-1.0
1115,1116,398.9,1.0,1.0,0.0,1.0,0.0,0.0,0.0,1.0,0,2.0,0,0.0,0.0,1.0
1116,1117,430.1,0.0,0.0,0.0,1.0,0.0,0.0,0.0,1.0,0,2.0,0,0.0,1.0,-1.0
1117,1118,345.5,1.0,1.0,0.0,1.0,0.0,0.0,0.0,1.0,0,2.0,0,0.0,0.0,1.0
1118,1119,341.0,0.0,0.0,0.0,1.0,0.0,0.0,0.0,1.0,0,2.0,0,0.0,1.0,-1.0
1119,1120,368.4,1.0,0.0,1.0,1.0,1.0,0.0,0.0,1.0,0,2.0,0,0.0,0.0,1.0
1120,1121,379.8,0.0,0.0,0.0,1.0,0.0,0.0,0.0,1.0,0,2.0,0,0.0,1.0,-1.0
1121,1122,347.3,1.0,1.0,0.0,1.0,0.0,0.0,0.0,1.0,0,2.0,0,0.0,0.0,1.0
1122,1123,326.7,1.0,0.0,1.0,1.0,1.0,0.0,0.0,1.0,0,2.0,0,1.0,1.0,0.0
1123,1124,370.2,0.0,0.0,0.0,1.0,0.0,0.0,0.0,1.0,0,2.0,0,0.0,1.0,-1.0
1124,1125,389.7,0.0,0.0,0.0,1.0,0.0,0.0,0.0,1.0,0,2.0,0,1.0,0.0,0.0
1125,1126,357.0,1.0,1.0,0.0,1.0,0.0,0.0,0.0,1.0,0,2.0,0,0.0,0.0,1.0
1126,1127,388.5,0.0,1.0,1.0,1.0,1.0,0.0,0.0,1.0,0,2.0,0,0.0,1.0,-1.0
1127,1128,516.0,1.0,1.0,0.0,1.0,0.0,0.0,0.0,1.0,0,2.0,0,0.0,0.0,1.0
1128,1129,439.3,0.0,0.0,0.0,1.0,0.0,0.0,0.0,1.0,0,2.0,0,0.0,1.0,-1.0
1129,1130,390.8,0.0,1.0,1.0,1.0,1.0,0.0,0.0,1.0,0,2.0,0,1.0,0.0,0.0
1130,1131,434.2,1.0,1.0,0.0,1.0,0.0,0.0,0.0,1.0,0,2.0,0,0.0,0.0,1.0
1131,1132,461.6,0.0,1.0,1.0,1.0,1.0,0.0,0.0,1.0,0,2.0,0,0.0,1.0,-1.0
1132,1133,361.1,1.0,1.0,0.0,1.0,0.0,0.0,0.0,1.0,0,2.0,0,0.0,0.0,1.0
1133,1134,364.5,0.0,0.0,0.0,1.0,0.0,0.0,0.0,1.0,0,2.0,0,0.0,1.0,-1.0
1134,1135,348.0,1.0,1.0,0.0,1.0,0.0,0.0,0.0,1.0,0,2.0,0,0.0,0.0,1.0
1135,1136,355.4,0.0,0.0,0.0,1.0,0.0,0.0,0.0,1.0,0,2.0,0,0.0,1.0,-1.0
1136,1137,374.8,1.0,0.0,1.0,1.0,1.0,0.0,0.0,1.0,0,2.0,0,0.0,0.0,1.0
1137,1138,466.3,0.0,0.0,0.0,1.0,0.0,0.0,0.0,1.0,0,2.0,0,0.0,1.0,-1.0
1138,1139,597.7,0.0,0.0,0.0,1.0,0.0,0.0,0.0,1.0,0,2.0,0,1.0,0.0,0.0
1139,1140,337.1,0.0,0.0,0.0,1.0,0.0,0.0,0.0,1.0,0,2.0,0,1.0,0.0,0.0
1140,1141,364.6,0.0,1.0,1.0,1.0,1.0,0.0,0.0,1.0,0,2.0,0,1.0,0.0,0.0
1141,1142,384.1,1.0,0.0,1.0,1.0,1.0,0.0,0.0,1.0,0,2.0,0,0.0,0.0,1.0
1142,1143,383.4,1.0,1.0,0.0,1.0,0.0,0.0,0.0,1.0,0,2.0,0,1.0,1.0,0.0
1143,1144,566.9,0.0,0.0,0.0,1.0,0.0,0.0,0.0,1.0,0,2.0,0,0.0,1.0,-1.0
1144,1145,402.3,1.0,1.0,0.0,1.0,0.0,0.0,0.0,1.0,0,2.0,0,0.0,0.0,1.0
1145,1146,449.7,0.0,1.0,1.0,1.0,1.0,0.0,0.0,1.0,0,2.0,0,0.0,1.0,-1.0
1146,1147,453.2,0.0,1.0,1.0,1.0,1.0,0.0,0.0,1.0,0,2.0,0,1.0,0.0,0.0
1147,1148,440.6,0.0,0.0,0.0,1.0,0.0,0.0,0.0,1.0,0,2.0,0,1.0,0.0,0.0
1148,1149,444.1,0.0,0.0,0.0,1.0,0.0,0.0,0.0,1.0,0,2.0,0,1.0,0.0,0.0
1149,1150,363.6,0.0,1.0,1.0,1.0,1.0,0.0,0.0,1.0,0,2.0,0,1.0,0.0,0.0
1150,1151,398.9,1.0,1.0,0.0,1.0,0.0,0.0,0.0,1.0,0,2.0,0,0.0,0.0,1.0
1151,1152,458.4,0.0,0.0,0.0,1.0,0.0,0.0,0.0,1.0,0,2.0,0,0.0,1.0,-1.0
1152,1153,450.7,1.0,0.0,1.0,1.0,1.0,0.0,0.0,1.0,0,3.0,0,0.0,0.0,1.0
1153,1154,370.1,1.0,0.0,1.0,1.0,1.0,0.0,0.0,1.0,0,3.0,0,1.0,1.0,0.0
1154,1155,329.6,0.0,1.0,1.0,1.0,1.0,0.0,0.0,1.0,0,3.0,0,0.0,1.0,-1.0
1155,1156,316.9,0.0,1.0,1.0,1.0,1.0,0.0,0.0,1.0,0,3.0,0,1.0,0.0,0.0
1156,1157,320.4,0.0,1.0,1.0,1.0,1.0,0.0,0.0,1.0,0,3.0,0,1.0,0.0,0.0
1157,1158,299.9,1.0,0.0,1.0,1.0,1.0,0.0,0.0,1.0,0,3.0,0,0.0,0.0,1.0
1158,1159,399.3,1.0,1.0,0.0,1.0,0.0,0.0,0.0,1.0,0,3.0,0,1.0,1.0,0.0
1159,1160,418.7,1.0,1.0,0.0,1.0,0.0,0.0,0.0,1.0,0,3.0,0,1.0,1.0,0.0
1160,1161,342.2,0.0,0.0,0.0,1.0,0.0,0.0,0.0,1.0,0,3.0,0,0.0,1.0,-1.0
1161,1162,357.6,0.0,0.0,0.0,1.0,0.0,0.0,0.0,1.0,0,3.0,0,1.0,0.0,0.0
1162,1163,341.0,1.0,1.0,0.0,1.0,0.0,0.0,0.0,1.0,0,3.0,0,0.0,0.0,1.0
1163,1164,308.4,0.0,0.0,0.0,1.0,0.0,0.0,0.0,1.0,0,3.0,0,0.0,1.0,-1.0
1164,1165,367.9,1.0,0.0,1.0,1.0,1.0,0.0,0.0,1.0,0,3.0,0,0.0,0.0,1.0
1165,1166,319.4,0.0,0.0,0.0,1.0,0.0,0.0,0.0,1.0,0,3.0,0,0.0,1.0,-1.0
1166,1167,338.7,0.0,0.0,0.0,1.0,0.0,0.0,0.0,1.0,0,3.0,0,1.0,0.0,0.0
1167,1168,358.2,0.0,1.0,1.0,1.0,1.0,0.0,0.0,1.0,0,3.0,0,1.0,0.0,0.0
1168,1169,425.7,1.0,1.0,0.0,1.0,0.0,0.0,0.0,1.0,0,3.0,0,0.0,0.0,1.0
1169,1170,317.1,0.0,1.0,1.0,1.0,1.0,0.0,0.0,1.0,0,3.0,0,0.0,1.0,-1.0
1170,1171,392.5,0.0,1.0,1.0,1.0,1.0,0.0,0.0,1.0,0,3.0,0,1.0,0.0,0.0
1171,1172,412.0,0.0,0.0,0.0,1.0,0.0,0.0,0.0,1.0,0,3.0,0,1.0,0.0,0.0
1172,1173,355.4,1.0,1.0,0.0,1.0,0.0,0.0,0.0,1.0,0,3.0,0,0.0,0.0,1.0
1173,1174,402.9,0.0,1.0,1.0,1.0,1.0,0.0,0.0,1.0,0,3.0,0,0.0,1.0,-1.0
1174,1175,278.3,0.0,1.0,1.0,1.0,1.0,0.0,0.0,1.0,0,3.0,0,1.0,0.0,0.0
1175,1176,305.7,1.0,0.0,1.0,1.0,1.0,0.0,0.0,1.0,0,3.0,0,0.0,0.0,1.0
1176,1177,365.2,0.0,1.0,1.0,1.0,1.0,0.0,0.0,1.0,0,3.0,0,0.0,1.0,-1.0
1177,1178,376.7,1.0,1.0,0.0,1.0,0.0,0.0,0.0,1.0,0,3.0,0,0.0,0.0,1.0
1178,1179,540.0,0.0,0.0,0.0,1.0,0.0,0.0,0.0,1.0,0,3.0,0,0.0,1.0,-1.0
1179,1180,415.5,0.0,0.0,0.0,1.0,0.0,0.0,0.0,1.0,0,3.0,0,1.0,0.0,0.0
1180,1181,303.0,1.0,0.0,1.0,1.0,1.0,0.0,0.0,1.0,0,3.0,0,0.0,0.0,1.0
1181,1182,426.3,1.0,1.0,0.0,1.0,0.0,0.0,0.0,1.0,0,3.0,0,1.0,1.0,0.0
1182,1183,541.8,1.0,0.0,1.0,1.0,1.0,0.0,0.0,1.0,0,3.0,0,1.0,1.0,0.0
1183,1184,425.2,1.0,1.0,0.0,1.0,0.0,0.0,0.0,1.0,0,3.0,0,1.0,1.0,0.0
1184,1185,372.7,1.0,1.0,0.0,1.0,0.0,0.0,0.0,1.0,0,3.0,0,1.0,1.0,0.0
1185,1186,412.1,1.0,0.0,1.0,1.0,1.0,0.0,0.0,1.0,0,3.0,0,1.0,1.0,0.0
1186,1187,403.5,1.0,1.0,0.0,1.0,0.0,0.0,0.0,1.0,0,3.0,0,1.0,1.0,0.0
1187,1188,631.0,1.0,0.0,1.0,1.0,1.0,0.0,0.0,1.0,0,3.0,0,1.0,1.0,0.0
1188,1189,422.1,0.0,0.0,0.0,1.0,0.0,0.0,0.0,1.0,0,3.0,0,0.0,1.0,-1.0
1189,1190,437.6,1.0,1.0,0.0,1.0,0.0,0.0,0.0,1.0,0,3.0,0,0.0,0.0,1.0
1190,1191,369.0,1.0,1.0,0.0,1.0,0.0,0.0,0.0,1.0,0,3.0,0,1.0,1.0,0.0
1191,1192,312.5,1.0,1.0,0.0,1.0,0.0,0.0,0.0,1.0,0,3.0,0,1.0,1.0,0.0
1192,1193,307.9,0.0,1.0,1.0,1.0,1.0,0.0,0.0,1.0,0,3.0,0,0.0,1.0,-1.0
1193,1194,371.3,1.0,0.0,1.0,1.0,1.0,0.0,0.0,1.0,0,3.0,0,0.0,0.0,1.0
1194,1195,318.8,0.0,1.0,1.0,1.0,1.0,0.0,0.0,1.0,0,3.0,0,0.0,1.0,-1.0
1195,1196,290.2,1.0,0.0,1.0,1.0,1.0,0.0,0.0,1.0,0,3.0,0,0.0,0.0,1.0
1196,1197,477.6,1.0,1.0,0.0,1.0,0.0,0.0,0.0,1.0,0,3.0,0,1.0,1.0,0.0
1197,1198,361.1,1.0,0.0,1.0,1.0,1.0,0.0,0.0,1.0,0,3.0,0,1.0,1.0,0.0
1198,1199,364.5,0.0,1.0,1.0,1.0,1.0,0.0,0.0,1.0,0,3.0,0,0.0,1.0,-1.0
1199,1200,599.9,1.0,0.0,1.0,0.0,0.0,0.0,0.0,1.0,1,3.0,0,1.0,0.0,0.0
1200,1201,395.4,0.0,1.0,1.0,1.0,1.0,0.0,0.0,1.0,0,3.0,1,1.0,0.0,0.0
1201,1202,370.8,1.0,1.0,0.0,1.0,0.0,0.0,0.0,1.0,0,3.0,0,0.0,0.0,1.0
1202,1203,286.3,1.0,0.0,1.0,1.0,1.0,0.0,0.0,1.0,0,3.0,0,1.0,1.0,0.0
1203,1204,625.6,0.0,1.0,1.0,1.0,1.0,0.0,0.0,1.0,0,3.0,0,0.0,1.0,-1.0
1204,1205,417.1,1.0,1.0,0.0,1.0,0.0,0.0,0.0,1.0,0,3.0,0,0.0,0.0,1.0
1205,1206,508.6,1.0,1.0,0.0,1.0,0.0,0.0,0.0,1.0,0,3.0,0,1.0,1.0,0.0
1206,1207,384.0,0.0,0.0,0.0,1.0,0.0,0.0,0.0,1.0,0,3.0,0,0.0,1.0,-1.0
1207,1208,351.4,0.0,1.0,1.0,1.0,1.0,0.0,0.0,1.0,0,3.0,0,1.0,0.0,0.0
1208,1209,326.9,0.0,1.0,1.0,1.0,1.0,0.0,0.0,1.0,0,3.0,0,1.0,0.0,0.0
1209,1210,422.2,1.0,1.0,0.0,1.0,0.0,0.0,0.0,1.0,0,3.0,0,0.0,0.0,1.0
1210,1211,525.7,0.0,0.0,0.0,1.0,0.0,0.0,0.0,1.0,0,3.0,0,0.0,1.0,-1.0
1211,1212,413.2,0.0,0.0,0.0,1.0,0.0,0.0,0.0,1.0,0,3.0,0,1.0,0.0,0.0
1212,1213,368.6,0.0,1.0,1.0,1.0,1.0,0.0,0.0,1.0,0,3.0,0,1.0,0.0,0.0
1213,1214,328.0,0.0,1.0,1.0,1.0,1.0,0.0,0.0,1.0,0,3.0,0,1.0,0.0,0.0
1214,1215,411.5,1.0,1.0,0.0,1.0,0.0,0.0,0.0,1.0,0,3.0,0,0.0,0.0,1.0
1215,1216,466.9,0.0,0.0,0.0,1.0,0.0,0.0,0.0,1.0,0,3.0,0,0.0,1.0,-1.0
1216,1217,326.4,0.0,1.0,1.0,1.0,1.0,0.0,0.0,1.0,0,3.0,0,1.0,0.0,0.0
1217,1218,409.8,1.0,0.0,1.0,1.0,1.0,0.0,0.0,1.0,0,3.0,0,0.0,0.0,1.0
1218,1219,381.2,1.0,0.0,1.0,1.0,1.0,0.0,0.0,1.0,0,3.0,0,1.0,1.0,0.0
1219,1220,504.7,1.0,1.0,0.0,1.0,0.0,0.0,0.0,1.0,0,3.0,0,1.0,1.0,0.0
1220,1221,852.1,1.0,1.0,0.0,1.0,0.0,0.0,0.0,1.0,2,3.0,0,1.0,1.0,0.0
1221,1222,523.5,0.0,1.0,1.0,1.0,1.0,0.0,0.0,1.0,0,3.0,0,0.0,1.0,-1.0
1222,1223,515.0,1.0,1.0,0.0,1.0,0.0,0.0,0.0,1.0,0,3.0,0,0.0,0.0,1.0
1223,1224,542.4,1.0,0.0,1.0,1.0,1.0,0.0,0.0,1.0,0,3.0,0,1.0,1.0,0.0
1224,1225,621.6,0.0,0.0,0.0,1.0,0.0,0.0,0.0,1.0,0,3.0,0,0.0,1.0,-1.0
1225,1226,473.0,0.0,0.0,0.0,1.0,0.0,0.0,0.0,1.0,0,3.0,0,1.0,0.0,0.0
1226,1227,376.4,1.0,0.0,1.0,1.0,1.0,0.0,0.0,1.0,0,3.0,0,0.0,0.0,1.0
1227,1228,387.8,1.0,0.0,1.0,1.0,1.0,0.0,0.0,1.0,0,3.0,0,1.0,1.0,0.0
1228,1229,627.3,0.0,1.0,1.0,1.0,1.0,0.0,0.0,1.0,0,3.0,0,0.0,1.0,-1.0
1229,1230,458.8,0.0,1.0,1.0,1.0,1.0,0.0,0.0,1.0,0,3.0,0,1.0,0.0,0.0
1230,1231,406.2,0.0,0.0,0.0,1.0,0.0,0.0,0.0,1.0,0,3.0,0,1.0,0.0,0.0
1231,1232,461.6,1.0,0.0,1.0,1.0,1.0,0.0,0.0,1.0,0,3.0,0,0.0,0.0,1.0
1232,1233,321.1,1.0,0.0,1.0,1.0,1.0,0.0,0.0,1.0,0,3.0,0,1.0,1.0,0.0
1233,1234,324.5,0.0,0.0,0.0,1.0,0.0,0.0,0.0,1.0,0,3.0,0,0.0,1.0,-1.0
1234,1235,415.9,1.0,1.0,0.0,1.0,0.0,0.0,0.0,1.0,0,3.0,0,0.0,0.0,1.0
1235,1236,411.4,1.0,1.0,0.0,1.0,0.0,0.0,0.0,1.0,0,3.0,0,1.0,1.0,0.0
1236,1237,542.8,0.0,0.0,0.0,1.0,0.0,0.0,0.0,1.0,0,3.0,0,0.0,1.0,-1.0
1237,1238,422.2,1.0,1.0,0.0,1.0,0.0,0.0,0.0,1.0,0,3.0,0,0.0,0.0,1.0
1238,1239,337.7,0.0,0.0,0.0,1.0,0.0,0.0,0.0,1.0,0,3.0,0,0.0,1.0,-1.0
1239,1240,309.1,0.0,0.0,0.0,1.0,0.0,0.0,0.0,1.0,0,3.0,0,1.0,0.0,0.0
1240,1241,352.6,0.0,0.0,0.0,1.0,0.0,0.0,0.0,1.0,0,3.0,0,1.0,0.0,0.0
1241,1242,331.9,0.0,0.0,0.0,1.0,0.0,0.0,0.0,1.0,0,3.0,0,1.0,0.0,0.0
1242,1243,307.4,0.0,0.0,0.0,1.0,0.0,0.0,0.0,1.0,0,3.0,0,1.0,0.0,0.0
1243,1244,382.9,0.0,1.0,1.0,1.0,1.0,0.0,0.0,1.0,0,3.0,0,1.0,0.0,0.0
1244,1245,290.3,1.0,0.0,1.0,1.0,1.0,0.0,0.0,1.0,0,3.0,0,0.0,0.0,1.0
1245,1246,365.8,1.0,1.0,0.0,1.0,0.0,0.0,0.0,1.0,0,3.0,0,1.0,1.0,0.0
1246,1247,381.2,1.0,0.0,1.0,1.0,1.0,0.0,0.0,1.0,0,3.0,0,1.0,1.0,0.0
1247,1248,304.6,0.0,1.0,1.0,1.0,1.0,0.0,0.0,1.0,0,3.0,0,0.0,1.0,-1.0
1248,1249,356.1,1.0,1.0,0.0,1.0,0.0,0.0,0.0,1.0,0,3.0,0,0.0,0.0,1.0
1249,1250,339.6,0.0,1.0,1.0,1.0,1.0,0.0,0.0,1.0,0,3.0,0,0.0,1.0,-1.0
1250,1251,462.9,1.0,0.0,1.0,1.0,1.0,0.0,0.0,1.0,0,3.0,0,0.0,0.0,1.0
1251,1252,346.4,0.0,1.0,1.0,0.0,0.0,0.0,0.0,1.0,1,3.0,0,1.0,1.0,0.0
1252,1253,325.8,0.0,1.0,1.0,1.0,1.0,0.0,0.0,1.0,0,3.0,1,0.0,1.0,-1.0
1253,1254,309.2,1.0,0.0,1.0,1.0,1.0,0.0,0.0,1.0,0,3.0,0,0.0,0.0,1.0
1254,1255,268.7,1.0,0.0,1.0,1.0,1.0,0.0,0.0,1.0,0,3.0,0,1.0,1.0,0.0
1255,1256,280.1,1.0,0.0,1.0,1.0,1.0,0.0,0.0,1.0,0,3.0,0,1.0,1.0,0.0
1256,1257,423.6,0.0,0.0,0.0,1.0,0.0,0.0,0.0,1.0,0,3.0,0,0.0,1.0,-1.0
1257,1258,411.1,0.0,0.0,0.0,1.0,0.0,0.0,0.0,1.0,0,3.0,0,1.0,0.0,0.0
1258,1259,486.4,0.0,1.0,1.0,1.0,1.0,0.0,0.0,1.0,0,3.0,0,1.0,0.0,0.0
1259,1260,425.9,1.0,1.0,0.0,1.0,0.0,0.0,0.0,1.0,0,3.0,0,0.0,0.0,1.0
1260,1261,481.0,1.0,0.0,1.0,1.0,1.0,0.0,0.0,1.0,0,3.0,0,1.0,1.0,0.0
1261,1262,348.5,1.0,1.0,0.0,1.0,0.0,0.0,0.0,1.0,0,3.0,0,1.0,1.0,0.0
1262,1263,431.9,0.0,1.0,1.0,1.0,1.0,0.0,0.0,1.0,0,3.0,0,0.0,1.0,-1.0
1263,1264,371.4,0.0,1.0,1.0,1.0,1.0,0.0,0.0,1.0,0,3.0,0,1.0,0.0,0.0
1264,1265,334.8,1.0,0.0,1.0,1.0,1.0,0.0,0.0,1.0,0,3.0,0,0.0,0.0,1.0
1265,1266,294.2,0.0,1.0,1.0,1.0,1.0,0.0,0.0,1.0,0,3.0,0,0.0,1.0,-1.0
1266,1267,329.7,0.0,0.0,0.0,1.0,0.0,0.0,0.0,1.0,0,3.0,0,1.0,0.0,0.0
1267,1268,325.1,0.0,0.0,0.0,1.0,0.0,0.0,0.0,1.0,0,3.0,0,1.0,0.0,0.0
1268,1269,360.5,1.0,0.0,1.0,1.0,1.0,0.0,0.0,1.0,0,3.0,0,0.0,0.0,1.0
1269,1270,360.0,1.0,1.0,0.0,1.0,0.0,0.0,0.0,1.0,0,3.0,0,1.0,1.0,0.0
1270,1271,343.4,1.0,0.0,1.0,1.0,1.0,0.0,0.0,1.0,0,3.0,0,1.0,1.0,0.0
1271,1272,366.8,1.0,0.0,1.0,1.0,1.0,0.0,0.0,1.0,0,3.0,0,1.0,1.0,0.0
1272,1273,422.3,0.0,0.0,0.0,1.0,0.0,0.0,0.0,1.0,0,3.0,0,0.0,1.0,-1.0
1273,1274,317.7,0.0,0.0,0.0,1.0,0.0,0.0,0.0,1.0,0,3.0,0,1.0,0.0,0.0
1274,1275,341.2,1.0,0.0,1.0,1.0,1.0,0.0,0.0,1.0,0,3.0,0,0.0,0.0,1.0
1275,1276,448.6,0.0,1.0,1.0,1.0,1.0,0.0,0.0,1.0,0,3.0,0,0.0,1.0,-1.0
1276,1277,424.0,0.0,1.0,1.0,1.0,1.0,0.0,0.0,1.0,0,3.0,0,1.0,0.0,0.0
1277,1278,435.5,0.0,0.0,0.0,1.0,0.0,0.0,0.0,1.0,0,3.0,0,1.0,0.0,0.0
1278,1279,423.0,1.0,0.0,1.0,1.0,1.0,0.0,0.0,1.0,0,3.0,0,0.0,0.0,1.0
1279,1280,282.3,1.0,0.0,1.0,1.0,1.0,0.0,0.0,1.0,0,3.0,0,1.0,1.0,0.0
1280,1281,297.8,1.0,0.0,1.0,1.0,1.0,0.0,0.0,1.0,0,3.0,0,1.0,1.0,0.0
1281,1282,369.3,0.0,0.0,0.0,1.0,0.0,0.0,0.0,1.0,0,3.0,0,0.0,1.0,-1.0
1282,1283,348.7,0.0,1.0,1.0,1.0,1.0,0.0,0.0,1.0,0,3.0,0,1.0,0.0,0.0
1283,1284,472.1,1.0,1.0,0.0,1.0,0.0,0.0,0.0,1.0,0,3.0,0,0.0,0.0,1.0
1284,1285,531.5,0.0,0.0,0.0,1.0,0.0,0.0,0.0,1.0,0,3.0,0,0.0,1.0,-1.0
1285,1286,395.0,0.0,0.0,0.0,1.0,0.0,0.0,0.0,1.0,0,3.0,0,1.0,0.0,0.0
1286,1287,350.5,1.0,1.0,0.0,1.0,0.0,0.0,0.0,1.0,0,3.0,0,0.0,0.0,1.0
1287,1288,297.8,1.0,1.0,0.0,1.0,0.0,0.0,0.0,1.0,0,3.0,0,1.0,1.0,0.0
1288,1289,301.3,1.0,1.0,0.0,1.0,0.0,0.0,0.0,1.0,0,3.0,0,1.0,1.0,0.0
1289,1290,320.7,1.0,1.0,0.0,1.0,0.0,0.0,0.0,1.0,0,3.0,0,1.0,1.0,0.0
1290,1291,412.2,0.0,1.0,1.0,1.0,1.0,0.0,0.0,1.0,0,3.0,0,0.0,1.0,-1.0
1291,1292,367.6,0.0,1.0,1.0,1.0,1.0,0.0,0.0,1.0,0,3.0,0,1.0,0.0,0.0
1292,1293,451.0,0.0,0.0,0.0,1.0,0.0,0.0,0.0,1.0,0,3.0,0,1.0,0.0,0.0
1293,1294,342.4,1.0,1.0,0.0,1.0,0.0,0.0,0.0,1.0,0,3.0,0,0.0,0.0,1.0
1294,1295,325.9,0.0,0.0,0.0,1.0,0.0,0.0,0.0,1.0,0,3.0,0,0.0,1.0,-1.0
1295,1296,345.3,0.0,0.0,0.0,1.0,0.0,0.0,0.0,1.0,0,3.0,0,1.0,0.0,0.0
